"state_code","district_code","social_group_code","class_category_code","tnoh","tauh","woandsoh_noh","woandsoh_aoh","wlh_noh","wlh_auh","wotherwiseoh_noh","wotherwiseoh_auh","poplandpotherwiseo_noh","poplandpotherwiseo_auo","poplandpotherwiseo_aul","poplandpotherwiseo_auotho","poplandpotherwiseo_tauh","poplandpotherwiseo_for_fm","poplandpotherwiseo_for_fp","poplandpotherwiseo_for_sop","poplandpotherwiseo_for_um","poplandpotherwiseo_for_ot","poplandpotherwiseo_for_total","wl_for_fm","wl_for_fp","wl_for_sop","wl_for_um","wl_for_ot","wl_for_total","nsa","aucf","nac","aulefl","fothtcf","cwl","tul","lnotaforc","nowih","auwirrigatedh","nowunirrigatedh","auwunirrigatedh","nopih","aupih","aupihirrigated","nohrirrigation","netauhrirrigation","noh_canalirri","auh_canalirri","noh_tanksirri","auh_tanksirri","noh_wellsirri","auh_wellsirri","noh_tubewellsirri","auh_tubewellsirri","noh_othirri","auh_othirri","exnohrirri","nia","nowinusewelecps","nowinusewdiselps","tnowinusewps","tnowinusewopst","nownotinuse","tubewellselec","tubewellsdisel","tubewellstotal","noh_woresideinvor","auh_woresideinvor","noh_woresidepinvorandpinovtor","aoh_woresidepinvorandpinovtor","noh_woresideoutsidevortor","aoh_woresideoutsidevortor","noh_woresideoutsidetor","aoh_woresideoutsidetor","gca_irrigated","gca_unirrigated","gca_total","noh_individual","noh_joint","noh_institutional","auh_individual","auh_joint","auh_institutional"
28,532,1,1,42220,18980.76,42184,18960.52,22,11.4,4,2.19,10,4.02,2.63,0,6.65,0.16,2.47,0,0,0,2.63,11.4,0,0,0,0,11.4,17374.41,1598.97,18973.38,1.66,3.39,1.64,6.69,0.69,11755,4932.32,26365,12177.88,409,264.21,138.85,12164,5071.17,1691,769.52,4943,1639.26,2453,1142.14,2778,1339.2,436,181.05,12164,5071.17,3809,62,3871,0,0,3662,194,3856,38059,17072.13,75,51.87,4068,1845.88,18,10.88,5075.08,12425.98,17501.06,41979,241,0,18871.71,109.05,0
28,532,1,2,16818,23748.36,16782,23692.75,8,9.22,3,3.52,25,26.08,16.79,0,42.87,16.34,0,0,0,0.45,16.79,2.98,0,6.24,0,0,9.22,21018.38,2674.64,23693.02,23.28,17.6,14.27,55.15,0.19,2412,3093.54,12709,16674.73,872,1250.11,579.04,3284,3672.58,442,444.18,831,766.87,651,669.82,1368,1684.07,139,107.64,3284,3672.58,1017,16,1033,8,4,1900,49,1949,14873,20962.05,144,201,1786,2568.91,15,16.4,3677.26,17536.04,21213.3,16718,100,0,23602.39,145.97,0
28,532,1,3,11171,28155.9,11087,27908.69,6,18.14,3,6.94,75,153.35,68.78,0,222.13,55.64,2.02,11.12,0,0,68.78,17.24,0.9,0,0,0,18.14,23986.33,3865.15,27851.48,35.39,128.18,30.61,194.18,110.24,828,1783.68,8470,18978,1294,3224.65,1376.76,2122,3160.44,156,187.97,683,673.3,406,493.41,1008,1661.38,98,144.38,2122,3160.44,514,0,514,12,20,1291,15,1306,9720,24522.49,181,449.78,1263,3161.95,7,21.68,3164.07,20993.12,24157.19,11086,85,0,27930.31,225.59,0
28,532,1,4,2914,16194.58,2736,15147.86,0,0,2,7.4,176,706.21,333.11,0,1039.32,269.66,14.02,31.52,0,17.91,333.11,0,0,0,0,0,0,11864.51,3558.96,15423.47,65.19,273.69,34.13,373.01,398.1,148,428.38,2001,8678.76,619,2757.37,1116.22,767,1544.6,44,70.97,235,359.88,183,280.77,331,711.55,97,121.43,767,1544.6,213,3,216,0,0,493,9,502,2426,13436.55,135,749.21,344,1972.08,9,36.74,1544.67,10379.54,11924.21,2878,36,0,15979.5,215.08,0
28,532,1,5,237,3347.69,237,3347.69,0,0,0,0,0,0,0,0,0,0,0,0,0,0,0,0,0,0,0,0,0,1701.94,1117.85,2819.79,56.02,177.24,4.88,238.14,289.76,7,28.53,171,1298.29,44,375.12,159.99,51,188.52,3,8,18,34.1,22,47.12,16,70.77,7,28.53,51,188.52,26,0,26,0,0,31,0,31,207,2991.06,11,130.7,19,225.93,0,0,188.52,1519.79,1708.31,235,2,0,3262.24,85.45,0
28,532,2,1,33187,17652.64,33179,17648.01,0,0,0,0,8,3.56,1.07,0,4.63,1.07,0,0,0,0,1.07,0,0,0,0,0,0,16944.07,681.47,17625.54,0.32,9.74,0.45,10.51,16.59,5460,2475.43,26114,14322.65,212,145.99,74.48,5672,2549.91,755,326.86,2130,761.48,1109,576.54,1290,711.57,422,173.46,5672,2549.91,1545,33,1578,123,44,1640,92,1732,31311,16621.26,63,35.64,1813,995.74,0,0,2551.25,14495.65,17046.9,33131,56,0,17632.04,20.6,0
28,532,2,2,27403,39329.17,27385,39296.87,0,0,9,17.39,9,7.65,7.26,0,14.91,6.67,0.59,0,0,0,7.26,0,0,0,0,0,0,37474.73,1806.37,39281.1,10.88,17.48,0.89,29.25,18.82,1419,1730.54,24697,34737.52,695,1006.67,419.52,2114,2150.06,306,273.76,418,401.22,517,462.23,736,857.97,227,154.88,2114,2150.06,822,6,828,4,0,1048,14,1062,25793,37009.62,275,382.59,1249,1815.26,86,121.7,2150.15,35562.1,37712.25,27381,22,0,39297.64,31.53,0
28,532,2,3,26144,67290.24,26102,67170.27,8,25.8,7,20.35,27,51.7,22.12,0,73.82,21.99,0,0,0,0.13,22.12,19.07,3.72,3.01,0,0,25.8,63223.04,3788.49,67011.53,57.82,106.72,21.2,185.74,92.97,493,1053.43,24210,59610.81,1032,2558.8,1153.77,1525,2207.2,201,207.31,407,471.2,387,466.23,607,885.49,171,176.97,1525,2207.2,489,4,493,0,0,899,1,900,24969,64234.34,256,731.49,919,2324.41,0,0,2207.29,61205.84,63413.13,26127,17,0,67243.58,46.66,0
28,532,2,4,8133,43502.17,8073,43140.23,1,6.68,0,0,59,240.53,114.73,0,355.26,88.25,15.62,10.27,0.22,0.37,114.73,5.04,1.64,0,0,0,6.68,38886.07,3565.16,42451.23,211.73,318.71,48.82,579.26,471.68,105,309.24,7503,36513.12,438,2063.71,753.15,543,1062.39,48,79.88,124,227.64,149,196.41,266,458.39,65,100.07,543,1062.39,169,0,169,0,4,383,1,384,7614,40887.34,120,659.14,399,1955.69,0,0,1062.44,37977.76,39040.2,8126,7,0,43457.42,44.75,0
28,532,2,5,479,6833.27,463,6616.92,0,0,0,0,16,101.92,114.43,0,216.35,60.33,3.2,50.5,0,0.4,114.43,0,0,0,0,0,0,4587.55,1278.39,5865.94,135.1,305.91,30.58,471.59,495.74,14,43.92,420,4152.98,33,390.65,110.75,47,154.67,0,0,14,27.43,9,12.29,24,71.03,14,43.92,47,154.67,9,0,9,0,4,43,0,43,442,6370.76,13,161.89,24,300.62,0,0,154.68,4433.01,4587.69,477,2,0,6808.54,24.73,0
28,532,3,1,140356,63045.18,140314,63025.07,25,8.64,5,2.14,12,5.81,2.73,0.79,9.33,2.73,0,0,0,0,2.73,8.27,0,0.29,0.08,0,8.64,58143.45,4866.2,63009.65,16.26,10.35,3.78,30.39,5.14,40659,17571.54,87027,39822.47,1088,749.44,400.78,41747,17972.32,7193,3613.52,18628,6076.01,7124,3647.06,8126,4119.69,1119,516.04,41747,17972.32,10304,29,10333,12,32,12792,73,12865,125916,56019.33,337,219.83,13820,6651.21,283,154.81,17988.7,40679.68,58668.38,139855,501,0,62843.08,202.1,0
28,532,3,2,74074,106596.73,73969,106433.92,21,30.31,8,12.9,76,84.22,35.38,0,119.6,35.38,0,0,0,0,35.38,20.8,0,0,0,9.51,30.31,95205.45,11135.81,106341.26,124.55,65.17,49.7,239.42,16.05,12474,16289.23,55060,74779.23,2893,4136.99,2083.67,15367,18372.9,2746,3004.22,3306,3244.08,4131,4365.93,5750,7370,470,388.67,15367,18372.9,5847,79,5926,0,16,8469,44,8513,65256,93912.47,515,768.71,7981,11435.34,322,480.21,18389.71,77784.68,96174.39,73895,179,0,106335.87,260.86,0
28,532,3,3,51119,133524.88,50858,132685.43,20,59.65,5,14.96,236,555.34,199.16,10.34,764.84,155.8,15.32,15.43,0,12.61,199.16,50.92,5.88,0,0,2.85,59.65,115148.27,17631.67,132779.94,285.06,354.58,85.11,724.75,20.19,5264,12276.58,37143,86337.75,6595,16533.94,7215.75,11859,19492.33,1382,1863.24,2857,3458.65,2977,3865.86,6066,9743.66,493,560.92,11859,19492.33,3787,33,3820,7,57,8204,94,8298,44713,116965.07,840,2405.99,5357,13568.43,209,585.39,19510.97,96567.46,116078.43,50918,201,0,132964.99,559.89,0
28,532,3,4,17949,102018.57,17267,97844.36,20,113.74,8,52.08,654,2561.79,1319.27,127.33,4008.39,870.58,75.04,286.05,2.31,85.29,1319.27,68.79,19.16,24.84,0,0.95,113.74,81473.43,18784.23,100257.66,565.47,799.68,210.24,1575.39,185.52,1255,5915.85,11822,56847.26,4138,18710.32,7114.94,5393,13030.79,514,955.54,1312,2634.15,1600,2608.41,2947,6507.91,211,324.78,5393,13030.79,2134,6,2140,7,36,4922,23,4945,15732,89340.84,627,3812.46,1460,8076.59,130,788.68,13033.9,69079.24,82113.14,17849,100,0,101420.86,597.71,0
28,532,3,5,1934,29770.04,1800,27709.56,0,0,0,0,134,1369.02,633.46,58,2060.48,385.03,49.68,157.96,0.68,40.11,633.46,0,0,0,0,0,0,18197.95,9118.17,27316.12,417.95,975.2,219.75,1612.9,841.02,126,1063.32,1175,11858.96,512,5275.67,1927.18,638,2990.5,72,198.19,211,747.75,238,513.59,305,1197.72,82,333.25,638,2990.5,346,0,346,0,4,660,2,662,1699,26182.13,87,1279.58,113,1860.97,35,447.36,2992.8,15369.01,18361.81,1912,22,0,29194.09,575.95,0
28,532,4,1,25,9.54,25,9.54,0,0,0,0,0,0,0,0,0,0,0,0,0,0,0,0,0,0,0,0,0,3.08,3.28,6.36,0,1.04,0,1.04,2.14,9,0.71,16,2.37,0,0,0,9,0.71,0,0,0,0,0,0,0,0,9,0.71,9,0.71,0,0,0,0,0,0,0,0,25,9.54,0,0,0,0,0,0,0.71,2.39,3.1,0,0,25,0,0,9.54
28,532,4,2,10,14.54,10,14.54,0,0,0,0,0,0,0,0,0,0,0,0,0,0,0,0,0,0,0,0,0,8.85,2.99,11.84,0,0.87,0,0.87,1.83,4,1.26,5,5.6,1,1.99,0.38,5,1.64,0,0,0,0,0,0,1,0.38,4,1.26,5,1.64,0,0,0,0,0,1,0,1,10,14.54,0,0,0,0,0,0,1.64,7.51,9.15,0,0,10,0,0,14.54
28,532,4,3,11,29.52,11,29.52,0,0,0,0,0,0,0,0,0,0,0,0,0,0,0,0,0,0,0,0,0,16.91,7.15,24.06,0,1.76,0,1.76,3.7,1,0.59,9,13.08,1,3.24,0.81,2,1.4,0,0,0,0,0,0,1,0.81,1,0.59,2,1.4,3,0,3,0,0,4,0,4,11,29.52,0,0,0,0,0,0,1.4,15.51,16.91,0,0,11,0,0,29.52
28,532,4,4,16,94.59,16,94.59,0,0,0,0,0,0,0,0,0,0,0,0,0,0,0,0,0,0,0,0,0,72.97,12.34,85.31,0,2.96,0,2.96,6.32,5,28.79,11,44.18,0,0,0,5,28.79,0,0,0,0,0,0,5,28.79,0,0,5,28.79,11,0,11,0,0,11,0,11,16,94.59,0,0,0,0,0,0,28.79,44.18,72.97,0,0,16,0,0,94.59
28,532,4,5,11,357.94,10,320.42,0,0,0,0,1,32.37,5.15,0,37.52,4.86,0.29,0,0,0,5.15,0,0,0,0,0,0,116.9,120.43,237.33,4.05,37.53,1.21,42.79,77.82,0,0,9,78.45,2,38.45,6.07,2,6.07,0,0,0,0,1,2.02,1,4.05,0,0,2,6.07,2,0,2,0,0,1,0,1,11,357.94,0,0,0,0,0,0,6.07,110.85,116.92,0,0,11,0,0,357.94
28,533,1,1,49089,21497.29,49089,21497.29,0,0,0,0,0,0,0,0,0,0,0,0,0,0,0,0,0,0,0,0,0,14433.68,6925.22,21358.9,4.35,67.08,5.35,76.78,61.61,23241,9860.31,8848,4186.21,625,387.16,194.97,23866,10055.28,6768,2273.4,4974,1510.22,435,183,10149,5216.28,2519,872.38,23866,10055.28,344,6,350,0,23,7389,19,7408,44005,19222.78,359,209.56,4725,2064.95,0,0,13269.83,5536.89,18806.72,49089,0,0,21497.29,0,0
28,533,1,2,10892,14580.39,10892,14580.39,0,0,0,0,0,0,0,0,0,0,0,0,0,0,0,0,0,0,0,0,0,10810.08,3553.65,14363.73,2.26,148.05,19.47,169.78,46.88,6259,7121.66,2276,2751.33,764,937.09,516.9,7023,7638.56,934,794.4,797,435.43,250,171.63,5556,5992.3,324,244.8,7023,7638.56,245,0,245,0,21,5614,0,5614,10006,13374.43,217,293.35,669,912.61,0,0,10668.67,4092.38,14761.05,10892,0,0,14580.39,0,0
28,533,1,3,2332,5792.9,2332,5792.9,0,0,0,0,0,0,0,0,0,0,0,0,0,0,0,0,0,0,0,0,0,4099.11,1433.47,5532.58,4.18,111.37,24.59,140.14,120.18,1067,2030.37,629,1335.43,378,733.31,385.56,1445,2415.93,125,172.78,135,115.34,115,83.21,1115,1945.94,137,98.66,1445,2415.93,115,0,115,0,11,1544,0,1544,2155,5344.51,23,62.66,154,385.73,0,0,3329.1,2095.87,5424.97,2332,0,0,5792.9,0,0
28,533,1,4,214,1093.08,214,1093.08,0,0,0,0,0,0,0,0,0,0,0,0,0,0,0,0,0,0,0,0,0,394.91,475.89,870.8,2.7,76.45,3.7,82.85,139.43,75,131.04,79,162.76,29,101.11,47.87,104,178.91,1,2.74,3,7.79,2,2.02,52,110.83,50,55.53,104,178.91,2,0,2,0,0,76,0,76,179,926.97,8,40.21,27,125.9,0,0,212.73,274.48,487.21,214,0,0,1093.08,0,0
28,533,1,5,8,110.98,8,110.98,0,0,0,0,0,0,0,0,0,0,0,0,0,0,0,0,0,0,0,0,0,42.74,52.76,95.5,0,4.96,0,4.96,10.52,3,7.74,0,0,4,35,14.81,7,22.55,0,0,0,0,0,0,4,14.81,3,7.74,7,22.55,0,0,0,0,0,6,0,6,8,110.98,0,0,0,0,0,0,22.56,30.01,52.57,8,0,0,110.98,0,0
28,533,2,1,24845,12835.75,24845,12835.75,0,0,0,0,0,0,0,0,0,0,0,0,0,0,0,0,0,0,0,0,0,8985.12,3720.91,12706.03,2.49,35.47,7.06,45.02,84.7,12901,6476.05,4601,2374,228,135.07,63.23,13129,6539.28,2944,1142.15,2564,990.77,301,162.12,6339,3753.33,1198,490.91,13129,6539.28,223,0,223,0,9,5540,0,5540,22944,11820.18,25,17.22,1876,998.35,0,0,8357.54,2830.56,11188.1,24845,0,0,12835.75,0,0
28,533,2,2,10059,13563.47,10059,13563.47,0,0,0,0,0,0,0,0,0,0,0,0,0,0,0,0,0,0,0,0,0,10578.05,2725.33,13303.38,21.46,77.8,53.96,153.22,106.87,5910,7029.96,2073,2442.24,829,1105.85,616.33,6739,7646.29,450,450.9,684,488.95,384,366.55,5440,6221,184,118.89,6739,7646.29,410,9,419,0,14,5873,9,5882,9279,12506.92,60,83.33,720,973.22,0,0,10084.97,3371.38,13456.35,10059,0,0,13563.47,0,0
28,533,2,3,2431,5958.65,2431,5958.65,0,0,0,0,0,0,0,0,0,0,0,0,0,0,0,0,0,0,0,0,0,4149.53,1434.37,5583.9,29.68,127.85,32.94,190.47,184.28,1046,1973.44,565,1161.5,513,1014.59,578.79,1559,2552.23,102,114.89,133,120.22,103,121.94,1213,2071.32,186,123.86,1559,2552.23,106,0,106,0,5,1538,0,1538,2298,5627.55,17,42.18,116,288.92,0,0,3336.34,1919.33,5255.67,2431,0,0,5958.65,0,0
28,533,2,4,271,1447.82,271,1447.82,0,0,0,0,0,0,0,0,0,0,0,0,0,0,0,0,0,0,0,0,0,666.14,427.52,1093.66,20.63,116.77,19.12,156.52,197.64,120,227.98,102,294.26,38,143.9,44.21,158,272.19,6,25.78,15,23.79,19,46.81,47,85.56,81,90.25,158,272.19,27,0,27,0,8,67,0,67,259,1394.64,0,0,12,53.18,0,0,311.21,477.63,788.84,271,0,0,1447.82,0,0
28,533,2,5,26,569.92,26,569.92,0,0,0,0,0,0,0,0,0,0,0,0,0,0,0,0,0,0,0,0,0,199.84,213.62,413.46,0,52.85,0,52.85,103.61,6,35.62,10,43.37,10,120.85,44.94,16,80.56,0,0,1,4.05,9,40.89,0,0,6,35.62,16,80.56,0,0,0,0,0,18,0,18,26,569.92,0,0,0,0,0,0,80.57,124.55,205.12,26,0,0,569.92,0,0
28,533,3,1,215912,98600.95,215908,98599.95,0,0,4,1,0,0,0,0,0,0,0,0,0,0,0,0,0,0,0,0,0,69490.27,28463.87,97954.14,8.45,240.25,30.51,279.21,367.6,110852,50671.75,34265,16980.95,2721,1837.57,919.64,113573,51591.39,34529,13739.45,28117,9454.01,1975,886.45,43651,24203.3,8641,3308.18,113573,51591.39,1531,12,1543,0,133,34861,18,34879,190882,86808.63,1416,882.46,23372,10779.3,242,130.56,68329.59,23517.72,91847.31,215912,0,0,98600.95,0,0
28,533,3,2,80444,112390.35,80444,112390.35,0,0,0,0,0,0,0,0,0,0,0,0,0,0,0,0,0,0,0,0,0,88227.33,22529.73,110757.06,74.81,914.38,163.46,1152.65,480.64,49325,60788.08,15598,19707.28,5934,7731.97,4161.57,55259,64949.65,9234,10116.22,5911,4047.75,1579,1271.82,41284,48000.27,1619,1513.59,55259,64949.65,1529,17,1546,0,280,43057,31,43088,70298,98305.18,1274,1814.87,8664,11980.57,208,289.73,89267.34,30645.05,119912.39,80444,0,0,112390.35,0,0
28,533,3,3,30922,81544.27,30922,81544.27,0,0,0,0,0,0,0,0,0,0,0,0,0,0,0,0,0,0,0,0,0,61610.85,17819.41,79430.26,166.04,1114.36,299.8,1580.2,533.81,16790,37007.45,5939,13878.58,4941,10724.82,5793.85,21731,42801.3,3713,7222.84,2440,2249.73,1117,1065.04,16922,31464.19,649,799.5,21731,42801.3,1242,11,1253,0,96,23313,43,23356,26753,70653.43,919,2470.5,3228,8363.99,22,56.35,58130.11,24095.31,82225.42,30922,0,0,81544.27,0,0
28,533,3,4,7226,39751.21,7226,39751.21,0,0,0,0,0,0,0,0,0,0,0,0,0,0,0,0,0,0,0,0,0,25704.47,12503.68,38208.15,137.11,705.8,171.48,1014.39,528.67,3271,13506.2,1383,6089.79,1479,6108.48,3109.62,4750,16615.82,978,3726.4,621,764.9,259,238.96,3625,11424.55,265,461.01,4750,16615.82,296,0,296,0,13,6765,0,6765,6309,34908.69,271,1437.38,646,3405.14,0,0,22450.43,11938.59,34389.02,7226,0,0,39751.21,0,0
28,533,3,5,461,7833.12,461,7833.12,0,0,0,0,0,0,0,0,0,0,0,0,0,0,0,0,0,0,0,0,0,2702.92,4424.67,7127.59,13.1,294.82,15.7,323.62,381.91,214,1261.05,65,498.34,102,943.53,458.42,316,1719.47,25,232.38,30,47.5,30,50.31,224,1183.84,73,205.44,316,1719.47,36,0,36,0,0,511,0,511,430,7424.95,9,122.12,22,286.05,0,0,2253.99,1139.53,3393.52,461,0,0,7833.12,0,0
28,533,4,1,20,8.37,20,8.37,0,0,0,0,0,0,0,0,0,0,0,0,0,0,0,0,0,0,0,0,0,2.98,3.28,6.26,0,0.68,0,0.68,1.43,13,2.76,3,0.22,0,0,0,13,2.76,4,1.12,0,0,0,0,1,0.81,8,0.83,13,2.76,0,0,0,0,0,1,0,1,20,8.37,0,0,0,0,0,0,3.89,0.23,4.12,0,0,20,0,0,8.37
28,533,4,2,7,9.04,7,9.04,0,0,0,0,0,0,0,0,0,0,0,0,0,0,0,0,0,0,0,0,0,2.71,4.61,7.32,0,0.55,0,0.55,1.17,3,1.37,2,1.34,0,0,0,3,1.37,0,0,0,0,0,0,1,0.81,2,0.56,3,1.37,0,0,0,0,0,0,0,0,7,9.04,0,0,0,0,0,0,1.37,1.34,2.71,0,0,7,0,0,9.04
28,533,4,3,8,19.79,8,19.79,0,0,0,0,0,0,0,0,0,0,0,0,0,0,0,0,0,0,0,0,0,5.29,8.57,13.86,0,1.9,0,1.9,4.03,6,4.74,1,0.55,0,0,0,6,4.74,1,2.34,0,0,0,0,0,0,5,2.4,6,4.74,0,0,0,0,0,0,0,0,8,19.79,0,0,0,0,0,0,7.09,0.55,7.64,0,0,8,0,0,19.79
28,533,4,4,5,26.88,5,26.88,0,0,0,0,0,0,0,0,0,0,0,0,0,0,0,0,0,0,0,0,0,5.36,10.76,16.12,0,3.44,0,3.44,7.32,5,5.36,0,0,0,0,0,5,5.36,0,0,0,0,0,0,0,0,5,5.36,5,5.36,0,0,0,0,0,0,0,0,5,26.88,0,0,0,0,0,0,5.37,0,5.37,0,0,5,0,0,26.88
28,533,4,5,10,527.54,10,527.54,0,0,0,0,0,0,0,0,0,0,0,0,0,0,0,0,0,0,0,0,0,58.73,341.74,400.47,0,54.37,0,54.37,72.7,6,45.69,2,13.04,0,0,0,6,45.69,0,0,0,0,0,0,2,5.27,4,40.42,6,45.69,0,0,0,0,1,3,0,3,10,527.54,0,0,0,0,0,0,45.69,13.04,58.73,0,0,10,0,0,527.54
28,534,1,1,80242,31672.72,80242,31672.72,0,0,0,0,0,0,0,0,0,0,0,0,0,0,0,0,0,0,0,0,0,24620.3,7030.63,31650.93,4.35,8.27,8.01,20.63,1.16,30658,13705.16,22939,10543.15,689,371.99,214.43,31347,13919.59,5683,2255.09,3543,1042.8,21332,10119.01,1288,450.64,199,52.05,31347,13919.59,14899,182,15081,420,31,867,6,873,77205,30411.69,209,143.4,2828,1117.63,0,0,15931.39,10904.33,26835.72,80242,0,0,31672.72,0,0
28,534,1,2,13933,18846.76,13929,18839.04,0,0,4,7.72,0,0,0,0,0,0,0,0,0,0,0,0,0,0,0,0,0,16928.54,1880.2,18808.74,0.54,29.84,0.41,30.79,7.23,7913,10418.15,4641,5678.33,646,832.06,474.92,8559,10893.07,1042,1259.08,473,433.89,6915,8705.4,452,477.38,29,17.32,8559,10893.07,5495,60,5555,156,12,505,10,515,13339,18006.28,232,338.29,362,502.19,0,0,11952.96,6199.85,18152.81,13933,0,0,18846.76,0,0
28,534,1,3,3613,9272.89,3613,9272.89,0,0,0,0,0,0,0,0,0,0,0,0,0,0,0,0,0,0,0,0,0,7841.06,1243.24,9084.3,0.34,65.44,0.48,66.26,122.33,2459,5686.91,755,1527.84,287,626.31,341.89,2746,6028.8,342,716.85,200,298.4,2049,4519.43,218,382.34,112,111.78,2746,6028.8,2060,11,2071,59,3,262,0,262,3414,8771.17,91,237.15,108,264.57,0,0,6426.34,1824.26,8250.6,3613,0,0,9272.89,0,0
28,534,1,4,501,2643.98,501,2643.98,0,0,0,0,0,0,0,0,0,0,0,0,0,0,0,0,0,0,0,0,0,1656.25,612.41,2268.66,0,120.22,0,120.22,255.1,336,1162.23,113,285.12,47,208.9,143.81,383,1306.04,16,68.29,11,21.75,221,951.5,23,57.69,118,206.81,383,1306.04,342,0,342,0,0,28,0,28,494,2599.22,0,0,7,44.76,0,0,1336.67,352.68,1689.35,501,0,0,2643.98,0,0
28,534,1,5,29,388.65,29,388.65,0,0,0,0,0,0,0,0,0,0,0,0,0,0,0,0,0,0,0,0,0,177.98,133.28,311.26,0,24.77,0,24.77,52.62,17,123.34,10,54.64,0,0,0,17,123.34,2,11.78,0,0,10,82.99,0,0,7,28.57,17,123.34,21,0,21,0,0,0,0,0,29,388.65,0,0,0,0,0,0,135.96,54.66,190.62,29,0,0,388.65,0,0
28,534,2,1,13904,6303.25,13904,6303.25,0,0,0,0,0,0,0,0,0,0,0,0,0,0,0,0,0,0,0,0,0,4755.41,1408.88,6164.29,0,45.07,0,45.07,93.89,6419,2904.9,3570,1781.27,187,69.24,40.71,6606,2945.61,196,74.78,757,293.74,4723,2383.1,374,86.56,609,107.43,6606,2945.61,2932,0,2932,0,4,284,0,284,13124,5958.24,48,28.91,732,316.1,0,0,3056.94,1847.21,4904.15,13904,0,0,6303.25,0,0
28,534,2,2,4392,6094.16,4392,6094.16,0,0,0,0,0,0,0,0,0,0,0,0,0,0,0,0,0,0,0,0,0,4670.22,1107.02,5777.24,0,102,0,102,214.92,2574,2994.83,1470,1505.43,140,169.96,100.41,2714,3095.24,74,90.36,127,152.22,2101,2627.39,155,109.1,271,116.17,2714,3095.24,1272,4,1276,0,0,184,0,184,4132,5757.87,38,48.67,222,287.62,0,0,3215.76,1590.24,4806,4392,0,0,6094.16,0,0
28,534,2,3,1508,3957.46,1508,3957.46,0,0,0,0,0,0,0,0,0,0,0,0,0,0,0,0,0,0,0,0,0,2948.34,751.56,3699.9,0,82.61,0,82.61,174.95,1059,2308.17,325,540.25,61,99.92,65.42,1120,2373.59,29,70.91,13,27.66,885,2059.28,65,99.16,136,116.58,1120,2373.59,592,0,592,0,7,66,0,66,1433,3753.22,55,153.11,20,51.13,0,0,2408.36,592.4,3000.76,1508,0,0,3957.46,0,0
28,534,2,4,294,1591.1,294,1591.1,0,0,0,0,0,0,0,0,0,0,0,0,0,0,0,0,0,0,0,0,0,828.56,529.37,1357.93,0,74.68,0,74.68,158.49,228,713.8,46,100.93,3,13.83,5.36,231,719.16,0,0,0,0,149,571.45,2,7.79,80,139.92,231,719.16,97,0,97,0,0,0,0,0,278,1523.28,16,67.82,0,0,0,0,719.2,110.72,829.92,294,0,0,1591.1,0,0
28,534,2,5,15,212.97,15,212.97,0,0,0,0,0,0,0,0,0,0,0,0,0,0,0,0,0,0,0,0,0,115.52,59.85,175.37,0,12.04,0,12.04,25.56,11,96.25,4,19.27,0,0,0,11,96.25,0,0,0,0,3,14.85,5,66.87,3,14.53,11,96.25,8,0,8,0,0,5,0,5,15,212.97,0,0,0,0,0,0,96.25,19.28,115.53,15,0,0,212.97,0,0
28,534,3,1,302838,135458.92,302819,135454.42,5,4.1,14,0.4,0,0,0,0,0,0,0,0,0,0,0,4.1,0,0,0,0,4.1,109406.05,25891.8,135297.85,29.67,108.84,6.6,145.11,15.96,132832,66478.77,80442,40653.95,3880,2273.33,1356.62,136712,67835.39,23852,10858.34,14303,5049.88,94184,48607.1,7139,3127.38,643,192.69,136712,67835.39,69389,617,70006,1801,69,4599,117,4716,286737,127908.31,722,503.83,15375,7044.68,4,2.1,77521.83,42435.31,119957.14,302837,1,0,135458.26,0.66,0
28,534,3,2,109105,153474.61,109087,153450.06,0,0,18,24.55,0,0,0,0,0,0,0,0,0,0,0,0,0,0,0,0,0,135334.8,17794.54,153129.34,58.21,218.85,18.19,295.25,50.02,66101,89181.47,29638,38225.05,6074,7928.28,4483.53,72175,93665,9603,11825.84,3797,3681.12,57857,73881.44,3856,4115.39,214,161.21,72175,93665,45870,621,46491,1473,53,3252,17,3269,102950,144824.38,1184,1687.78,4966,6952.4,5,10.05,105167.26,42612.62,147779.88,109105,0,0,153474.61,0,0
28,534,3,3,52199,140292.39,52199,140292.39,0,0,0,0,0,0,0,0,0,0,0,0,0,0,0,0,0,0,0,0,0,121067.25,18661.19,139728.44,93.02,359.89,38.48,491.39,72.56,34842,87664.09,8761,20271.76,5674,13131.4,7360.63,40516,95024.72,5174,10884.81,1912,2887.02,33546,76795.22,2735,4275.67,150,182,40516,95024.72,32702,273,32975,851,80,2910,61,2971,48920,131304.99,1120,3150.41,2159,5836.99,0,0,104076.05,26806.95,130883,52199,0,0,140292.39,0,0
28,534,3,4,15533,86541.48,15524,86500.12,0,0,9,41.36,0,0,0,0,0,0,0,0,0,0,0,0,0,0,0,0,0,68243.13,17361.35,85604.48,134.1,553.78,49.16,737.04,199.96,9678,47462.38,1980,8716.92,2817,12063.83,7661.85,12495,55124.23,1642,5571.68,936,2077.29,10538,44705.17,1179,2553.91,141,216.18,12495,55124.23,14401,98,14499,319,113,1153,0,1153,14401,80366.99,508,2658.53,624,3515.96,0,0,59725.67,13770.79,73496.46,15533,0,0,86541.48,0,0
28,534,3,5,1634,26209.33,1634,26209.33,0,0,0,0,0,0,0,0,0,0,0,0,0,0,0,0,0,0,0,0,0,14962.79,9013.44,23976.23,55.83,769.16,27.82,852.81,1380.29,1058,10499.23,227,2348.7,232,2114.86,1338.27,1290,11837.5,115,676.39,121,262,970,9308.15,85,256.05,204,1334.91,1290,11837.5,2089,26,2115,30,29,154,0,154,1530,24893.82,39,474.5,65,841.01,0,0,12608.89,3155.51,15764.4,1634,0,0,26209.33,0,0
28,534,4,1,15,7.09,15,7.09,0,0,0,0,0,0,0,0,0,0,0,0,0,0,0,0,0,0,0,0,0,4.32,1.39,5.71,0,0.45,0,0.45,0.93,7,1.16,8,3.16,0,0,0,7,1.16,0,0,0,0,2,0.48,0,0,5,0.68,7,1.16,2,0,2,0,0,0,0,0,15,7.09,0,0,0,0,0,0,1.17,3.17,4.34,0,0,15,0,0,7.09
28,534,4,2,3,4.27,3,4.27,0,0,0,0,0,0,0,0,0,0,0,0,0,0,0,0,0,0,0,0,0,1.33,1.48,2.81,0,0.47,0,0.47,0.99,1,0.32,2,1.01,0,0,0,1,0.32,0,0,0,0,0,0,0,0,1,0.32,1,0.32,0,0,0,0,0,0,0,0,3,4.27,0,0,0,0,0,0,0.32,1.01,1.33,0,0,3,0,0,4.27
28,534,4,3,8,19.32,8,19.32,0,0,0,0,0,0,0,0,0,0,0,0,0,0,0,0,0,0,0,0,0,4.97,8.82,13.79,0,1.77,0,1.77,3.76,3,2.06,4,2.91,0,0,0,3,2.06,0,0,0,0,0,0,0,0,3,2.06,3,2.06,0,0,0,0,0,0,0,0,8,19.32,0,0,0,0,0,0,2.06,2.91,4.97,0,0,8,0,0,19.32
28,534,4,4,5,32.55,5,32.55,0,0,0,0,0,0,0,0,0,0,0,0,0,0,0,0,0,0,0,0,0,16.11,8.22,24.33,0,2.64,0,2.64,5.58,2,4.32,3,11.79,0,0,0,2,4.32,0,0,0,0,0,0,0,0,2,4.32,2,4.32,0,0,0,0,0,0,0,0,5,32.55,0,0,0,0,0,0,4.33,11.8,16.13,0,0,5,0,0,32.55
28,534,4,5,6,194.05,6,194.05,0,0,0,0,0,0,0,0,0,0,0,0,0,0,0,0,0,0,0,0,0,115.88,67.97,183.85,0,3.26,0,3.26,6.94,2,9.16,0,0,2,106.72,80.04,4,89.2,2,80.04,0,0,0,0,0,0,2,9.16,4,89.2,6,0,6,0,0,0,0,0,6,194.05,0,0,0,0,0,0,89.2,26.68,115.88,0,0,6,0,0,194.05
28,535,1,1,73749,31132.58,73742,31127.14,0,0,7,5.44,0,0,0,0,0,0,0,0,0,0,0,0,0,0,0,0,0,21101.34,9486.34,30587.68,140.61,332.45,38.38,511.44,33.46,13781,5198.31,32414,14516.7,2692,1386.33,658.24,16473,5856.55,1058,269.99,3592,920.54,455,227.83,11328,4216.59,527,221.6,16473,5856.55,481,6,487,9,29,7184,19,7203,72470,30540.76,146,78.35,1129,509.96,4,3.51,6587.03,16426.8,23013.83,73749,0,0,31132.58,0,0
28,535,1,2,18371,25129.87,18371,25129.87,0,0,0,0,0,0,0,0,0,0,0,0,0,0,0,0,0,0,0,0,0,17910.62,6338.9,24249.52,127.77,601.66,83.53,812.96,67.39,3330,3050.69,10509,12271.38,2135,2588.55,1311.5,5465,4362.19,114,74.85,589,330.59,263,200.55,4656,3706.75,60,49.45,5465,4362.19,269,0,269,9,20,4318,0,4318,17742,24274.11,96,131.29,533,724.47,0,0,5086.27,14763.94,19850.21,18371,0,0,25129.87,0,0
28,535,1,3,5426,13899.17,5426,13899.17,0,0,0,0,0,0,0,0,0,0,0,0,0,0,0,0,0,0,0,0,0,9185.21,4075.07,13260.28,54.77,475.75,38.44,568.96,69.93,1110,1783.64,2566,5106.52,1066,2295.05,1198.52,2176,2982.16,40,16.42,202,119.79,197,219.67,1901,2567.3,57,58.98,2176,2982.16,216,0,216,0,29,2027,0,2027,5299,13567.7,45,128.64,82,202.83,0,0,3260.95,6799.45,10060.4,5426,0,0,13899.17,0,0
28,535,1,4,927,5064.71,927,5064.71,0,0,0,0,0,0,0,0,0,0,0,0,0,0,0,0,0,0,0,0,0,2919.45,1615.13,4534.58,6.19,306.65,2.57,315.41,214.72,109,319.66,430,1459.67,288,1140.12,592.57,397,912.23,0,0,49,46.22,60,78.64,270,701.32,44,86.05,397,912.23,90,0,90,0,3,345,0,345,908,4956.45,0,0,19,108.26,0,0,936.55,2132.81,3069.36,927,0,0,5064.71,0,0
28,535,1,5,74,1204.66,74,1204.66,0,0,0,0,0,0,0,0,0,0,0,0,0,0,0,0,0,0,0,0,0,442.52,543.44,985.96,0,70.02,0,70.02,148.68,4,22.73,42,317.83,8,101.96,13.92,12,36.65,0,0,5,1.58,0,0,3,12.34,4,22.73,12,36.65,0,0,0,0,0,3,0,3,74,1204.66,0,0,0,0,0,0,36.65,405.9,442.55,74,0,0,1204.66,0,0
28,535,2,1,17002,8404.73,16997,8402.83,0,0,5,1.9,0,0,0,0,0,0,0,0,0,0,0,0,0,0,0,0,0,5874.4,2341.89,8216.29,52.24,114.3,0,166.54,21.9,3667,1644.9,7328,3853.16,692,376.34,180.5,4359,1825.4,403,143.48,711,262.97,92,35.9,3141,1349.24,79,33.81,4359,1825.4,97,0,97,7,9,1771,11,1782,15924,7991.86,0,0,1078,412.87,0,0,2029.35,4272.25,6301.6,17002,0,0,8404.73,0,0
28,535,2,2,7909,11049.81,7909,11049.81,0,0,0,0,0,0,0,0,0,0,0,0,0,0,0,0,0,0,0,0,0,7714.21,2709.9,10424.11,69.15,462.53,1.03,532.71,92.99,2062,1856.46,4357,5043.38,691,814.37,377.38,2753,2233.84,203,119.54,319,212.17,211,128.98,2194,1773.15,0,0,2753,2233.84,211,0,211,0,0,1783,0,1783,7631,10714.01,3,4.1,275,331.7,0,0,2564.56,5774.14,8338.7,7909,0,0,11049.81,0,0
28,535,2,3,3092,7986.7,3092,7986.7,0,0,0,0,0,0,0,0,0,0,0,0,0,0,0,0,0,0,0,0,0,5393.56,1919.4,7312.96,17.91,438.07,3.49,459.47,214.27,697,974.87,1429,2976.02,718,1442.67,791.94,1415,1766.81,56,54.02,213,158.33,137,108.58,996,1316.72,144,129.16,1415,1766.81,142,0,142,0,5,981,2,983,3039,7848.39,4,10.41,49,127.9,0,0,1897.38,3837.87,5735.25,3092,0,0,7986.7,0,0
28,535,2,4,723,3992.33,723,3992.33,0,0,0,0,0,0,0,0,0,0,0,0,0,0,0,0,0,0,0,0,0,2781.68,799.07,3580.75,1.75,170.21,0,171.96,239.62,130,293.84,396,1689.73,179,798.11,318.28,309,612.12,2,0.95,15,7.65,26,31.12,205,393.99,88,178.41,309,612.12,30,0,30,0,0,235,0,235,723,3992.33,0,0,0,0,0,0,626.41,2248.82,2875.23,723,0,0,3992.33,0,0
28,535,2,5,68,958.75,68,958.75,0,0,0,0,0,0,0,0,0,0,0,0,0,0,0,0,0,0,0,0,0,514.35,313.43,827.78,0.24,47.22,0,47.46,83.51,14,65.9,44,396.53,4,51.92,20.77,18,86.67,0,0,0,0,0,0,5,21.58,13,65.09,18,86.67,0,0,0,0,0,6,0,6,68,958.75,0,0,0,0,0,0,87.07,427.71,514.78,68,0,0,958.75,0,0
28,535,3,1,280752,123687.16,280733,123679.92,0,0,19,7.24,0,0,0,0,0,0,0,0,0,0,0,0,0,0,0,0,0,81891.27,39177.44,121068.71,648.56,1684.37,156.23,2489.16,129.29,60228,24007.18,111174,52627.07,10383,5257.02,2577.82,70611,26585,6495,2116.76,14781,4056.64,1308,683.29,48341,18983.13,1689,745.18,70611,26585,2162,6,2168,170,291,30440,78,30518,273741,120400.33,375,246.44,6636,3040.39,0,0,30401.39,59034.71,89436.1,280752,0,0,123687.16,0,0
28,535,3,2,104238,146906.14,104233,146897.25,5,8.89,0,0,0,0,0,0,0,0,0,0,0,0,0,0,8.89,0,0,0,8.89,101674.72,39141.95,140816.67,1047.31,4125.63,473.05,5645.99,443.48,24302,23863.94,53371,63226.55,11640,14584.23,7374.62,35942,31238.56,1302,1059.18,3864,2118.25,1300,1192.99,31004,26534.3,389,333.84,35942,31238.56,1382,0,1382,55,113,29740,0,29740,101323,142783.96,413,637.43,2502,3484.75,0,0,35675.71,75280.99,110956.7,104237,1,0,146904.5,1.64,0
28,535,3,3,48745,131160.39,48740,131151.06,0,0,5,9.33,0,0,0,0,0,0,0,0,0,0,0,0,0,0,0,0,0,83241.62,40367.05,123608.67,1008.51,5270.51,559,6838.02,713.7,10859,18078.1,19484,41441.14,10913,23722.38,11826.9,21772,29905,472,572.33,1990,1482.33,1283,1496.79,19380,26086.23,237,267.32,21772,29905,1338,0,1338,29,133,20893,6,20899,47471,127751.46,324,888,950,2520.93,0,0,33187.27,56773.25,89960.52,48743,2,0,131155.33,5.06,0
28,535,3,4,17861,103035.73,17861,103035.73,0,0,0,0,0,0,0,0,0,0,0,0,0,0,0,0,0,0,0,0,0,57565.1,38359.57,95924.67,750.07,4519.28,599.92,5869.27,1241.79,2912,8779.68,5585,22133.91,6335,26651.51,12287.44,9247,21067.12,90,207.44,698,717.57,767,1131.25,8409,18825.65,113,185.21,9247,21067.12,903,0,903,13,103,11092,0,11092,17347,100264.35,133,744.09,381,2027.29,0,0,22428.26,38922.73,61350.99,17861,0,0,103035.73,0,0
28,535,3,5,2623,40807.88,2623,40807.88,0,0,0,0,0,0,0,0,0,0,0,0,0,0,0,0,0,0,0,0,0,18125.86,18583.4,36709.26,323.54,2275.31,152.58,2751.43,1347.19,319,2562,740,6750.9,1005,8812.96,3628.37,1324,6190.37,13,81.59,91,122.16,109,154.54,1245,5546.02,47,286.06,1324,6190.37,101,0,101,0,10,2201,0,2201,2569,40148.01,4,53.35,50,606.52,0,0,6358.13,12532,18890.13,2623,0,0,40807.88,0,0
28,535,4,1,46,19.02,46,19.02,0,0,0,0,0,0,0,0,0,0,0,0,0,0,0,0,0,0,0,0,0,8.47,6.6,15.07,0.13,1.21,0,1.34,2.61,16,3.15,20,5.32,0,0,0,16,3.15,0,0,3,0.5,0,0,5,1.58,8,1.07,16,3.15,0,0,0,0,0,1,0,1,46,19.02,0,0,0,0,0,0,3.17,5.72,8.89,0,0,46,0,0,19.02
28,535,4,2,29,41.98,29,41.98,0,0,0,0,0,0,0,0,0,0,0,0,0,0,0,0,0,0,0,0,0,20.63,14.56,35.19,0,2.17,0,2.17,4.62,6,2.92,18,16.7,1,1.01,0.51,7,3.43,0,0,2,0.81,0,0,1,0.51,4,2.11,7,3.43,0,0,0,0,0,1,0,1,29,41.98,0,0,0,0,0,0,3.43,17.22,20.65,0,0,29,0,0,41.98
28,535,4,3,15,44.69,15,44.69,0,0,0,0,0,0,0,0,0,0,0,0,0,0,0,0,0,0,0,0,0,12.37,23.92,36.29,0,4.06,0,4.06,4.34,5,5.85,6,6.52,0,0,0,5,5.85,0,0,1,0.19,0,0,2,2.43,3,3.23,5,5.85,0,0,0,0,0,3,0,3,15,44.69,0,0,0,0,0,0,6.87,6.52,13.39,0,0,15,0,0,44.69
28,535,4,4,35,216.69,35,216.69,0,0,0,0,0,0,0,0,0,0,0,0,0,0,0,0,0,0,0,0,0,71.48,104.43,175.91,0,16.88,0,16.88,23.9,16,50.18,9,19.48,1,1.82,1.62,17,51.8,0,0,1,0.41,0,0,8,29.76,9,21.63,17,51.8,0,0,0,0,0,10,0,10,35,216.69,0,0,0,0,0,0,52.52,19.7,72.22,0,0,35,0,0,216.69
28,535,4,5,17,1672.31,17,1672.31,0,0,0,0,0,0,0,0,0,0,0,0,0,0,0,0,0,0,0,0,0,480.39,646.5,1126.89,0,148.5,0,148.5,396.92,5,80.33,7,400.06,0,0,0,5,80.33,0,0,0,0,0,0,0,0,5,80.33,5,80.33,0,0,0,0,0,10,0,10,17,1672.31,0,0,0,0,0,0,80.34,400.06,480.4,0,0,17,0,0,1672.31
28,537,1,1,34448,16767.57,34448,16767.57,0,0,0,0,0,0,0,0,0,0,0,0,0,0,0,0,0,0,0,0,0,8138.39,7981.03,16119.42,3.1,634.03,0,637.13,11.02,2308,691.45,16009,7055.31,874,391.63,203.91,3182,895.36,6,2.2,15,9.92,318,92.92,2584,731.25,268,59.07,3182,895.36,291,0,291,0,38,1507,201,1708,33079,16069.57,105,66.13,1264,631.87,0,0,999.14,7376.07,8375.21,34436,12,0,16762.6,4.97,0
28,537,1,2,13537,18862.06,13537,18862.06,0,0,0,0,0,0,0,0,0,0,0,0,0,0,0,0,0,0,0,0,0,11445.58,6345.91,17791.49,0,1054.73,0.84,1055.57,15,1120,822.87,9398,9503.74,1087,1118.97,562.26,2207,1385.13,20,10.8,18,14.02,328,221.16,1740,1090.2,141,48.95,2207,1385.13,274,0,274,0,37,1483,24,1507,12781,17809.81,206,300.25,550,752,0,0,1557.79,10182.31,11740.1,13533,4,0,18856.95,5.11,0
28,537,1,3,5402,13901.17,5402,13901.17,0,0,0,0,0,0,0,0,0,0,0,0,0,0,0,0,0,0,0,0,0,8544.39,4292.29,12836.68,11.93,993.57,2.66,1008.16,56.33,656,801.94,3329,5712.07,1095,2030.38,987.64,1751,1789.58,5,1.85,18,7.56,305,341.2,1386,1383.51,94,55.46,1751,1789.58,367,0,367,5,13,1250,0,1250,5150,13226.53,114,307.93,138,366.71,0,0,1974.11,6859.38,8833.49,5399,3,0,13894.2,6.97,0
28,537,1,4,1038,5568.9,1038,5568.9,0,0,0,0,0,0,0,0,0,0,0,0,0,0,0,0,0,0,0,0,0,2690.86,1874.86,4565.72,0,695.37,1.78,697.15,306.03,148,261.1,508,1367.05,329,1062.71,404.87,477,665.97,19,14.39,0,0,94,96.38,354,504.06,49,51.14,477,665.97,61,0,61,0,4,392,0,392,900,4867.36,45,229.25,93,472.29,0,0,739.41,2042.23,2781.64,1037,1,0,5564.54,4.36,0
28,537,1,5,61,1026.78,61,1026.78,0,0,0,0,0,0,0,0,0,0,0,0,0,0,0,0,0,0,0,0,0,271.6,444,715.6,0,112.57,0,112.57,198.61,12,59.22,39,160.72,10,51.66,37.83,22,97.05,0,0,0,0,0,0,13,60.44,9,36.61,22,97.05,0,0,0,0,0,24,0,24,55,951.25,6,75.53,0,0,0,0,102.51,174.59,277.1,61,0,0,1026.78,0,0
28,537,2,1,13255,7146.43,13255,7146.43,0,0,0,0,0,0,0,0,0,0,0,0,0,0,0,0,0,0,0,0,0,3649.75,3263.87,6913.62,0,205.55,0.04,205.59,27.22,2089,559.19,6649,2908.74,408,181.82,78.07,2497,637.26,0,0,3,1.12,514,36.92,1857,580.52,124,18.7,2497,637.26,101,0,101,3,0,836,38,874,12855,6916.38,9,6.72,391,223.33,0,0,737.29,3056.35,3793.64,13255,0,0,7146.43,0,0
28,537,2,2,7336,10227.99,7336,10227.99,0,0,0,0,0,0,0,0,0,0,0,0,0,0,0,0,0,0,0,0,0,5914.99,3617.58,9532.57,0,613.74,0.3,614.04,81.38,1245,561.58,4793,4715.86,721,637.55,300.06,1966,861.64,14,11.02,11,4.46,190,24.22,1616,764.12,187,57.82,1966,861.64,138,6,144,6,10,1208,4,1212,7001,9758.97,23,34.44,312,434.58,0,0,1017.85,5160.91,6178.76,7336,0,0,10227.99,0,0
28,537,2,3,3862,9890.74,3862,9890.74,0,0,0,0,0,0,0,0,0,0,0,0,0,0,0,0,0,0,0,0,0,5435.04,3526.89,8961.93,6.89,780.9,0.56,788.35,140.46,283,301.89,2171,3583.52,954,1549.63,572,1237,873.89,24,27.31,12,2.47,102,14.83,1060,783.06,62,46.22,1237,873.89,70,0,70,4,12,872,0,872,3625,9354.76,8,18.09,229,517.89,0,0,1017.67,4634.28,5651.95,3861,1,0,9888.72,2.02,0
28,537,2,4,916,4980.83,916,4980.83,0,0,0,0,0,0,0,0,0,0,0,0,0,0,0,0,0,0,0,0,0,1981.44,2142.25,4123.69,5.32,517.27,0.61,523.2,333.94,103,134.96,509,1209.77,274,636.71,293.02,377,427.98,0,0,0,0,32,27.98,264,301.01,82,98.99,377,427.98,28,0,28,0,0,304,0,304,864,4760.12,12,55.06,40,165.65,0,0,479.03,1572.52,2051.55,916,0,0,4980.83,0,0
28,537,2,5,73,1133.67,73,1133.67,0,0,0,0,0,0,0,0,0,0,0,0,0,0,0,0,0,0,0,0,0,254.6,423.38,677.98,0,185.26,0,185.26,270.43,10,26.42,59,222.38,4,5.8,3.86,14,30.28,0,0,0,0,0,0,3,3.46,11,26.82,14,30.28,0,0,0,0,0,3,0,3,73,1133.67,0,0,0,0,0,0,32.58,224.35,256.93,73,0,0,1133.67,0,0
28,537,3,1,115002,57624.83,114977,57611.36,17,9.67,8,3.8,0,0,0,0,0,0,0,0,0,0,0,9.67,0,0,0,0,9.67,27230.14,28354.2,55584.34,14.54,1996.62,4.2,2015.36,25.13,11429,3716.81,49012,22023.08,3323,1490.25,773.05,14752,4489.86,0,0,154,55.72,2052,537.03,11712,3652.51,992,244.6,14752,4489.86,1467,12,1479,0,221,6450,1085,7535,108908,54530.68,464,304.11,5630,2790.04,0,0,5122.88,23063.38,28186.26,114839,163,0,57548.44,76.39,0
28,537,3,2,62755,89298.37,62741,89277.1,0,0,14,21.27,0,0,0,0,0,0,0,0,0,0,0,0,0,0,0,0,0,51234,33256.19,84490.19,51.74,4648.95,29.91,4730.6,77.58,6102,4544.52,39137,40363.31,6211,6326.17,2936.29,12313,7480.81,39,32.76,74,55.55,2058,1034.63,10182,6175.01,332,182.86,12313,7480.81,1495,14,1509,0,193,8262,281,8543,59109,84043.18,632,935.49,3014,4319.7,0,0,8691.88,44267.44,52959.32,62686,69,0,89205.06,93.31,0
28,537,3,3,38739,103949.91,38739,103949.91,0,0,0,0,0,0,0,0,0,0,0,0,0,0,0,0,0,0,0,0,0,58897.43,38100.87,96998.3,287.71,6355.38,73.01,6716.1,235.51,4954,6364.09,20196,36404.15,8843,16129.19,7139.55,13797,13503.64,62,64.05,48,28.69,2316,1739.23,11752,11487.54,217,184.13,13797,13503.64,1792,33,1825,12,218,10765,145,10910,36319,97303.87,604,1731.04,1816,4915,0,0,15236.91,46177.24,61414.15,38705,34,0,103861.78,88.13,0
28,537,3,4,15336,88000.6,15336,88000.6,0,0,0,0,0,0,0,0,0,0,0,0,0,0,0,0,0,0,0,0,0,45791.86,34301.64,80093.5,307.06,7013.12,178.38,7498.56,408.54,1804,4528.7,5725,19722.35,6222,21540.81,8610.12,8026,13138.82,50,79.89,52,64.78,1993,1859.4,6557,11032.75,111,102,8026,13138.82,1802,40,1842,9,274,7819,79,7898,14255,81762.41,334,1983.04,747,4255.15,0,0,14731.04,33260.46,47991.5,15330,6,0,87963.54,37.06,0
28,537,3,5,2132,37117.48,2132,37117.48,0,0,0,0,0,0,0,0,0,0,0,0,0,0,0,0,0,0,0,0,0,15750.48,17033.64,32784.12,430.01,2964.01,101.11,3495.13,838.23,340,3241.85,555,4189.4,1075,8319.23,2912.96,1415,6154.81,19,75.23,12,25.98,296,338.65,1197,5370.9,55,344.05,1415,6154.81,358,6,364,7,91,1854,0,1854,1979,34878.99,83,1366.88,70,871.61,0,0,6753.4,9924.73,16678.13,2129,3,0,37069.34,48.14,0
28,537,4,1,15,8.44,15,8.44,0,0,0,0,0,0,0,0,0,0,0,0,0,0,0,0,0,0,0,0,0,1.75,3.67,5.42,0,0.96,0,0.96,2.06,5,0.72,9,1.03,0,0,0,5,0.72,0,0,0,0,0,0,0,0,5,0.72,5,0.72,0,0,0,0,0,0,0,0,15,8.44,0,0,0,0,0,0,0.74,1.03,1.77,0,0,15,0,0,8.44
28,537,4,2,13,19.35,13,19.35,0,0,0,0,0,0,0,0,0,0,0,0,0,0,0,0,0,0,0,0,0,5.06,8.21,13.27,0,1.94,0,1.94,4.14,5,2.63,8,2.43,0,0,0,5,2.63,0,0,0,0,0,0,2,1.62,3,1.01,5,2.63,0,0,0,0,0,0,0,0,13,19.35,0,0,0,0,0,0,2.63,2.44,5.07,0,0,13,0,0,19.35
28,537,4,3,20,55.2,20,55.2,0,0,0,0,0,0,0,0,0,0,0,0,0,0,0,0,0,0,0,0,0,11.67,22.86,34.53,0,8.08,0,8.08,12.59,9,5.92,9,5.35,1,0.4,0.2,10,6.12,0,0,0,0,0,0,1,0.2,9,5.92,10,6.12,0,0,0,0,0,1,0,1,20,55.2,0,0,0,0,0,0,6.12,5.56,11.68,0,0,20,0,0,55.2
28,537,4,4,23,157.85,23,157.85,0,0,0,0,0,0,0,0,0,0,0,0,0,0,0,0,0,0,0,0,0,37.6,57.06,94.66,2.43,19.26,4.05,25.74,37.45,9,12.98,12,18.15,2,6.47,2.43,11,15.41,0,0,0,0,0,0,2,2.43,9,12.98,11,15.41,0,0,0,0,0,2,0,2,23,157.85,0,0,0,0,0,0,15.41,22.21,37.62,0,0,23,0,0,157.85
28,537,4,5,35,2397.37,35,2397.37,0,0,0,0,0,0,0,0,0,0,0,0,0,0,0,0,0,0,0,0,0,601.02,794.49,1395.51,179.35,367.54,83.5,630.39,371.47,9,207.39,17,296.87,4,96.76,61.94,13,269.33,0,0,0,0,2,0.1,7,256.27,4,12.96,13,269.33,0,0,0,0,0,14,0,14,28,1609.98,0,0,7,787.39,0,0,270.96,331.7,602.66,0,0,35,0,0,2397.37
28,538,1,1,73247,35106.02,73145,35064.65,15,10.08,0,0,87,21.4,9.89,0,31.29,9.89,0,0,0,0,9.89,10.08,0,0,0,0,10.08,23007.91,12086.76,35094.67,5,6.16,0.11,11.27,0.08,7720,3376.41,36126,18294.65,2231,1336.85,670.78,9951,4047.19,1688,781.54,447,142.19,160,71.73,7547,3002.96,128,48.77,9951,4047.19,101,19,120,0,55,2653,5,2658,69256,33218.84,193,96.99,3794,1789.4,4,0.79,4103.63,19204.86,23308.49,73233,14,0,35098.87,7.15,0
28,538,1,2,27554,38454.99,27513,38402.61,0,0,10,14.82,31,27.36,10.2,0,37.56,10.2,0,0,0,0,10.2,0,0,0,0,0,0,29086.37,9352.86,38439.23,8.32,5.56,1.35,15.23,0.53,2093,2512.33,18125,22207.73,3413,4366.31,1905.64,5506,4417.97,599,625.22,204,119.29,151,92.07,4495,3520.86,79,60.53,5506,4417.97,75,42,117,0,22,1715,0,1715,25914,36148.71,194,287.9,1438,2009.57,8,8.81,4466.24,25014.7,29480.94,27548,6,0,38446.97,8.02,0
28,538,1,3,11913,31082.51,11900,31052.78,0,0,0,0,13,26.02,3.71,0,29.73,3.71,0,0,0,0,3.71,0,0,0,0,0,0,24005.99,7016.01,31022,27.12,16.12,1.97,45.21,15.3,1031,2286.9,7288,15780.8,2589,5938.29,2187.95,3620,4474.85,303,455.84,132,141.34,62,53.69,3100,3780.23,43,43.75,3620,4474.85,35,4,39,50,33,1403,0,1403,11164,29114.97,140,357.69,602,1596.16,7,13.69,4550.58,19940.01,24490.59,11904,9,0,31060.64,21.87,0
28,538,1,4,2562,14075.51,2562,14075.51,0,0,0,0,0,0,0,0,0,0,0,0,0,0,0,0,0,0,0,0,0,8987.52,4284.19,13271.71,2.62,258.53,0,261.15,542.65,186,537.47,1274,4860.83,893,3589.22,1256.31,1079,1793.78,49,89.21,20,20.12,28,26.58,924,1536.18,69,121.69,1079,1793.78,25,3,28,3,0,329,0,329,2416,13333.07,42,196.66,104,545.78,0,0,1812.93,7233.11,9046.04,2558,4,0,14050.44,25.07,0
28,538,1,5,208,2935.65,208,2935.65,0,0,0,0,0,0,0,0,0,0,0,0,0,0,0,0,0,0,0,0,0,1350.97,958.75,2309.72,1.33,200.85,0,202.18,423.75,42,218.29,130,834.92,31,297.76,105.14,73,323.43,0,0,8,4.58,1,1.62,35,157.5,33,159.73,73,323.43,1,0,1,0,0,27,0,27,206,2909.01,0,0,2,26.64,0,0,327.22,1047.71,1374.93,208,0,0,2935.65,0,0
28,538,2,1,32921,17469.37,32910,17464.13,0,0,0,0,11,4.11,1.13,0,5.24,1.13,0,0,0,0,1.13,0,0,0,0,0,0,10701.54,6355.33,17056.87,0,131.05,0,131.05,281.45,2482,1250.41,17098,8845.56,1003,605.57,328.02,3485,1578.43,237,107.74,195,52.02,44,12.11,2906,1389.25,105,17.31,3485,1578.43,55,26,81,0,11,1170,0,1170,31328,16623.16,102,77.55,1473,763.33,18,5.33,1625.22,9271.73,10896.95,32909,12,0,17461.31,8.06,0
28,538,2,2,20014,28306.99,20002,28286.45,0,0,0,0,12,18.26,2.28,0,20.54,2.28,0,0,0,0,2.28,0,0,0,0,0,0,21033.46,6665.76,27699.22,0.68,192.73,3.06,196.47,411.3,1179,1398.88,14388,16599.63,2321,3034.95,1445.93,3500,2844.81,155,174.85,94,90.42,19,9.19,3174,2543.07,65,27.28,3500,2844.81,29,5,34,11,20,1424,94,1518,19297,27234.85,109,167.62,608,904.52,0,0,2940.76,18504.03,21444.79,19995,19,0,28279.61,27.38,0
28,538,2,3,10419,27147.56,10419,27147.56,0,0,0,0,0,0,0,0,0,0,0,0,0,0,0,0,0,0,0,0,0,18629.96,7506.95,26136.91,2.53,328.25,1.72,332.5,678.15,715,1295.35,6838,12649.43,2012,4685.18,1925.82,2727,3221.17,102,158.99,106,77.27,14,7.47,2432,2906.92,88,70.52,2727,3221.17,13,0,13,0,0,1123,6,1129,9975,25971.34,136,363.28,308,812.94,0,0,3302.64,15773.24,19075.88,10402,17,0,27106.36,41.2,0
28,538,2,4,2485,13638.16,2485,13638.16,0,0,0,0,0,0,0,0,0,0,0,0,0,0,0,0,0,0,0,0,0,7798.81,4685.32,12484.13,0,369.64,0,369.64,784.39,144,439.05,1362,4308.24,762,3051.52,1129.64,906,1568.69,18,45.66,12,17.55,9,11.41,837,1413.76,40,80.31,906,1568.69,5,0,5,0,5,514,0,514,2380,13024.68,18,113.03,87,500.45,0,0,1578.43,6318.64,7897.07,2481,4,0,13613.06,25.1,0
28,538,2,5,179,2344.94,179,2344.94,0,0,0,0,0,0,0,0,0,0,0,0,0,0,0,0,0,0,0,0,0,903.81,899.83,1803.64,0,173.93,0,173.93,367.37,19,75.6,131,683.1,19,145.11,24.48,38,100.08,0,0,0,0,4,0.45,25,38.24,13,61.39,38,100.08,0,0,0,0,0,11,0,11,172,2259.89,7,85.05,0,0,0,0,102.16,804.85,907.01,179,0,0,2344.94,0,0
28,538,3,1,280447,138481.65,280143,138326.07,44,34.64,8,0.7,252,89.3,30.94,0,120.24,30.94,0,0,0,0,30.94,24.5,10.14,0,0,0,34.64,94139.88,44332.11,138471.99,1.96,6.69,0.02,8.67,0.99,36343,16891.94,138193,71255.23,9448,5992.71,2998.36,45791,19890.3,11655,5558.23,1905,599.55,1270,560.97,30429,12898.57,669,272.98,45791,19890.3,947,37,984,90,71,11823,39,11862,261591,128606.72,453,314.56,18403,9560.37,0,0,20302.73,75400.57,95703.3,280344,103,0,138433.56,48.09,0
28,538,3,2,154752,221442.97,154424,220967.97,107,166.86,0,0,221,241.57,66.57,0,308.14,66.57,0,0,0,0,66.57,115.47,51.39,0,0,0,166.86,170247.98,51131.98,221379.96,16.98,32.72,9.13,58.83,4.18,15163,18730.72,99703,126481.53,19284,25035.73,10960.42,34447,29691.14,5751,6707.81,1229,803.91,1116,1017.13,26107,20676.87,576,485.42,34447,29691.14,921,238,1159,53,140,12130,28,12158,143301,205085.68,912,1387.34,10539,14969.95,0,0,30330.18,143152.55,173482.73,154702,50,0,221374.53,68.44,0
28,538,3,3,104462,281830.05,104247,281272.89,22,55.16,5,12.82,188,429.66,59.52,0,489.18,59.52,0,0,0,0,59.52,55.16,0,0,0,0,55.16,211514.98,70101.97,281616.95,53.41,125.07,22.03,200.51,12.59,9505,20184.69,61478,137751.79,22815,53578.5,21411.45,32320,41596.14,4328,8229.75,1118,1144.51,1143,1402.72,25587,30003.67,617,815.49,32320,41596.14,724,140,864,538,197,12367,34,12401,97020,261711.16,1419,4078.95,6023,16039.94,0,0,42829.56,172979.11,215808.67,104428,34,0,281735.58,94.47,0
28,538,3,4,41324,240000.43,41243,239521.66,23,104.28,0,0,58,336.37,38.12,0,374.49,38.12,0,0,0,0,38.12,52.07,52.21,0,0,0,104.28,166153.1,73451.72,239604.82,138.64,210.58,38.06,387.28,8.33,3376,13347.33,19136,84917.83,14975,67887.94,25048.46,18351,38395.79,2161,6905.49,573,857.18,903,1565.64,14994,28473.2,280,594.28,18351,38395.79,875,102,977,89,142,7970,53,8023,38470,223465.37,1004,5892.44,1850,10642.62,0,0,39359.59,130074.74,169434.33,41300,24,0,239858.88,141.55,0
28,538,3,5,6590,99170.55,6580,99024.39,0,0,0,0,10,144.33,1.83,0,146.16,1.83,0,0,0,0,1.83,0,0,0,0,0,0,58164.28,39290.3,97454.58,93.89,549.73,42.41,686.03,1029.94,468,5153.93,2331,24027.61,3047,28982.74,9564.42,3515,14718.35,325,2459.85,162,380.7,230,457.16,3021,10984.44,68,436.2,3515,14718.35,151,18,169,18,37,2319,0,2319,6091,91231.22,283,4924.93,216,3014.4,0,0,15060.17,44175.86,59236.03,6576,14,0,98900.73,269.82,0
28,538,4,1,27,12.72,27,12.72,0,0,0,0,0,0,0,0,0,0,0,0,0,0,0,0,0,0,0,0,0,4.17,4.7,8.87,0,1.21,0,1.21,2.64,0,0,26,4.17,0,0,0,0,0,0,0,0,0,0,0,0,0,0,0,0,0,0,0,0,0,0,0,0,0,27,12.72,0,0,0,0,0,0,0,4.17,4.17,0,0,27,0,0,12.72
28,538,4,2,5,7.68,5,7.68,0,0,0,0,0,0,0,0,0,0,0,0,0,0,0,0,0,0,0,0,0,3.24,2.22,5.46,0,0.71,0,0.71,1.51,0,0,5,3.24,0,0,0,0,0,0,0,0,0,0,0,0,0,0,0,0,0,0,0,0,0,0,0,0,0,5,7.68,0,0,0,0,0,0,0,3.25,3.25,0,0,5,0,0,7.68
28,538,4,3,6,13.92,6,13.92,0,0,0,0,0,0,0,0,0,0,0,0,0,0,0,0,0,0,0,0,0,5.01,5.96,10.97,0,0.94,0,0.94,2.01,0,0,5,5.01,0,0,0,0,0,0,0,0,0,0,0,0,0,0,0,0,0,0,0,0,0,0,0,0,0,6,13.92,0,0,0,0,0,0,0,5.02,5.02,0,0,6,0,0,13.92
28,538,4,4,7,41.85,7,41.85,0,0,0,0,0,0,0,0,0,0,0,0,0,0,0,0,0,0,0,0,0,17.96,11.96,29.92,0,3.82,0,3.82,8.11,0,0,7,17.96,0,0,0,0,0,0,0,0,0,0,0,0,0,0,0,0,0,0,0,0,0,0,0,0,0,7,41.85,0,0,0,0,0,0,0,17.96,17.96,0,0,7,0,0,41.85
28,538,4,5,10,504.06,10,504.06,0,0,0,0,0,0,0,0,0,0,0,0,0,0,0,0,0,0,0,0,0,161.3,171.39,332.69,0,54.83,0,54.83,116.54,0,0,10,161.3,0,0,0,0,0,0,0,0,0,0,0,0,0,0,0,0,0,0,0,0,0,0,0,0,0,10,504.06,0,0,0,0,0,0,0,161.31,161.31,0,0,10,0,0,504.06
28,539,1,1,67438,27602.62,67432,27600.43,6,2.19,0,0,0,0,0,0,0,0,0,0,0,0,0,2.19,0,0,0,0,2.19,15920.45,11488.25,27408.7,6.49,148.74,0,155.23,38.69,23853,9179.33,13684,5968.52,1480,772.6,386.45,25333,9565.78,8523,3037.34,3387,944.1,1428,574.99,11281,4650.84,942,358.51,25333,9565.78,1642,11,1653,7,82,10196,41,10237,66020,27147.72,3,1.81,1347,413.87,68,39.22,12563.31,6650.69,19214,67411,27,0,27595.38,7.24,0
28,539,1,2,16312,22576.59,16312,22576.59,0,0,0,0,0,0,0,0,0,0,0,0,0,0,0,0,0,0,0,0,0,14868.41,7353.52,22221.93,16.15,241.3,22.21,279.66,75,5095,5616.53,6336,6853.93,1975,2397.95,1085.1,7070,6701.63,1388,1481.79,463,363.73,474,387.01,4617,4207.82,260,261.28,7070,6701.63,663,0,663,0,52,3725,22,3747,16166,22376.06,7,11.02,129,175.92,10,13.59,8264.37,8642.13,16906.5,16307,5,0,22569.08,7.51,0
28,539,1,3,5582,14636.51,5582,14636.51,0,0,0,0,0,0,0,0,0,0,0,0,0,0,0,0,0,0,0,0,0,9963.4,4345.12,14308.52,10.33,202.97,37.52,250.82,77.17,1757,3286.79,2036,3827.18,1325,2849.43,1255.71,3082,4542.5,433,852.84,217,251.84,298,309.98,2188,2996.15,112,131.69,3082,4542.5,255,0,255,0,41,1935,4,1939,5506,14423.77,0,0,67,179.15,9,33.59,5267.64,5630.41,10898.05,5582,0,0,14636.51,0,0
28,539,1,4,1164,6247.4,1164,6247.4,0,0,0,0,0,0,0,0,0,0,0,0,0,0,0,0,0,0,0,0,0,3603.4,1725.49,5328.89,19.5,341.97,22.86,384.33,534.18,463,1193.19,325,1015.09,350,1395.12,587.79,813,1780.98,84,372.71,20,42.47,124,193.52,411,718.21,289,454.07,813,1780.98,92,0,92,0,11,515,0,515,1150,6175.07,0,0,0,0,14,72.33,2047.62,1844.32,3891.94,1164,0,0,6247.4,0,0
28,539,1,5,97,1769.07,97,1769.07,0,0,0,0,0,0,0,0,0,0,0,0,0,0,0,0,0,0,0,0,0,678.03,626.72,1304.75,0.81,149.21,0.4,150.42,313.9,57,399.63,18,85.37,19,193.03,57.26,76,456.89,4,52.99,5,4.5,8,53.89,15,66.27,47,279.24,76,456.89,5,0,5,0,0,39,0,39,97,1769.07,0,0,0,0,0,0,470.7,223.1,693.8,97,0,0,1769.07,0,0
28,539,2,1,44473,21947.53,44473,21947.53,0,0,0,0,0,0,0,0,0,0,0,0,0,0,0,0,0,0,0,0,0,14838.46,6737.5,21575.96,0.46,208.44,2.59,211.49,160.08,19364,8275.9,11276,5857.03,1055,705.53,323.52,20419,8599.42,10512,4309.3,2043,880.7,1440,604.71,5530,2521.15,1004,283.56,20419,8599.42,484,22,506,9,35,5715,8,5723,42206,20809,0,0,1036,596.26,1231,542.27,11434.83,6506.48,17941.31,44472,1,0,21947.13,0.4,0
28,539,2,2,19285,26890.66,19285,26890.66,0,0,0,0,0,0,0,0,0,0,0,0,0,0,0,0,0,0,0,0,0,18352.33,7911,26263.33,2.46,338.37,21.8,362.63,264.7,6178,6369.01,8337,9419.88,2161,2563.44,996.39,8339,7365.4,2790,2766.14,531,596.42,592,407.38,3802,3244.5,703,350.96,8339,7365.4,475,67,542,0,52,3151,0,3151,18503,25798.3,10,12.37,561,779.43,211,300.56,9760.67,11597.75,21358.42,19285,0,0,26890.66,0,0
28,539,2,3,8819,23165.97,8819,23165.97,0,0,0,0,0,0,0,0,0,0,0,0,0,0,0,0,0,0,0,0,0,15624.56,6595.55,22220.11,16.53,378,82.58,477.11,468.75,2576,4548.53,3718,6898.62,1882,4177.41,1537.84,4458,6086.37,1113,1859.75,112,235.3,395,457.42,2513,3144.99,471,388.91,4458,6086.37,133,90,223,0,63,2352,0,2352,8525,22373.7,5,14.35,192,522.07,97,255.85,7494.17,9810.71,17304.88,8819,0,0,23165.97,0,0
28,539,2,4,2242,12224.45,2242,12224.45,0,0,0,0,0,0,0,0,0,0,0,0,0,0,0,0,0,0,0,0,0,7054.89,4206.61,11261.5,29.06,364.91,11.6,405.57,557.38,570,1194.82,766,2504.91,822,3355.16,1240.82,1392,2435.64,220,434.33,7,3.26,155,159.1,800,1337.46,320,501.49,1392,2435.64,104,27,131,0,50,925,3,928,2211,12046.26,3,14.55,22,131.73,6,31.91,2675.07,4689.01,7364.08,2242,0,0,12224.45,0,0
28,539,2,5,124,1885.8,124,1885.8,0,0,0,0,0,0,0,0,0,0,0,0,0,0,0,0,0,0,0,0,0,763.23,785.28,1548.51,13.33,122.44,7.02,142.79,194.5,48,265.75,32,175.76,39,321.72,122.97,87,388.72,9,48.47,0,0,8,8.09,45,170.13,34,162.03,87,388.72,8,0,8,0,4,103,0,103,121,1856.62,0,0,0,0,3,29.18,441.37,376.19,817.56,124,0,0,1885.8,0,0
28,539,3,1,271635,128329.73,271608,128315.58,6,3.65,16,5.21,5,5.07,0.22,0,5.29,0.22,0,0,0,0,0.22,0,0,3.65,0,0,3.65,78423.05,48341,126764.05,43.82,1100.35,55.17,1199.34,366.34,105254,47502.21,53324,26482.03,7675,4438.81,2352.1,112929,49854.31,46405,20738.47,13317,4581.02,6543,2741.04,42476,19438.02,5056,2355.76,112929,49854.31,6319,37,6356,46,363,39441,79,39520,265656,125459.22,23,18.91,4761,2243.86,1195,607.74,67712.91,29614.63,97327.54,271489,146,0,128260.45,69.28,0
28,539,3,2,135533,193579.19,135503,193532.98,0,0,0,0,30,22.1,24.11,0,46.21,0,14.48,9.63,0,0,24.11,0,0,0,0,0,0,130286.41,59316.77,189603.18,219.75,2470.38,176.01,2866.14,1109.87,48129,56014.21,49426,54603.73,16068,19668.47,9332.12,64197,65346.33,18740,21968,4315,3783.13,4447,3661.82,36271,33432.54,2104,2500.84,64197,65346.33,5910,90,6000,5,439,32948,381,33329,132927,189839.06,88,139.36,1736,2474.29,782,1126.48,84887.11,67838.11,152725.22,135480,53,0,193505.65,73.54,0
28,539,3,3,84330,229505.79,84307,229428.12,0,0,6,19.16,17,27.5,31.01,0,58.51,0,19.38,11.63,0,0,31.01,0,0,0,0,0,0,155238.3,65856.91,221095.21,725.09,4738.06,824.98,6288.13,2122.45,27106,54334.87,29532,54939.91,20983,45963.52,20630.46,48089,74965.33,10400,21259.38,2905,3768.33,4651,5398.25,31275,41665.71,1567,2873.66,48089,74965.33,6612,16,6628,32,742,31805,26,31831,82784,225224.39,143,400.05,950,2576.94,453,1304.41,92936.64,82423.52,175360.16,84294,36,0,229407.17,98.62,0
28,539,3,4,35614,203575.46,35603,203502.38,0,0,0,0,11,36.17,36.91,0,73.08,0,36.91,0,0,0,36.91,0,0,0,0,0,0,129466.27,63674.29,193140.56,1467.66,5685.72,1395.18,8548.56,1886.34,10306,37163.54,7757,29220.24,15497,63082.49,26880.1,25803,64043.64,4351,15545.91,1895,3245.91,3655,5168.62,19324,38324.38,661,1758.82,25803,64043.64,5103,8,5111,34,974,25285,92,25377,35088,200659.69,163,940.6,283,1548.32,80,426.85,76788.69,66626.75,143415.44,35597,17,0,203492.7,82.76,0
28,539,3,5,4465,66142.13,4459,66068.45,0,0,0,0,6,39.91,33.77,0,73.68,0,14.42,19.35,0,0,33.77,0,0,0,0,0,0,33047.67,26935.66,59983.33,1059.96,2726.63,1022.52,4809.11,1349.69,862,5933.17,801,6088.75,2506,21025.75,8744.57,3368,14677.74,421,2747.59,381,876.64,760,1443.99,2750,8578.41,176,1031.11,3368,14677.74,939,0,939,0,291,4516,0,4516,4380,65084.99,36,482.85,34,386.71,15,187.58,16501.41,18604.13,35105.54,4465,0,0,66142.13,0,0
28,539,4,1,48,23.21,48,23.21,0,0,0,0,0,0,0,0,0,0,0,0,0,0,0,0,0,0,0,0,0,6.16,11.89,18.05,0,1.93,0,1.93,3.23,21,3.23,9,2.93,0,0,0,21,3.23,0,0,1,0.49,0,0,0,0,20,2.74,21,3.23,0,0,0,0,0,0,0,0,42,21.2,0,0,6,2.01,0,0,3.23,2.93,6.16,0,0,48,0,0,23.21
28,539,4,2,20,28,20,28,0,0,0,0,0,0,0,0,0,0,0,0,0,0,0,0,0,0,0,0,0,11.78,8.6,20.38,0,2.45,0,2.45,5.17,10,3.6,10,8.18,0,0,0,10,3.6,0,0,0,0,0,0,0,0,10,3.6,10,3.6,0,0,0,0,0,0,0,0,20,28,0,0,0,0,0,0,3.61,8.2,11.81,0,0,20,0,0,28
28,539,4,3,21,57.52,21,57.52,0,0,0,0,0,0,0,0,0,0,0,0,0,0,0,0,0,0,0,0,0,15.69,29.18,44.87,0,4.07,0,4.07,8.58,6,5.37,6,6.16,3,4.16,2.51,9,7.88,0,0,0,0,0,0,2,1.7,7,6.18,9,7.88,0,0,0,0,0,3,0,3,21,57.52,0,0,0,0,0,0,7.91,7.83,15.74,0,0,21,0,0,57.52
28,539,4,4,24,160.68,24,160.68,0,0,0,0,0,0,0,0,0,0,0,0,0,0,0,0,0,0,0,0,0,40.87,76.15,117.02,0,13.98,0,13.98,29.68,12,21.97,7,14.45,2,4.45,2.02,14,23.99,1,4.05,0,0,0,0,2,2.02,11,17.92,14,23.99,0,0,0,0,0,4,0,4,24,160.68,0,0,0,0,0,0,24,16.88,40.88,0,0,24,0,0,160.68
28,539,4,5,46,2265.49,46,2265.49,0,0,0,0,0,0,0,0,0,0,0,0,0,0,0,0,0,0,0,0,0,560.85,1011.67,1572.52,0.2,221.69,0.2,222.09,470.88,31,473.24,8,69.39,2,18.22,4.45,33,477.69,6,32.59,1,0.41,1,0.81,1,1.21,26,442.67,33,477.69,1,0,1,0,1,3,0,3,46,2265.49,0,0,0,0,0,0,477.72,83.19,560.91,0,0,46,0,0,2265.49
28,540,1,1,55231,21243.31,55231,21243.31,0,0,0,0,0,0,0,0,0,0,0,0,0,0,0,0,0,0,0,0,0,16557.3,4667.02,21224.32,0,17.75,1.24,18.99,0,22169,8939.89,18086,6741.82,1315,875.59,437.69,23484,9377.58,739,180.66,14463,5032.27,4368,2232,2943,1510.26,1238,422.39,23484,9377.58,4559,5,4564,0,66,2311,5,2316,52879,20271.91,218,115.91,2125,852.59,9,2.9,10185.61,7809.94,17995.55,55141,90,0,21212.15,31.16,0
28,540,1,2,9385,12776.45,9385,12776.45,0,0,0,0,0,0,0,0,0,0,0,0,0,0,0,0,0,0,0,0,0,10453.42,2298.06,12751.48,2.9,22,0.07,24.97,0,4369,5406.82,2427,2861.85,1612,2184.75,1144.88,5981,6551.7,70,45.87,1864,1801.7,2306,2510.78,1781,2012.86,206,180.49,5981,6551.7,2514,5,2519,0,85,1718,0,1718,8778,11959.31,65,86.37,542,730.77,0,0,7092.94,4259.09,11352.03,9369,16,0,12754.61,21.84,0
28,540,1,3,3028,8015.48,3028,8015.48,0,0,0,0,0,0,0,0,0,0,0,0,0,0,0,0,0,0,0,0,0,5758.46,1992.25,7750.71,0,103.94,0,103.94,160.83,1344,2651.1,456,876.46,962,2230.9,1211.17,2306,3862.27,34,54.48,495,642.67,808,1284.62,932,1660.25,245,220.25,2306,3862.27,980,0,980,0,49,1029,0,1029,2811,7447.48,44,127.55,173,440.45,0,0,4123.94,2136.67,6260.61,3023,5,0,8002.22,13.26,0
28,540,1,4,1124,6092.09,1124,6092.09,0,0,0,0,0,0,0,0,0,0,0,0,0,0,0,0,0,0,0,0,0,3099.48,2168.61,5268.09,22.81,277.08,8.45,308.34,515.66,648,1794.88,162,313.94,228,990.66,482.79,876,2277.67,0,0,98,162.71,349,841.28,336,814,290,459.68,876,2277.67,468,0,468,0,47,461,9,470,1106,5993.72,0,0,18,98.37,0,0,2381.83,897.84,3279.67,1123,1,0,6088.07,4.02,0
28,540,1,5,98,2055.07,98,2055.07,0,0,0,0,0,0,0,0,0,0,0,0,0,0,0,0,0,0,0,0,0,513.69,1170.7,1684.39,16.18,113.49,0,129.67,241.01,60,363.69,10,14.81,11,135.19,73.44,71,437.13,0,0,8,12.05,9,36.68,8,41.43,55,346.97,71,437.13,20,0,20,0,0,6,0,6,94,2000.26,0,0,4,54.81,0,0,437.24,76.59,513.83,98,0,0,2055.07,0,0
28,540,2,1,53993,25753.31,53980,25750.71,0,0,0,0,13,1.3,1.3,0,2.6,0,0,1.3,0,0,1.3,0,0,0,0,0,0,21506.33,4175.7,25682.03,0.57,23.25,2.03,25.85,45.43,27991,13546.22,14795,6687.13,1789,1272.98,685.83,29780,14232.05,32,9.79,19110,8128.15,6423,3698.37,3226,1862.61,1366,533.13,29780,14232.05,5959,84,6043,0,32,2597,20,2617,50792,24200.08,139,91,3062,1462.23,0,0,15809.04,8607.15,24416.19,53845,148,0,25682.7,70.61,0
28,540,2,2,20657,28771.94,20651,28761.87,0,0,0,0,6,2.58,7.49,0,10.07,7.49,0,0,0,0,7.49,0,0,0,0,0,0,24006.29,4541.29,28547.58,17.96,82.5,10.18,110.64,113.72,11064,13975.68,5069,5660.2,3140,4370.41,2305.77,14204,16281.45,30,14.31,4995,4789.02,6366,7227.86,3320,4000.05,320,250.21,14204,16281.45,6119,0,6119,0,114,3490,4,3494,19324,26882.95,272,417.23,1061,1471.76,0,0,17631.31,9279.09,26910.4,20621,36,0,28725.52,46.42,0
28,540,2,3,8903,23828.77,8903,23828.77,0,0,0,0,0,0,0,0,0,0,0,0,0,0,0,0,0,0,0,0,0,16635.17,6509.63,23144.8,54.64,252.91,10.42,317.97,366,3385,6508.07,1746,3029.55,2890,7097.55,3934.36,6275,10442.43,5,4.04,1848,2077.94,2874,4589.02,1822,3231.81,637,539.62,6275,10442.43,3206,10,3216,0,26,2246,0,2246,8263,22150.39,209,564.14,431,1114.24,0,0,11338.01,7053.03,18391.04,8880,23,0,23768.35,60.42,0
28,540,2,4,2707,15034.67,2707,15034.67,0,0,0,0,0,0,0,0,0,0,0,0,0,0,0,0,0,0,0,0,0,7528.46,6172.77,13701.23,195.49,438.44,76.84,710.77,622.67,1041,3103.72,317,772.92,847,3651.82,2108.6,1888,5212.32,0,0,435,679.87,846,2295.95,579,1612.72,390,623.78,1888,5212.32,1253,0,1253,0,25,1044,3,1047,2566,14245.55,40,218.07,101,571.05,0,0,5750.06,2869.45,8619.51,2698,9,0,14986.06,48.61,0
28,540,2,5,287,4666.92,287,4666.92,0,0,0,0,0,0,0,0,0,0,0,0,0,0,0,0,0,0,0,0,0,1444.79,2280.57,3725.36,139.56,276.57,60.77,476.9,464.66,135,680.46,15,72.15,89,692.18,432.36,224,1112.82,0,0,25,68.43,86,408.35,54,169.26,97,466.78,224,1112.82,163,0,163,0,12,123,0,123,277,4551.7,0,0,10,115.22,0,0,1199.22,402.96,1602.18,287,0,0,4666.92,0,0
28,540,3,1,244913,107198.77,244913,107198.77,0,0,0,0,0,0,0,0,0,0,0,0,0,0,0,0,0,0,0,0,0,88131.15,18997.93,107129.08,2.88,62.83,3.98,69.69,0,122188,55928.25,65902,27373.75,7019,4829.15,2509.57,129207,58437.82,2034,752.43,83787,33539.51,26003,14282.88,14500,7976.86,4643,1886.14,129207,58437.82,24325,312,24637,42,318,11105,57,11162,230076,100467.15,619,364.63,14210,6363.6,8,3.39,64804.74,32847.68,97652.42,243777,1136,0,106719.03,479.74,0
28,540,3,2,87520,123539.1,87520,123539.1,0,0,0,0,0,0,0,0,0,0,0,0,0,0,0,0,0,0,0,0,0,102641.26,20573.89,123215.15,39.05,273.65,11.25,323.95,0,43324,55865.27,21220,26102,14878,20673.99,11471.07,58202,67336.34,748,578.16,20249,20333.04,25093,28112.22,14718,17202.04,1199,1110.88,58202,67336.34,26040,37,26077,25,485,14002,3,14005,81399,114927,669,977.25,5452,7634.85,0,0,73042.98,39328.95,112371.93,87299,221,0,123238.82,300.28,0
28,540,3,3,48084,130591.98,48084,130591.98,0,0,0,0,0,0,0,0,0,0,0,0,0,0,0,0,0,0,0,0,0,97036.01,32638.05,129674.06,176.02,649.56,24.21,849.79,68.13,18698,42853.58,8249,17180.45,15216,37001.98,20383.09,33914,63236.67,384,434.82,8440,12075.63,17109,29760.63,11848,20294.72,664,670.87,33914,63236.67,19545,56,19601,11,599,13239,21,13260,45249,122865.67,494,1369.86,2341,6356.45,0,0,67734.23,37413.56,105147.79,48024,60,0,130444.62,147.36,0
28,540,3,4,21551,123531.11,21551,123531.11,0,0,0,0,0,0,0,0,0,0,0,0,0,0,0,0,0,0,0,0,0,68840.75,51836.36,120677.11,624.73,1534.75,314.63,2474.11,379.89,6505,25284.8,2571,8372.65,8303,35183.3,19426.29,14808,44711.09,219,374.04,2891,5476.58,8486,22678.52,5913,14941.97,700,1239.98,14808,44711.09,10958,30,10988,0,779,8573,9,8582,20361,116731.04,280,1808.28,910,4991.79,0,0,47770.11,26776.4,74546.51,21546,5,0,123506.7,24.41,0
28,540,3,5,3772,64489.44,3772,64489.44,0,0,0,0,0,0,0,0,0,0,0,0,0,0,0,0,0,0,0,0,0,22213.58,38268.65,60482.23,702.64,1627.29,282.34,2612.27,1394.94,895,7878.07,431,3044.1,1372,11291.41,5939.54,2267,13817.61,0,0,396,1307.74,1403,7211.51,925,3522.06,224,1776.3,2267,13817.61,2329,34,2363,0,118,1718,0,1718,3542,61255.29,64,843.9,166,2390.25,0,0,14472.72,9156.19,23628.91,3771,1,0,64430.54,58.9,0
28,540,4,1,2,0.82,2,0.82,0,0,0,0,0,0,0,0,0,0,0,0,0,0,0,0,0,0,0,0,0,0.23,0.3,0.53,0,0.09,0,0.09,0.2,1,0.03,1,0.2,0,0,0,1,0.03,0,0,0,0,0,0,0,0,1,0.03,1,0.03,0,0,0,0,0,0,0,0,2,0.82,0,0,0,0,0,0,0.03,0.2,0.23,0,0,2,0,0,0.82
28,540,4,2,4,6.26,4,6.26,0,0,0,0,0,0,0,0,0,0,0,0,0,0,0,0,0,0,0,0,0,1.75,2.25,4,0,0.72,0,0.72,1.54,4,1.75,0,0,0,0,0,4,1.75,0,0,0,0,0,0,0,0,4,1.75,4,1.75,0,0,0,0,0,0,0,0,4,6.26,0,0,0,0,0,0,1.76,0,1.76,0,0,4,0,0,6.26
28,540,4,3,5,13.9,5,13.9,0,0,0,0,0,0,0,0,0,0,0,0,0,0,0,0,0,0,0,0,0,3.9,5.01,8.91,0,1.6,0,1.6,3.39,3,2.34,2,1.56,0,0,0,3,2.34,0,0,0,0,0,0,0,0,3,2.34,3,2.34,0,0,0,0,0,0,0,0,5,13.9,0,0,0,0,0,0,2.34,1.57,3.91,0,0,5,0,0,13.9
28,540,4,4,3,19.56,3,19.56,0,0,0,0,0,0,0,0,0,0,0,0,0,0,0,0,0,0,0,0,0,5.48,7.04,12.52,0,2.25,0,2.25,4.79,0,0,3,5.48,0,0,0,0,0,0,0,0,0,0,0,0,0,0,0,0,0,0,0,0,0,0,0,0,0,3,19.56,0,0,0,0,0,0,0,5.48,5.48,0,0,3,0,0,19.56
28,540,4,5,0,0,0,0,0,0,0,0,0,0,0,0,0,0,0,0,0,0,0,0,0,0,0,0,0,0,0,0,0,0,0,0,0,0,0,0,0,0,0,0,0,0,0,0,0,0,0,0,0,0,0,0,0,0,0,0,0,0,0,0,0,0,0,0,0,0,0,0,0,0,0,0,0,0,0,0,0,0,0
28,541,1,1,34312,13629.41,34290,13622.66,6,0.9,10,1.37,6,2.24,2.24,0,4.48,2.24,0,0,0,0,2.24,0.9,0,0,0,0,0.9,12253.13,1311.16,13564.29,7.05,26.67,1.6,35.32,29.8,16023,6140.64,14050,5578.57,850,533.92,270.39,16873,6411.03,8169,3031.88,4603,1639.91,1473,656.35,907,413.79,1970,669.1,16873,6411.03,923,35,958,15,17,264,161,425,32082,12621.92,296,207.65,1909,784.18,25,15.66,6662.39,5975.74,12638.13,34299,13,0,13622.69,6.72,0
28,541,1,2,6228,8498.28,6219,8486.33,0,0,0,0,9,8.38,3.57,0,11.95,0,3.57,0,0,0,3.57,0,0,0,0,0,0,7619.63,817.79,8437.42,8.7,29.58,3.46,41.74,19.12,1929,2459.98,2795,3630.09,1135,1529.56,750.33,3064,3210.31,1101,1136.15,854,842.23,590,503.92,337,395.04,400,332.97,3064,3210.31,486,15,501,5,6,198,59,257,5584,7618.64,192,254.55,446,616.4,6,8.69,3324.69,4482.13,7806.82,6228,0,0,8498.28,0,0
28,541,1,3,2563,6553.12,2554,6531.83,4,9.83,0,0,5,9.63,1.83,0,11.46,1.83,0,0,0,0,1.83,9.83,0,0,0,0,9.83,5239.66,922.15,6161.81,13.91,141.55,0.57,156.03,235.28,758,1431.4,943,1961.05,781,1847.21,800.51,1539,2231.91,334,561.94,444,598.22,255,328.56,313,390.75,319,352.44,1539,2231.91,221,10,231,7,0,168,19,187,2345,5998.28,113,285.27,105,269.57,0,0,2302.93,3048.42,5351.35,2561,2,0,6547.91,5.21,0
28,541,1,4,710,3857.07,710,3857.07,0,0,0,0,0,0,0,0,0,0,0,0,0,0,0,0,0,0,0,0,0,2213.99,912.81,3126.8,5.61,233.64,1.08,240.33,489.94,222,563.63,305,758.62,178,891.74,382.44,400,946.07,70,222.98,118,210.5,33,64.63,55,170.22,175,277.74,400,946.07,28,0,28,0,0,30,16,46,667,3653.16,0,0,43,203.91,0,0,954.6,1288.57,2243.17,710,0,0,3857.07,0,0
28,541,1,5,45,651.79,45,651.79,0,0,0,0,0,0,0,0,0,0,0,0,0,0,0,0,0,0,0,0,0,211.66,272.31,483.97,0,54.27,0,54.27,113.55,13,59.97,26,81.4,6,70.29,36.68,19,96.65,0,0,2,25.22,0,0,5,35.17,12,36.26,19,96.65,0,0,0,0,5,0,12,12,42,610.06,0,0,3,41.73,0,0,96.67,115.42,212.09,45,0,0,651.79,0,0
28,541,2,1,69191,34260.94,69116,34199.95,19,15.97,0,0,56,26.94,18.08,0,45.02,18.08,0,0,0,0,18.08,15.97,0,0,0,0,15.97,32141.42,2094.36,34235.78,8.58,13.17,2.96,24.71,0.45,25236,11788.06,37891,18997.98,1891,1355.38,682.85,27127,12470.91,7542,3416.37,10930,4713.5,4046,2005.42,1612,821.58,3261,1514.04,27127,12470.91,2619,15,2634,0,15,549,201,750,64562,31966.6,303,202.06,3997,1929.3,329,162.98,13008.78,20055.94,33064.72,69138,53,0,34238.15,22.79,0
28,541,2,2,32633,46095.44,32614,46067.37,9,12.03,0,0,10,8.02,8.02,0,16.04,8.02,0,0,0,0,8.02,12.03,0,0,0,0,12.03,42717.58,3119.14,45836.72,48.2,174.26,2.08,224.54,34.18,8036,10516.71,19072,25814.24,4494,6386.63,3177.09,12530,13693.8,2866,3259.65,4508,4491.4,2325,2452.29,1478,1581.59,1682,1908.87,12530,13693.8,1866,73,1939,5,0,696,272,968,30374,42867.87,584,838.71,1586,2270.72,89,118.14,14173.33,29684.24,43857.57,32621,12,0,46080,15.44,0
28,541,2,3,21850,57743.03,21714,57357.76,73,244.66,0,0,63,86.11,54.5,0,140.61,54.5,0,0,0,0,54.5,244.66,0,0,0,0,244.66,50673.54,6413.64,57087.18,132.78,424.62,7.6,565,90.85,3165,7222.1,11819,28348.51,6123,15102.93,6978.23,9288,14200.33,1683,2555.8,2887,4014.61,1907,2594,1941,2965.76,1223,2070.16,9288,14200.33,1697,22,1719,3,0,1509,153,1662,20704,54775.13,525,1403.1,607,1532.7,14,32.1,15016.98,36942.79,51959.77,21845,5,0,57728.84,14.19,0
28,541,2,4,7483,40326.1,7483,40326.1,0,0,0,0,0,0,0,0,0,0,0,0,0,0,0,0,0,0,0,0,0,31421.25,7164.03,38585.28,43.7,733.22,6.71,783.63,957.19,1115,3469.68,3620,16101.3,2446,11850.27,4057.64,3561,7527.32,761,1368.79,1184,2287.22,613,976.65,412,918.19,915,1976.47,3561,7527.32,629,6,635,0,0,439,70,509,7075,38200,292,1532.01,116,594.09,0,0,7680.55,24361.22,32041.77,7481,2,0,40316.15,9.95,0
28,541,2,5,438,5947.83,438,5947.83,0,0,0,0,0,0,0,0,0,0,0,0,0,0,0,0,0,0,0,0,0,3047.88,2124.4,5172.28,0,331.57,0,331.57,443.98,67,382,209,1319.97,151,1345.91,424.31,218,806.31,49,209,49,212.88,17,25.62,49,181.19,70,177.62,218,806.31,29,1,30,0,0,67,13,80,408,5558,21,266.41,9,123.42,0,0,806.34,2440.76,3247.1,438,0,0,5947.83,0,0
28,541,3,1,133781,63632.18,133619,63521.08,67,38.01,0,0,95,43.01,30.08,0,73.09,25.32,2.38,0,0,2.38,30.08,38.01,0,0,0,0,38.01,59305.75,4141.59,63447.34,46.1,60.31,22.91,129.32,55.52,63640,29753.28,56355,26645.23,4135,2907.24,1538.34,67775,31291.62,29960,13752.65,21961,9332.88,7486,3939.91,3294,1578.57,5958,2687.61,67775,31291.62,4166,96,4262,31,24,1506,243,1749,123564,58515.43,515,373.41,9456,4628.99,246,114.35,32312.45,28662.65,60975.1,133711,70,0,63598.18,34,0
28,541,3,2,55299,78019.44,55179,77837.99,50,74.17,0,0,70,75.72,31.56,0,107.28,20.33,11.23,0,0,0,31.56,74.17,0,0,0,0,74.17,71401.55,6181.51,77583.06,209.33,143.59,41.86,394.78,41.6,20223,26682.35,22251,30049.66,10251,14669.54,6981.88,30474,33664.23,11617,12425.03,7663,7519.78,6728,7060.53,2987,3300.86,3282,3358.03,30474,33664.23,4993,127,5120,23,0,2292,97,2389,50546,71260.75,1152,1661.88,3475,4922.96,126,173.85,34732.35,38886.62,73618.97,55260,39,0,77966.49,52.95,0
28,541,3,3,34328,92755.53,34224,92468.76,50,142.58,0,0,54,103.2,40.99,0,144.19,34.24,6.75,0,0,0,40.99,128.34,14.24,0,0,0,142.58,83335.01,8463.28,91798.29,427.05,356,29.56,812.61,144.63,9186,22564.53,11512,28189.89,12418,32580.59,14938.63,21604,37503.16,6922,11412.56,5182,6990.47,5814,8144.58,4269,6981.75,2484,3973.8,21604,37503.16,5355,88,5443,17,52,3126,132,3258,30721,82859.4,1635,4630.7,1895,5047.84,77,217.59,38645.3,47440.76,86086.06,34310,18,0,92703.56,51.97,0
28,541,3,4,14649,82455.55,14615,82288.65,11,51.1,0,0,23,98.04,17.76,0,115.8,2.97,14.79,0,0,0,17.76,51.1,0,0,0,0,51.1,69393.14,11187.74,80580.88,430.77,859.81,35.17,1325.75,548.92,2936,13620.59,3353,14940.32,7920,40832.23,18908.17,10856,32528.76,3538,9104.92,2805,6112.1,3192,6466.36,2935,7538.07,1509,3307.31,10856,32528.76,3269,83,3352,45,32,2721,145,2866,12962,72853.65,1011,5845.84,651,3609.64,25,146.42,33177.35,37713,70890.35,14649,0,0,82455.55,0,0
28,541,3,5,1585,24456.82,1579,24394.5,0,0,0,0,6,40.08,22.24,0,62.32,5.56,0,0,0,16.68,22.24,0,0,0,0,0,0,16915.08,5161.44,22076.52,96.57,976.45,10.01,1083.03,1297.27,392,3228.28,314,3648.53,841,10038.27,4364.79,1233,7593.07,248,1211.77,388,2043.86,281,1339.45,385,1809.06,313,1188.93,1233,7593.07,396,0,396,0,10,633,134,767,1337,20991.24,170,2277.47,78,1188.11,0,0,7706.78,9463,17169.78,1584,1,0,24446.3,10.52,0
28,541,4,1,26,13.08,26,13.08,0,0,0,0,0,0,0,0,0,0,0,0,0,0,0,0,0,0,0,0,0,3.77,5.01,8.78,0,1.39,0,1.39,2.91,16,3.08,7,0.69,0,0,0,16,3.08,2,1.29,4,0.62,0,0,0,0,10,1.17,16,3.08,0,0,0,0,0,0,0,0,26,13.08,0,0,0,0,0,0,3.1,0.69,3.79,0,0,26,0,0,13.08
28,541,4,2,18,26.93,18,26.93,0,0,0,0,0,0,0,0,0,0,0,0,0,0,0,0,0,0,0,0,0,3.36,15.96,19.32,0,2.44,0,2.44,5.17,7,1.96,5,1.4,0,0,0,7,1.96,0,0,0,0,0,0,0,0,7,1.96,7,1.96,0,0,0,0,0,0,0,0,15,22.71,0,0,3,4.22,0,0,1.97,1.4,3.37,0,0,18,0,0,26.93
28,541,4,3,16,49.45,16,49.45,0,0,0,0,0,0,0,0,0,0,0,0,0,0,0,0,0,0,0,0,0,19.6,14.94,34.54,0,4.77,0,4.77,10.14,12,17.23,4,2.37,0,0,0,12,17.23,3,4.99,4,5.56,3,2.49,0,0,8,4.19,12,17.23,3,0,3,0,0,0,0,0,16,49.45,0,0,0,0,0,0,17.24,5.28,22.52,0,0,16,0,0,49.45
28,541,4,4,28,175.05,28,175.05,0,0,0,0,0,0,0,0,0,0,0,0,0,0,0,0,0,0,0,0,0,75.38,48.67,124.05,2.33,15.58,0,17.91,33.09,17,48.87,9,9.64,2,16.87,10.96,19,59.83,9,43.73,0,0,3,4.39,0,0,10,11.71,19,59.83,3,0,3,0,0,0,0,0,28,175.05,0,0,0,0,0,0,59.86,15.56,75.42,0,0,28,0,0,175.05
28,541,4,5,23,1616.16,23,1616.16,0,0,0,0,0,0,0,0,0,0,0,0,0,0,0,0,0,0,0,0,0,1214.82,160.01,1374.83,0,54.24,0,54.24,187.09,10,69.82,8,214.56,5,930.44,363.62,15,433.44,4,147.81,1,8.51,0,0,2,234.19,8,42.93,15,433.44,0,0,0,0,0,6,0,6,23,1616.16,0,0,0,0,0,0,433.45,781.48,1214.93,0,0,23,0,0,1616.16
