"state_code","district_code","social_group","size_class","holding_no","holding_ar","sown_ar","current_fallows_ar","cultivated_ar","uncultivated.land_excluding_fallow","fallow_excluding_current.fallow","culturable_waste_land","uncultivated_land","land_not_for_cultivation"
37,532,4,99,58,537,273,264,537,0,0,0,0,0
37,533,4,99,72,755,372,362,734,0,20,0,20,0
37,534,4,99,25,354,160,194,354,0,0,0,0,0
37,535,4,99,184,2730,1391,1290,2681,0,8,2,10,39
36,537,4,99,145,1092,390,600,989,17,31,13,61,41
37,538,4,99,14,452,216,236,452,0,0,0,0,0
37,539,4,99,135,2235,885,768,1654,413,168,0,581,0
37,540,4,99,7,76,38,38,76,0,0,0,0,0
37,541,4,99,160,2186,950,563,1513,0,12,0,12,660
36,542,4,99,508,4033,2521,1512,4033,0,0,0,0,0
36,543,4,99,107,1363,739,622,1360,0,0,0,0,2
36,544,4,99,211,1483,967,514,1481,1,1,0,2,0
36,545,4,99,836,3912,2630,1275,3906,0,2,0,2,4
36,546,4,99,776,3446,2281,1163,3445,0,0,0,0,2
36,547,4,99,25,180,77,103,180,0,0,0,0,0
36,548,4,99,759,8025,5611,2414,8025,0,0,0,0,0
36,549,4,99,168,2040,1017,587,1604,0,436,0,436,0
36,550,4,99,666,6792,3880,2277,6157,142,106,49,297,338
36,551,4,99,18,619,316,303,619,0,0,0,0,0
36,552,4,99,53,1619,880,738,1619,0,0,0,0,0
36,553,4,99,714,5821,3744,2039,5783,0,39,0,39,0
36,554,4,99,45,2173,987,1037,2023,34,30,34,98,52
37,532,1,99,80294,90599,78957,11545,90502,1,20,21,43,54
37,533,1,99,62591,42530,36501,5467,41967,1,209,1,211,352
37,534,1,99,96579,61893,54704,7054,61758,10,77,0,88,47
37,535,1,99,107702,74873,57969,13177,71146,67,3105,13,3185,543
36,537,1,99,53045,48481,27392,18176,45567,201,1384,103,1688,1226
37,538,1,99,129514,117957,97347,20381,117729,0,219,0,219,9
37,539,1,99,87125,63174,41742,19914,61656,192,787,79,1057,461
37,540,1,99,82212,58348,47859,9911,57770,20,464,21,505,72
37,541,1,99,44552,29710,26302,3131,29434,0,277,0,277,0
36,542,1,99,27487,10620,9553,1067,10620,0,0,0,0,0
36,543,1,99,21930,11574,10365,1177,11541,6,0,6,13,20
36,544,1,99,10462,6143,5660,403,6063,3,59,0,62,18
36,545,1,99,62363,22626,20940,1236,22176,150,55,0,205,244
36,546,1,99,48177,25490,24176,1254,25430,11,7,0,19,42
36,547,1,99,50842,27140,25707,1410,27117,0,7,0,7,15
36,548,1,99,53256,31070,27495,3573,31068,0,2,0,2,0
36,549,1,99,73059,62154,48279,7585,55863,12,5026,448,5486,805
36,550,1,99,88661,53277,43377,7239,50616,240,892,471,1603,1059
36,551,1,99,39525,31556,20206,9849,30055,62,815,61,938,563
36,552,1,99,76496,86874,78359,8264,86623,10,194,14,218,33
36,553,1,99,71518,88061,77659,9676,87335,1,624,5,631,95
36,554,1,99,89262,56346,37225,16278,53503,109,2129,52,2290,553
37,532,3,99,328303,450198,405203,44322,449525,17,36,359,412,261
37,533,3,99,371883,357578,306462,44813,351275,102,1390,50,1541,4762
37,534,3,99,546409,559792,477845,79892,557737,252,832,77,1160,895
37,535,3,99,541557,548966,415718,98167,513885,1020,17374,443,18837,16244
36,537,3,99,259983,337733,167605,147056,314661,3335,9782,1756,14873,8200
37,538,3,99,761838,988683,796347,187631,983979,15,2933,7,2955,1749
37,539,3,99,585344,754808,513719,203097,716816,7101,12269,2766,22137,15854
37,540,3,99,474526,506312,416449,83286,499735,649,3235,502,4386,2190
37,541,3,99,267298,324091,300653,19367,320020,0,2592,0,2592,1479
36,542,3,99,461825,307914,295169,12744,307914,0,0,0,0,0
36,543,3,99,385619,292697,262983,27308,290291,798,128,470,1396,1010
36,544,3,99,355558,218042,210827,5371,216198,261,481,130,871,973
36,545,3,99,591563,393393,380942,7871,388814,980,1134,2,2116,2464
36,546,3,99,496068,416957,405626,9366,414992,51,27,10,87,1878
36,547,3,99,488069,471806,462605,8403,471009,1,86,0,87,711
36,548,3,99,685605,643418,597892,45075,642967,24,264,2,291,160
36,549,3,99,583508,770930,625669,70369,696038,224,39317,5887,45428,29464
36,550,3,99,342982,404532,326580,53285,379866,4202,5453,5906,15561,9106
36,551,3,99,393236,502650,373503,106156,479658,694,9867,1262,11823,11170
36,552,3,99,544022,945171,857783,84378,942161,186,1617,126,1928,1082
36,553,3,99,626250,1141597,1013576,109091,1122667,23,11456,265,11744,7186
36,554,3,99,561836,555463,363688,154275,517962,2899,18346,2013,23259,14242
37,532,2,99,111340,187245,154500,32577,187077,5,106,12,123,45
37,533,2,99,38982,33612,29736,3660,33396,0,32,0,32,184
37,534,2,99,19332,16651,13730,2918,16649,0,1,0,1,1
37,535,2,99,35100,36362,29351,5685,35036,55,967,0,1022,304
36,537,2,99,29498,32328,19932,10724,30656,384,895,65,1344,328
37,538,2,99,90948,97770,76595,20997,97592,0,142,0,142,36
37,539,2,99,84584,84019,56655,23384,80039,519,1809,185,2513,1467
37,540,2,99,106316,102576,90590,11420,102010,40,378,22,439,126
37,541,2,99,156327,180118,157030,20197,177226,125,2166,6,2298,594
36,542,2,99,36050,26845,20053,6792,26845,0,0,0,0,0
36,543,2,99,39185,36850,34727,2070,36797,7,26,6,39,15
36,544,2,99,108507,174416,146401,26049,172451,19,1544,0,1563,402
36,545,2,99,43952,81435,36707,34011,70718,225,7954,424,8603,2114
36,546,2,99,20810,24157,20508,3649,24157,0,0,0,0,0
36,547,2,99,12631,9287,8083,1204,9287,0,0,0,0,0
36,548,2,99,21028,18891,15961,2928,18889,0,1,0,1,0
36,549,2,99,13818,12384,9626,1834,11459,1,616,50,667,258
36,550,2,99,24706,14318,11928,1848,13777,85,129,118,332,209
36,551,2,99,8527,7573,4564,2886,7450,0,77,4,80,43
36,552,2,99,12331,16423,13456,2954,16410,0,10,0,10,2
36,553,2,99,29469,42531,37423,4848,42272,0,196,0,196,63
36,554,2,99,16039,12322,8004,3704,11708,42,413,17,472,143
37,532,99,99,519995,728579,638933,88709,727642,24,162,392,577,360
37,533,99,99,473528,434476,373071,54302,427373,103,1651,50,1804,5299
37,534,99,99,662345,638690,546439,90058,636498,262,910,77,1249,943
37,535,99,99,684543,662932,504429,118318,622748,1142,21454,458,23054,17130
36,537,99,99,342671,419634,215318,176556,391874,3937,12091,1937,17966,9794
37,538,99,99,982314,1204862,970506,229245,1199751,15,3294,7,3316,1795
37,539,99,99,757188,904236,613001,247164,860165,8225,15033,3030,26289,17782
37,540,99,99,663061,667311,554936,104656,659592,708,4077,545,5330,2389
37,541,99,99,468337,536105,484934,43258,528193,125,5047,6,5178,2734
36,542,99,99,525870,349412,327296,22116,349412,0,0,0,0,0
36,543,99,99,446841,342484,308814,31176,339990,811,154,482,1447,1047
36,544,99,99,474738,400083,363855,32337,396193,284,2084,130,2498,1393
36,545,99,99,698714,501366,441220,44393,485613,1356,9145,425,10926,4826
36,546,99,99,565831,470051,452591,15433,468024,62,34,10,106,1921
36,547,99,99,551567,508413,496472,11120,507593,1,93,0,94,726
36,548,99,99,760648,701404,646958,53991,700949,24,268,2,294,161
36,549,99,99,670553,847508,684590,80374,764964,237,45395,6385,52017,30527
36,550,99,99,457015,478919,385766,64649,450415,4670,6580,6543,17793,10712
36,551,99,99,441306,542399,398590,119193,517783,755,10759,1327,12841,11775
36,552,99,99,632902,1050086,950478,96335,1046813,196,1821,140,2156,1117
36,553,99,99,727951,1278010,1132402,125655,1258057,24,12315,270,12609,7344
36,554,99,99,667182,626306,409904,175293,585196,3085,20918,2116,26119,14990
37,532,4,52,6,392,196,196,392,0,0,0,0,0
37,533,4,52,10,526,263,263,526,0,0,0,0,0
37,534,4,52,4,268,118,149,268,0,0,0,0,0
37,535,4,52,16,2011,1076,891,1967,0,2,2,4,39
36,537,4,52,10,318,118,200,318,0,0,0,0,0
37,538,4,52,4,377,189,189,377,0,0,0,0,0
37,539,4,52,30,1778,642,613,1255,392,131,0,523,0
37,540,4,52,1,65,33,33,65,0,0,0,0,0
37,541,4,52,12,1510,544,302,846,0,4,0,4,660
36,542,4,52,41,2149,1232,917,2149,0,0,0,0,0
36,543,4,52,17,757,376,381,757,0,0,0,0,0
36,544,4,52,10,867,581,286,867,0,0,0,0,0
36,545,4,52,43,1973,1323,651,1973,0,0,0,0,0
36,546,4,52,26,911,519,391,911,0,0,0,0,0
36,547,4,52,3,92,22,71,92,0,0,0,0,0
36,548,4,52,72,4341,3093,1247,4341,0,0,0,0,0
36,549,4,52,31,1347,636,391,1026,0,321,0,321,0
36,550,4,52,78,4446,2465,1411,3876,142,41,49,233,338
36,551,4,52,5,581,291,291,581,0,0,0,0,0
36,552,4,52,15,1354,733,621,1354,0,0,0,0,0
36,553,4,52,42,2714,1420,1288,2708,0,6,0,6,0
36,554,4,52,16,1953,883,922,1804,34,28,34,97,52
37,532,1,52,17,599,493,106,599,0,0,0,0,0
37,533,1,52,0,0,0,0,0,0,0,0,0,0
37,534,1,52,8,200,100,100,200,0,0,0,0,0
37,535,1,52,6,221,188,24,212,0,9,0,9,0
36,537,1,52,8,242,89,153,242,0,0,0,0,0
37,538,1,52,18,660,418,242,660,0,0,0,0,0
37,539,1,52,3,89,34,55,89,0,0,0,0,0
37,540,1,52,36,1502,953,517,1471,0,32,0,32,0
37,541,1,52,4,173,87,87,173,0,0,0,0,0
36,542,1,52,1,43,21,21,43,0,0,0,0,0
36,543,1,52,0,0,0,0,0,0,0,0,0,0
36,544,1,52,0,0,0,0,0,0,0,0,0,0
36,545,1,52,2,41,21,21,41,0,0,0,0,0
36,546,1,52,2,62,31,31,62,0,0,0,0,0
36,547,1,52,10,298,149,149,298,0,0,0,0,0
36,548,1,52,7,147,74,74,147,0,0,0,0,0
36,549,1,52,6,183,91,91,183,0,0,0,0,0
36,550,1,52,1,27,14,14,27,0,0,0,0,0
36,551,1,52,1,24,12,12,24,0,0,0,0,0
36,552,1,52,9,351,215,136,351,0,0,0,0,0
36,553,1,52,11,286,143,143,286,0,0,0,0,0
36,554,1,52,9,314,186,129,314,0,0,0,0,0
37,532,3,52,234,8200,4760,3434,8194,0,0,4,4,2
37,533,3,52,35,999,419,505,924,13,21,11,46,29
37,534,3,52,131,4390,2210,2120,4329,0,32,0,32,29
37,535,3,52,215,6419,3770,2340,6110,39,143,0,182,127
36,537,3,52,149,4313,1584,2406,3990,6,164,4,173,150
37,538,3,52,341,10275,4329,5174,9504,0,492,0,492,280
37,539,3,52,159,5109,2483,2172,4655,102,205,12,319,134
37,540,3,52,287,9234,6286,2461,8748,87,224,14,325,161
37,541,3,52,159,6578,4915,1663,6578,0,0,0,0,0
36,542,3,52,57,2182,1210,972,2182,0,0,0,0,0
36,543,3,52,79,2539,1369,1169,2539,0,0,0,0,0
36,544,3,52,31,942,604,338,942,0,0,0,0,0
36,545,3,52,64,1887,1070,570,1640,0,151,0,151,97
36,546,3,52,48,1659,1188,471,1659,0,0,0,0,0
36,547,3,52,59,1884,1148,736,1884,0,0,0,0,0
36,548,3,52,38,1206,603,603,1206,0,0,0,0,0
36,549,3,52,151,4347,2141,1084,3225,0,633,78,710,413
36,550,3,52,157,4883,2434,2108,4542,106,5,56,167,175
36,551,3,52,43,1709,792,615,1407,0,192,0,192,110
36,552,3,52,235,8707,6158,2441,8599,20,47,12,79,28
36,553,3,52,367,11401,8670,2324,10993,0,196,2,198,209
36,554,3,52,123,3571,1723,1688,3411,43,46,15,104,56
37,532,2,52,93,2715,618,2097,2715,0,0,0,0,0
37,533,2,52,2,67,33,33,67,0,0,0,0,0
37,534,2,52,3,92,46,46,92,0,0,0,0,0
37,535,2,52,3,113,57,57,113,0,0,0,0,0
36,537,2,52,8,253,113,120,234,0,16,0,16,4
37,538,2,52,16,622,283,339,622,0,0,0,0,0
37,539,2,52,3,89,40,49,89,0,0,0,0,0
37,540,2,52,23,627,424,203,627,0,0,0,0,0
37,541,2,52,37,999,519,450,969,0,24,0,24,6
36,542,2,52,1,21,10,10,21,0,0,0,0,0
36,543,2,52,3,67,44,23,67,0,0,0,0,0
36,544,2,52,42,1049,564,485,1049,0,0,0,0,0
36,545,2,52,25,664,246,212,457,0,163,2,165,41
36,546,2,52,4,406,338,68,406,0,0,0,0,0
36,547,2,52,0,0,0,0,0,0,0,0,0,0
36,548,2,52,0,0,0,0,0,0,0,0,0,0
36,549,2,52,0,0,0,0,0,0,0,0,0,0
36,550,2,52,2,63,31,31,63,0,0,0,0,0
36,551,2,52,1,41,0,41,41,0,0,0,0,0
36,552,2,52,2,58,29,29,58,0,0,0,0,0
36,553,2,52,4,103,75,28,103,0,0,0,0,0
36,554,2,52,0,0,0,0,0,0,0,0,0,0
37,532,99,52,350,11906,6067,5834,11901,0,0,4,4,2
37,533,99,52,47,1591,716,802,1517,13,21,11,46,29
37,534,99,52,146,4950,2474,2415,4890,0,32,0,32,29
37,535,99,52,240,8764,5091,3311,8402,39,154,2,195,167
36,537,99,52,175,5127,1904,2879,4784,6,180,4,189,154
37,538,99,52,379,11934,5219,5944,11162,0,492,0,492,280
37,539,99,52,195,7065,3199,2889,6088,494,336,12,842,134
37,540,99,52,347,11428,7696,3214,10910,87,255,14,356,161
37,541,99,52,212,9260,6065,2501,8566,0,27,0,27,666
36,542,99,52,100,4395,2474,1921,4395,0,0,0,0,0
36,543,99,52,99,3363,1789,1574,3363,0,0,0,0,0
36,544,99,52,83,2857,1748,1109,2857,0,0,0,0,0
36,545,99,52,134,4565,2659,1453,4112,0,314,2,316,138
36,546,99,52,80,3038,2077,961,3038,0,0,0,0,0
36,547,99,52,72,2274,1318,956,2274,0,0,0,0,0
36,548,99,52,117,5694,3770,1924,5694,0,0,0,0,0
36,549,99,52,188,5877,2868,1566,4434,0,953,78,1031,413
36,550,99,52,238,9420,4943,3564,8508,248,46,106,399,513
36,551,99,52,50,2355,1094,959,2053,0,192,0,192,110
36,552,99,52,261,10470,7136,3227,10363,20,47,12,79,28
36,553,99,52,424,14504,10308,3782,14090,0,202,2,205,209
36,554,99,52,148,5839,2791,2738,5530,78,75,49,202,108
37,532,4,11,14,4,2,2,4,0,0,0,0,0
37,533,4,11,15,4,1,3,4,0,0,0,0,0
37,534,4,11,1,0,0,0,0,0,0,0,0,0
37,535,4,11,23,9,4,4,9,0,0,0,0,0
36,537,4,11,3,1,0,1,1,0,0,0,0,0
37,538,4,11,1,0,0,0,0,0,0,0,0,0
37,539,4,11,25,6,4,2,6,0,0,0,0,0
37,540,4,11,2,1,0,0,1,0,0,0,0,0
37,541,4,11,9,3,3,0,3,0,0,0,0,0
36,542,4,11,41,15,12,3,15,0,0,0,0,0
36,543,4,11,4,1,1,1,1,0,0,0,0,0
36,544,4,11,52,14,9,5,14,0,0,0,0,0
36,545,4,11,256,60,49,10,60,0,0,0,0,0
36,546,4,11,143,41,38,3,41,0,0,0,0,0
36,547,4,11,7,2,1,1,2,0,0,0,0,0
36,548,4,11,16,4,4,0,4,0,0,0,0,0
36,549,4,11,8,3,1,1,3,0,0,0,0,0
36,550,4,11,37,9,8,1,9,0,0,0,0,0
36,551,4,11,2,0,0,0,0,0,0,0,0,0
36,552,4,11,0,0,0,0,0,0,0,0,0,0
36,553,4,11,74,23,15,8,23,0,0,0,0,0
36,554,4,11,0,0,0,0,0,0,0,0,0,0
37,532,1,11,27860,7194,6244,948,7191,0,0,1,1,2
37,533,1,11,32389,9171,7428,1665,9094,0,1,0,1,77
37,534,1,11,53893,13581,11549,2030,13580,0,0,0,0,1
37,535,1,11,54402,13355,9748,3307,13055,12,245,2,260,40
36,537,1,11,20453,5653,2597,2722,5319,16,130,9,155,180
37,538,1,11,52850,13806,10105,3700,13805,0,0,0,0,0
37,539,1,11,44621,11269,6925,4227,11152,10,74,5,89,27
37,540,1,11,46586,11541,9620,1870,11490,1,42,2,44,6
37,541,1,11,25926,6764,6002,723,6725,0,39,0,39,0
36,542,1,11,20820,4478,4319,159,4478,0,0,0,0,0
36,543,1,11,14612,3369,3246,123,3369,0,0,0,0,0
36,544,1,11,6496,1686,1656,19,1675,2,3,0,5,6
36,545,1,11,50970,10531,10320,77,10396,55,2,0,57,78
36,546,1,11,32978,8154,8055,86,8140,1,0,0,1,13
36,547,1,11,34744,8463,8348,113,8461,0,0,0,0,2
36,548,1,11,34152,9038,8581,457,9038,0,0,0,0,0
36,549,1,11,33565,9327,7716,1370,9085,0,12,85,97,145
36,550,1,11,52898,13439,11742,1261,13003,6,127,108,241,195
36,551,1,11,15238,4442,2743,1630,4373,11,23,4,38,31
36,552,1,11,21154,6841,6432,403,6835,0,6,0,6,0
36,553,1,11,15192,4823,4174,640,4814,0,8,0,8,0
36,554,1,11,48943,12497,7999,4304,12303,5,149,3,157,38
37,532,3,11,97929,25117,22444,2654,25097,1,0,10,11,9
37,533,3,11,143661,38735,29915,8412,38327,3,23,0,26,381
37,534,3,11,212595,55466,46905,8558,55463,0,1,0,1,2
37,535,3,11,224181,54025,38365,14584,52949,37,575,10,621,455
36,537,3,11,78342,22304,9884,11503,21387,151,344,100,595,321
37,538,3,11,242235,61655,43676,17972,61649,0,4,0,4,3
37,539,3,11,182175,49350,31604,17215,48819,65,140,44,249,283
37,540,3,11,192585,47874,41587,6220,47807,5,24,10,39,28
37,541,3,11,92362,26551,24121,2282,26403,0,94,0,94,54
36,542,3,11,270668,63781,61550,2231,63781,0,0,0,0,0
36,543,3,11,213638,48037,46062,1935,47997,4,3,1,8,32
36,544,3,11,219266,51993,51472,304,51776,21,34,5,59,158
36,545,3,11,360241,89144,87875,807,88682,209,0,0,209,253
36,546,3,11,257762,69196,68693,328,69022,2,0,1,3,171
36,547,3,11,215688,61230,60680,535,61215,0,0,0,0,15
36,548,3,11,283640,84223,80756,3467,84223,0,0,0,0,0
36,549,3,11,175366,50662,43992,5824,49816,5,75,422,502,344
36,550,3,11,130240,34378,30933,2556,33488,17,160,376,554,336
36,551,3,11,105204,29988,21383,8334,29717,42,79,13,134,137
36,552,3,11,99234,31717,29455,2200,31655,4,32,0,36,26
36,553,3,11,88872,27405,23487,3882,27369,0,19,0,19,17
36,554,3,11,222355,57027,34819,21442,56260,32,305,24,360,407
37,532,2,11,18221,5142,4536,605,5141,1,0,0,1,0
37,533,2,11,13086,4026,3378,620,3998,0,0,0,0,28
37,534,2,11,7879,2178,1803,375,2178,0,0,0,0,0
37,535,2,11,10735,3088,2311,730,3041,4,31,0,36,11
36,537,2,11,8541,2593,1478,997,2475,13,61,6,80,38
37,538,2,11,29640,8141,5619,2519,8138,0,3,0,3,1
37,539,2,11,29377,8601,5270,3227,8497,7,33,5,45,58
37,540,2,11,41606,11120,10489,612,11101,0,14,0,15,4
37,541,2,11,51817,15218,13568,1597,15165,0,41,0,41,11
36,542,2,11,17337,4479,3561,918,4479,0,0,0,0,0
36,543,2,11,16594,4372,4268,102,4370,0,1,0,2,1
36,544,2,11,29040,7853,7462,304,7766,0,69,0,69,18
36,545,2,11,10200,2756,2217,538,2755,0,0,0,0,2
36,546,2,11,8225,2367,2109,258,2367,0,0,0,0,0
36,547,2,11,6829,1945,1861,84,1945,0,0,0,0,0
36,548,2,11,8164,2447,2263,184,2447,0,0,0,0,0
36,549,2,11,5743,1724,1416,260,1677,1,4,17,22,26
36,550,2,11,15233,4040,3597,304,3901,0,41,35,76,63
36,551,2,11,2865,833,520,305,825,0,2,0,2,6
36,552,2,11,2865,921,828,93,921,0,0,0,0,0
36,553,2,11,4431,1429,1213,215,1429,0,0,0,0,0
36,554,2,11,7092,2022,1219,780,1999,1,15,0,17,6
37,532,99,11,144024,37457,33224,4209,37434,2,0,11,12,11
37,533,99,11,189151,51936,40723,10700,51423,4,24,0,27,486
37,534,99,11,274368,71226,60258,10963,71221,0,1,0,1,3
37,535,99,11,289341,70477,50429,18625,69053,53,851,12,916,507
36,537,99,11,107339,30551,13960,15223,29183,181,535,115,830,538
37,538,99,11,324726,83602,59401,24191,83592,0,7,0,7,3
37,539,99,11,256198,69226,43802,24672,68474,82,247,54,384,368
37,540,99,11,280779,70536,61696,8702,70399,6,80,12,99,39
37,541,99,11,170114,48535,43694,4602,48296,0,174,0,174,66
36,542,99,11,308866,72753,69442,3312,72753,0,0,0,0,0
36,543,99,11,244848,55780,53576,2161,55737,4,4,1,10,33
36,544,99,11,254854,61546,60599,632,61230,22,106,5,133,182
36,545,99,11,421667,102491,100461,1431,101892,264,2,0,266,333
36,546,99,11,299108,79758,78895,675,79570,3,0,1,4,184
36,547,99,11,257268,71639,70889,733,71622,0,0,0,0,17
36,548,99,11,325972,95713,91605,4108,95713,0,0,0,0,0
36,549,99,11,214682,61716,53125,7456,60581,5,91,524,621,514
36,550,99,11,198408,51866,46280,4122,50401,23,329,519,871,594
36,551,99,11,123309,35264,24646,10270,34916,53,103,17,174,174
36,552,99,11,123253,39479,36715,2696,39411,4,38,0,43,26
36,553,99,11,108569,33680,28888,4746,33634,0,27,0,27,18
36,554,99,11,278390,71547,44037,26525,70562,38,468,27,533,452
37,532,4,21,6,8,5,3,8,0,0,0,0,0
37,533,4,21,8,11,4,7,11,0,0,0,0,0
37,534,4,21,5,9,5,4,9,0,0,0,0,0
37,535,4,21,32,46,18,27,45,0,0,0,0,0
36,537,4,21,10,16,3,11,13,1,1,0,2,0
37,538,4,21,0,0,0,0,0,0,0,0,0,0
37,539,4,21,16,22,12,10,22,0,0,0,0,0
37,540,4,21,1,1,1,1,1,0,0,0,0,0
37,541,4,21,24,38,21,12,33,0,5,0,5,0
36,542,4,21,106,162,138,24,162,0,0,0,0,0
36,543,4,21,6,10,7,4,10,0,0,0,0,0
36,544,4,21,43,62,40,22,62,0,0,0,0,0
36,545,4,21,126,183,137,46,183,0,0,0,0,0
36,546,4,21,144,208,165,43,208,0,0,0,0,0
36,547,4,21,1,2,1,1,2,0,0,0,0,0
36,548,4,21,142,214,161,53,214,0,0,0,0,0
36,549,4,21,15,22,12,10,22,0,0,0,0,0
36,550,4,21,152,214,145,69,214,0,0,0,0,0
36,551,4,21,5,6,5,2,6,0,0,0,0,0
36,552,4,21,2,3,3,1,3,0,0,0,0,0
36,553,4,21,80,114,72,42,114,0,0,0,0,0
36,554,4,21,5,8,3,3,6,0,1,0,1,0
37,532,1,21,18917,26616,23626,2967,26593,1,2,6,10,13
37,533,1,21,10813,14520,12880,1426,14306,0,83,1,84,130
37,534,1,21,13973,18940,17230,1622,18852,7,51,0,58,30
37,535,1,21,18593,25236,20089,3773,23862,26,1150,3,1179,195
36,537,1,21,12105,16722,9977,5708,15685,70,503,40,613,424
37,538,1,21,27944,39005,33805,5153,38958,0,46,0,46,1
37,539,1,21,14990,20554,14226,5775,20000,79,246,32,357,196
37,540,1,21,11507,15694,13190,2339,15529,8,129,6,143,22
37,541,1,21,5748,7799,7256,444,7700,0,100,0,100,0
36,542,1,21,1542,2017,1602,415,2017,0,0,0,0,0
36,543,1,21,2076,2796,2528,254,2782,2,0,4,5,9
36,544,1,21,1129,1543,1462,55,1516,1,16,0,18,9
36,545,1,21,2743,3682,3357,233,3590,28,11,0,39,53
36,546,1,21,4469,6090,5986,87,6074,5,0,0,5,12
36,547,1,21,4422,5951,5825,120,5945,0,4,0,4,2
36,548,1,21,5376,7211,6660,552,7211,0,0,0,0,0
36,549,1,21,15758,22123,17637,2252,19889,8,1804,151,1963,272
36,550,1,21,11591,15537,12242,2435,14677,89,300,136,525,335
36,551,1,21,7920,11068,7504,2926,10430,26,369,21,416,222
36,552,1,21,20608,28737,26865,1840,28705,2,27,0,29,3
36,553,1,21,22432,32555,29563,2860,32422,1,55,4,60,73
36,554,1,21,13019,17902,12288,4489,16777,34,871,21,926,199
37,532,3,21,90217,129447,119828,9505,129333,2,6,61,69,45
37,533,3,21,91437,128017,112740,13077,125817,8,530,14,552,1649
37,534,3,21,126752,178297,161088,16749,177837,33,197,7,237,223
37,535,3,21,120377,168747,131580,26833,158413,326,5352,105,5783,4551
36,537,3,21,67816,95571,51933,38516,90449,787,2127,469,3383,1739
37,538,3,21,197502,282862,238781,43716,282497,1,229,1,232,134
37,539,3,21,155305,220963,155852,56218,212070,1441,2693,663,4797,4096
37,540,3,21,105740,148796,128407,18964,147371,105,709,83,898,527
37,541,3,21,62730,87930,83115,3596,86711,0,776,0,776,444
36,542,3,21,62857,86492,83009,3482,86492,0,0,0,0,0
36,543,3,21,57096,79057,72619,5983,78602,157,17,82,256,198
36,544,3,21,41078,55861,54621,750,55371,74,123,42,239,251
36,545,3,21,72592,99582,97319,1298,98617,254,98,0,353,612
36,546,3,21,78380,108878,107062,1217,108279,26,2,5,32,567
36,547,3,21,91402,127884,126135,1570,127705,1,7,0,8,171
36,548,3,21,140692,195277,184097,11116,195213,0,38,2,40,23
36,549,3,21,151097,215873,184513,16203,200716,90,7376,1531,8998,6159
36,550,3,21,77841,109836,92502,12574,105075,644,995,1344,2984,1777
36,551,3,21,113575,163190,120890,34830,155720,245,2981,498,3725,3745
36,552,3,21,163417,233865,217210,16196,233406,51,224,14,289,170
36,553,3,21,209985,309988,283858,25578,309435,1,272,51,324,229
36,554,3,21,128363,181152,121757,48308,170065,608,5550,467,6625,4462
37,532,2,21,34794,49802,43597,6195,49792,1,0,4,4,6
37,533,2,21,10578,14239,12907,1227,14134,0,26,0,26,78
37,534,2,21,4278,5858,5134,724,5858,0,0,0,0,0
37,535,2,21,9878,13656,11369,1732,13100,22,402,0,424,132
36,537,2,21,8025,11053,7390,3016,10406,104,394,22,521,127
37,538,2,21,23940,33489,28179,5247,33426,0,49,0,49,13
37,539,2,21,21197,29224,20193,7903,28096,111,479,63,654,474
37,540,2,21,24633,33921,30510,3196,33706,8,143,12,163,52
37,541,2,21,37471,52243,46983,4591,51575,7,525,0,532,136
36,542,2,21,6389,8584,6336,2248,8584,0,0,0,0,0
36,543,2,21,8020,11019,10446,567,11013,3,0,1,4,2
36,544,2,21,26679,37972,34219,3164,37383,8,461,0,469,120
36,545,2,21,11213,16283,8449,6942,15391,1,710,3,715,178
36,546,2,21,4306,6112,5170,942,6112,0,0,0,0,0
36,547,2,21,1874,2640,2416,224,2640,0,0,0,0,0
36,548,2,21,4635,6306,5503,804,6306,0,0,0,0,0
36,549,2,21,3211,4500,3684,450,4134,0,228,20,248,118
36,550,2,21,2678,3559,2901,498,3399,36,24,37,97,63
36,551,2,21,1974,2727,1683,969,2652,0,50,1,51,24
36,552,2,21,3671,5116,4346,760,5106,0,8,0,8,2
36,553,2,21,11031,16178,14486,1680,16166,0,3,0,3,9
36,554,2,21,3044,4243,2876,1132,4007,15,160,6,180,55
37,532,99,21,143934,205874,187056,18670,205726,4,8,71,83,65
37,533,99,21,112836,156787,138531,15737,154268,8,640,14,662,1857
37,534,99,21,145008,203103,183457,19098,202555,40,248,7,295,253
37,535,99,21,148880,207685,163056,32364,195420,374,6905,108,7386,4878
36,537,99,21,87956,123362,69302,47251,116553,962,3025,532,4518,2290
37,538,99,21,249386,355356,300765,54116,354881,1,324,1,327,148
37,539,99,21,191508,270762,190283,69905,260189,1632,3418,758,5808,4765
37,540,99,21,141881,198412,172108,24500,196608,121,982,100,1203,601
37,541,99,21,105973,148011,137375,8642,146018,7,1405,0,1413,580
36,542,99,21,70894,97255,91085,6169,97255,0,0,0,0,0
36,543,99,21,67198,92882,85599,6808,92407,161,17,87,266,209
36,544,99,21,68929,95438,90341,3991,94333,83,600,43,726,380
36,545,99,21,86674,119731,109261,8519,117780,284,819,3,1107,844
36,546,99,21,87299,121288,118383,2289,120672,30,2,5,37,579
36,547,99,21,97699,136477,134377,1914,136291,1,12,0,12,173
36,548,99,21,150845,209008,196420,12525,208945,0,38,2,40,23
36,549,99,21,170081,242517,205846,18914,224760,98,9409,1701,11208,6549
36,550,99,21,92262,129146,107790,15575,123365,770,1319,1517,3607,2175
36,551,99,21,123474,176991,130082,38727,168809,272,3400,521,4192,3990
36,552,99,21,187698,267721,248424,18796,267220,53,259,15,326,175
36,553,99,21,243528,358835,327978,30159,358137,2,330,55,387,311
36,554,99,21,144431,203304,136924,53932,190856,656,6582,494,7732,4716
37,532,4,12,12,9,6,4,9,0,0,0,0,0
37,533,4,12,5,3,1,3,3,0,0,0,0,0
37,534,4,12,2,1,1,0,1,0,0,0,0,0
37,535,4,12,25,18,11,8,18,0,0,0,0,0
36,537,4,12,4,3,0,2,3,0,0,0,0,0
37,538,4,12,1,1,0,0,1,0,0,0,0,0
37,539,4,12,7,6,3,3,6,0,0,0,0,0
37,540,4,12,1,1,0,0,1,0,0,0,0,0
37,541,4,12,7,5,4,1,5,0,0,0,0,0
36,542,4,12,44,32,18,14,32,0,0,0,0,0
36,543,4,12,3,2,2,0,2,0,0,0,0,0
36,544,4,12,21,15,10,4,15,0,0,0,0,0
36,545,4,12,145,106,83,22,106,0,0,0,0,0
36,546,4,12,96,69,52,17,69,0,0,0,0,0
36,547,4,12,4,3,2,2,3,0,0,0,0,0
36,548,4,12,11,8,8,0,8,0,0,0,0,0
36,549,4,12,13,10,7,3,10,0,0,0,0,0
36,550,4,12,104,77,58,18,76,0,1,0,1,0
36,551,4,12,1,1,0,1,1,0,0,0,0,0
36,552,4,12,3,2,2,0,2,0,0,0,0,0
36,553,4,12,80,57,40,18,57,0,0,0,0,0
36,554,4,12,2,2,0,1,2,0,0,0,0,0
37,532,1,12,20153,14918,13397,1513,14910,0,0,3,3,5
37,533,1,12,17068,12321,10844,1346,12190,1,24,0,25,106
37,534,1,12,24933,17882,16783,1094,17877,0,4,0,4,1
37,535,1,12,29765,21406,16531,3687,20218,27,987,6,1020,168
36,537,1,12,15700,11485,6323,4539,10862,40,275,24,338,285
37,538,1,12,36601,26911,23027,3879,26906,0,5,0,5,0
37,539,1,12,22607,16367,11156,4858,16014,33,175,24,232,120
37,540,1,12,19501,14029,12165,1758,13923,4,78,6,89,17
37,541,1,12,10427,7394,6901,452,7354,0,41,0,41,0
36,542,1,12,4918,3485,3202,283,3485,0,0,0,0,0
36,543,1,12,4555,3232,3080,150,3230,0,0,0,0,1
36,544,1,12,2486,1767,1729,31,1760,0,4,0,4,2
36,545,1,12,7709,5298,5129,70,5199,29,4,0,33,66
36,546,1,12,9241,6521,6406,95,6501,6,1,0,6,14
36,547,1,12,10098,7219,7008,205,7214,0,3,0,3,2
36,548,1,12,11833,8364,7977,387,8364,0,0,0,0,0
36,549,1,12,17155,12552,10725,1254,11979,0,396,66,462,112
36,550,1,12,21085,15125,12755,1725,14479,56,202,122,380,265
36,551,1,12,13934,9722,6087,3266,9353,24,115,19,158,210
36,552,1,12,24489,17972,16640,1304,17943,1,27,0,28,1
36,553,1,12,20868,15585,14277,1297,15574,0,7,0,7,3
36,554,1,12,24132,17015,11133,5143,16276,22,581,10,613,126
37,532,3,12,72023,53527,49229,4254,53483,2,1,23,26,18
37,533,3,12,100012,73369,64376,7980,72356,5,188,1,194,819
37,534,3,12,141990,103955,97253,6602,103855,7,38,0,45,55
37,535,3,12,135166,98632,75374,17973,93347,180,2761,34,2975,2311
36,537,3,12,67843,49989,26079,21501,47581,372,1032,235,1639,769
37,538,3,12,182361,135716,113513,22134,135647,3,40,0,43,26
37,539,3,12,141523,104638,74191,27469,101661,412,650,307,1370,1608
37,540,3,12,114852,84366,75393,8461,83854,31,239,51,321,191
37,541,3,12,68872,50509,47006,2966,49971,0,342,0,342,196
36,542,3,12,103322,73699,71236,2464,73699,0,0,0,0,0
36,543,3,12,85621,61482,57760,3501,61261,37,36,8,81,141
36,544,3,12,78967,55448,54564,606,55171,43,57,18,118,160
36,545,3,12,124563,89313,87945,767,88713,206,28,2,235,365
36,546,3,12,115321,83353,82486,491,82976,6,10,1,17,360
36,547,3,12,125883,92052,91192,790,91982,0,4,0,4,67
36,548,3,12,192300,139401,132737,6652,139390,0,7,0,7,4
36,549,3,12,143493,105187,94797,7823,102620,27,882,521,1429,1138
36,550,3,12,83045,60790,53584,5151,58735,281,353,645,1280,775
36,551,3,12,101477,73988,53995,18014,72009,89,638,109,836,1143
36,552,3,12,131200,98126,91383,6611,97993,9,69,4,82,51
36,553,3,12,122632,92710,84182,8403,92585,0,62,6,67,58
36,554,3,12,147706,106925,72139,31139,103278,152,1725,141,2018,1629
37,532,2,12,22965,17300,15497,1795,17292,0,1,2,4,4
37,533,2,12,13195,9767,8825,889,9714,0,5,0,5,49
37,534,2,12,5744,4193,3736,455,4191,0,1,0,1,1
37,535,2,12,10803,7950,6272,1298,7571,22,271,0,293,86
36,537,2,12,9061,6712,4235,2274,6508,27,114,11,152,51
37,538,2,12,25444,18841,15700,3111,18811,0,24,0,24,6
37,539,2,12,24934,18315,12432,5329,17762,120,126,36,283,271
37,540,2,12,29754,21999,20738,1180,21918,0,57,4,61,20
37,541,2,12,41686,30697,27990,2389,30379,0,254,0,254,64
36,542,2,12,10287,7526,5870,1656,7526,0,0,0,0,0
36,543,2,12,10397,7579,7258,318,7576,1,1,1,2,1
36,544,2,12,24516,18132,16761,1238,17999,3,101,0,103,30
36,545,2,12,8431,6303,4135,2091,6226,0,60,0,60,16
36,546,2,12,4933,3626,3140,486,3626,0,0,0,0,0
36,547,2,12,3163,2316,2062,254,2316,0,0,0,0,0
36,548,2,12,6342,4639,4108,530,4638,0,0,0,0,0
36,549,2,12,3597,2622,2182,411,2593,0,12,6,18,12
36,550,2,12,5970,4296,3799,337,4136,30,42,31,104,57
36,551,2,12,3000,2097,1253,827,2080,0,7,2,9,8
36,552,2,12,3460,2576,2173,401,2574,0,2,0,2,0
36,553,2,12,6801,5173,4657,513,5171,0,0,0,0,2
36,554,2,12,4960,3521,2305,1070,3375,2,98,6,106,40
37,532,99,12,115153,85754,78128,7566,85694,3,2,28,33,28
37,533,99,12,130280,95460,84045,10217,94263,6,217,1,224,974
37,534,99,12,172669,126030,117774,8151,125924,7,42,0,49,57
37,535,99,12,175759,128007,98188,22966,121154,230,4019,40,4288,2565
36,537,99,12,92608,68189,36638,28316,64954,438,1422,270,2130,1105
37,538,99,12,244407,181468,152240,29124,181364,3,69,0,72,32
37,539,99,12,189071,139326,97782,37660,135442,566,952,368,1886,1998
37,540,99,12,164108,120394,108297,11399,119696,35,374,61,471,227
37,541,99,12,120992,88605,81902,5807,87709,0,637,0,637,259
36,542,99,12,118571,84742,80325,4417,84742,0,0,0,0,0
36,543,99,12,100576,72296,68100,3969,72069,38,37,9,84,143
36,544,99,12,105990,75362,73065,1880,74945,45,162,18,225,192
36,545,99,12,140848,101019,97293,2951,100243,235,92,2,329,447
36,546,99,12,129591,93569,92084,1088,93172,12,10,1,23,374
36,547,99,12,139148,101590,100264,1250,101515,0,6,0,6,69
36,548,99,12,210486,152412,144831,7569,152401,0,8,0,8,4
36,549,99,12,164258,120371,107711,9490,117201,27,1289,593,1909,1261
36,550,99,12,110204,80288,70196,7231,77427,368,598,798,1764,1097
36,551,99,12,118412,85808,61336,22108,83443,114,759,131,1004,1361
36,552,99,12,159152,118677,110197,8315,118512,10,98,4,112,52
36,553,99,12,150381,113525,103156,10231,113387,0,68,6,74,63
36,554,99,12,176800,127463,85577,37353,122930,177,2403,157,2737,1795
37,532,4,32,3,10,5,5,10,0,0,0,0,0
37,533,4,32,3,10,7,3,10,0,0,0,0,0
37,534,4,32,0,0,0,0,0,0,0,0,0,0
37,535,4,32,11,37,17,20,37,0,0,0,0,0
36,537,4,32,15,51,16,22,39,2,3,2,7,6
37,538,4,32,0,0,0,0,0,0,0,0,0,0
37,539,4,32,10,34,18,15,34,0,0,0,0,0
37,540,4,32,1,3,2,2,3,0,0,0,0,0
37,541,4,32,17,60,40,20,60,0,0,0,0,0
36,542,4,32,36,125,76,50,125,0,0,0,0,0
36,543,4,32,8,26,20,6,26,0,0,0,0,0
36,544,4,32,11,38,24,14,38,0,0,0,0,0
36,545,4,32,48,166,120,45,166,0,0,0,0,0
36,546,4,32,53,185,154,31,185,0,0,0,0,0
36,547,4,32,1,4,4,0,4,0,0,0,0,0
36,548,4,32,70,244,145,99,244,0,0,0,0,0
36,549,4,32,12,40,25,15,40,0,0,0,0,0
36,550,4,32,51,175,114,61,175,0,0,0,0,0
36,551,4,32,1,3,2,2,3,0,0,0,0,0
36,552,4,32,1,3,2,2,3,0,0,0,0,0
36,553,4,32,67,230,151,75,226,0,4,0,4,0
36,554,4,32,2,7,4,4,7,0,0,0,0,0
37,532,1,32,2165,7452,6245,1199,7443,0,3,2,5,4
37,533,1,32,364,1231,1012,177,1189,0,33,0,33,9
37,534,1,32,640,2183,1757,426,2183,0,0,0,0,0
37,535,1,32,772,2623,2028,445,2473,0,113,0,113,36
36,537,1,32,903,3069,1749,1068,2816,23,136,10,168,84
37,538,1,32,1995,6818,5485,1277,6762,0,48,0,48,9
37,539,1,32,847,2895,1769,999,2768,10,82,7,99,28
37,540,1,32,762,2631,2040,550,2590,0,32,3,35,6
37,541,1,32,374,1281,1040,211,1251,0,30,0,30,0
36,542,1,32,31,104,67,37,104,0,0,0,0,0
36,543,1,32,130,456,299,153,452,2,0,0,2,2
36,544,1,32,51,172,118,50,168,0,4,0,4,0
36,545,1,32,188,644,410,164,574,23,18,0,40,30
36,546,1,32,258,884,693,185,878,0,6,0,6,0
36,547,1,32,277,955,789,159,948,0,0,0,0,7
36,548,1,32,369,1254,950,305,1254,0,0,0,0,0
36,549,1,32,949,3262,2237,391,2629,0,556,21,577,56
36,550,1,32,468,1608,1121,366,1487,7,37,26,70,51
36,551,1,32,227,760,481,248,728,0,22,0,22,10
36,552,1,32,1843,6295,5743,513,6256,4,8,9,20,18
36,553,1,32,1417,4809,3816,942,4757,0,51,0,51,1
36,554,1,32,405,1371,869,383,1252,5,82,3,90,30
37,532,3,32,12509,43031,38930,4019,42949,3,5,43,51,31
37,533,3,32,7170,24558,21209,2889,24099,2,87,2,90,369
37,534,3,32,12715,43588,35353,7897,43251,37,139,15,190,147
37,535,3,32,12057,41421,31547,6679,38226,98,1481,68,1646,1550
36,537,3,32,9231,31738,15157,13937,29094,318,1182,216,1716,928
37,538,3,32,26664,91602,75112,15906,91018,6,369,0,374,210
37,539,3,32,22037,75742,50857,20174,71031,991,1542,324,2857,1855
37,540,3,32,11805,40557,32332,7475,39807,50,404,53,507,243
37,541,3,32,8518,29324,27572,1308,28880,0,283,0,283,161
36,542,3,32,4915,16889,16246,643,16889,0,0,0,0,0
36,543,3,32,6486,22505,18986,3161,22147,163,1,91,255,104
36,544,3,32,3103,10550,9919,473,10392,14,69,0,83,75
36,545,3,32,7225,24781,23978,416,24395,43,140,0,183,203
36,546,3,32,9541,32896,31691,987,32678,4,4,2,10,209
36,547,3,32,12420,42669,41955,675,42630,0,0,0,0,39
36,548,3,32,14884,51040,45850,5166,51016,0,15,0,15,9
36,549,3,32,24242,83503,66077,7392,73470,0,5675,498,6173,3860
36,550,3,32,10359,35599,27394,5167,32561,650,639,642,1931,1107
36,551,3,32,14352,49117,37791,8769,46560,42,1199,120,1361,1196
36,552,3,32,30626,105521,96354,8967,105320,19,87,19,125,76
36,553,3,32,35876,123279,109057,11164,120221,4,1868,38,1910,1148
36,554,3,32,11844,40634,26318,9922,36240,391,2176,260,2827,1567
37,532,2,32,6496,22278,17643,4600,22243,2,25,1,27,8
37,533,2,32,250,842,731,108,839,0,0,0,0,3
37,534,2,32,230,800,539,261,799,0,0,0,0,0
37,535,2,32,667,2285,1921,313,2235,1,38,0,39,11
36,537,2,32,659,2256,1275,853,2128,31,66,6,103,24
37,538,2,32,2007,6866,5077,1786,6863,0,2,0,2,1
37,539,2,32,1638,5605,3971,1197,5168,79,209,20,309,128
37,540,2,32,1790,6140,4952,1127,6079,0,44,1,46,15
37,541,2,32,4913,16844,14190,2325,16515,16,248,0,264,65
36,542,2,32,344,1169,777,392,1169,0,0,0,0,0
36,543,2,32,907,3106,2829,276,3105,0,0,0,0,1
36,544,2,32,6314,21787,18248,3351,21599,0,150,0,150,39
36,545,2,32,2999,10349,4101,4859,8960,12,1055,46,1114,275
36,546,2,32,654,2250,1830,420,2250,0,0,0,0,0
36,547,2,32,150,514,403,111,514,0,0,0,0,0
36,548,2,32,313,1071,822,249,1071,0,0,0,0,0
36,549,2,32,209,716,436,172,608,0,86,0,86,22
36,550,2,32,118,404,264,134,398,6,0,0,6,0
36,551,2,32,87,296,152,144,296,0,0,0,0,0
36,552,2,32,456,1558,1330,229,1558,0,0,0,0,0
36,553,2,32,885,3034,2515,498,3013,0,16,0,16,5
36,554,2,32,125,425,278,128,406,3,12,0,15,3
37,532,99,32,21173,72771,62823,9823,72646,5,32,46,83,42
37,533,99,32,7787,26641,22959,3178,26137,2,119,2,123,381
37,534,99,32,13585,46571,37649,8584,46233,37,139,15,190,148
37,535,99,32,13507,46366,35513,7457,42970,99,1632,68,1799,1597
36,537,99,32,10808,37114,18197,15880,34077,375,1386,233,1994,1043
37,538,99,32,30666,105287,85674,18969,104643,6,419,0,425,220
37,539,99,32,24532,84276,56615,22385,79001,1080,1834,351,3265,2011
37,540,99,32,14358,49332,39326,9154,48480,51,480,57,589,263
37,541,99,32,13822,47509,42842,3864,46706,16,561,0,578,226
36,542,99,32,5326,18288,17166,1122,18288,0,0,0,0,0
36,543,99,32,7531,26094,22134,3596,25729,164,1,92,257,107
36,544,99,32,9479,32548,28309,3888,32197,14,223,0,237,114
36,545,99,32,10460,35939,28609,5484,34094,78,1213,46,1337,508
36,546,99,32,10506,36215,34368,1622,35990,4,10,2,16,209
36,547,99,32,12848,44141,43151,944,44095,0,0,0,0,46
36,548,99,32,15636,53609,47766,5819,53585,0,15,0,15,9
36,549,99,32,25412,87521,68775,7971,76746,0,6317,519,6836,3938
36,550,99,32,10996,37786,28893,5728,34621,663,677,668,2007,1158
36,551,99,32,14667,50176,38426,9162,47587,42,1221,120,1384,1205
36,552,99,32,32926,113377,103428,9710,113138,23,95,27,145,94
36,553,99,32,38245,131352,115538,12679,128217,4,1940,38,1981,1153
36,554,99,32,12376,42437,27469,10436,37905,399,2270,263,2932,1600
37,532,4,31,6,15,7,7,15,0,0,0,0,0
37,533,4,31,10,24,12,12,24,0,0,0,0,0
37,534,4,31,4,10,6,4,10,0,0,0,0,0
37,535,4,31,21,47,24,23,47,0,0,0,0,0
36,537,4,31,37,94,30,59,89,1,3,1,5,1
37,538,4,31,2,5,2,2,5,0,0,0,0,0
37,539,4,31,11,27,12,15,27,0,0,0,0,0
37,540,4,31,0,0,0,0,0,0,0,0,0,0
37,541,4,31,36,91,48,44,91,0,0,0,0,0
36,542,4,31,84,204,152,52,204,0,0,0,0,0
36,543,4,31,12,28,17,11,28,0,0,0,0,0
36,544,4,31,20,48,24,24,48,0,0,0,0,0
36,545,4,31,71,173,117,55,172,0,0,0,0,1
36,546,4,31,88,219,172,47,219,0,0,0,0,0
36,547,4,31,1,2,1,1,2,0,0,0,0,0
36,548,4,31,92,225,126,99,225,0,0,0,0,0
36,549,4,31,21,51,29,12,41,0,10,0,10,0
36,550,4,31,72,183,117,61,179,0,5,0,5,0
36,551,4,31,2,5,1,4,5,0,0,0,0,0
36,552,4,31,4,10,4,6,10,0,0,0,0,0
36,553,4,31,66,167,113,52,165,0,1,0,1,0
36,554,4,31,3,7,3,3,7,0,0,0,0,0
37,532,1,31,8827,19880,17650,2214,19864,0,5,4,9,7
37,533,1,31,1728,3990,3435,460,3895,0,68,0,68,27
37,534,1,31,2567,5999,5218,740,5958,3,22,0,26,15
37,535,1,31,3507,8189,6570,1013,7584,1,520,2,524,81
36,537,1,31,3198,7475,4603,2380,6983,38,277,15,330,161
37,538,1,31,7998,18846,15878,2907,18785,0,61,0,61,0
37,539,1,31,3313,7819,5250,2269,7519,43,179,8,231,70
37,540,1,31,2713,6466,5264,1141,6406,1,47,4,52,9
37,541,1,31,1607,3701,3183,467,3651,0,51,0,51,0
36,542,1,31,148,350,267,84,350,0,0,0,0,0
36,543,1,31,426,988,752,223,976,3,0,2,5,7
36,544,1,31,216,486,413,71,485,0,0,0,1,1
36,545,1,31,568,1359,1060,262,1322,10,14,0,24,13
36,546,1,31,975,2267,1888,377,2264,0,0,0,0,3
36,547,1,31,956,2269,2144,123,2267,0,0,0,0,3
36,548,1,31,1120,2658,1890,768,2658,0,0,0,0,0
36,549,1,31,5007,11233,8016,1354,9370,4,1611,91,1707,157
36,550,1,31,2190,4996,3828,700,4528,55,174,69,298,170
36,551,1,31,2036,4499,2781,1346,4126,0,265,17,282,90
36,552,1,31,6147,14372,12966,1290,14256,1,113,1,114,2
36,553,1,31,10414,23206,20847,1991,22837,0,354,1,355,14
36,554,1,31,2485,5646,3775,1355,5130,31,357,10,398,118
37,532,3,31,39249,90886,83587,7181,90769,2,3,66,72,45
37,533,3,31,23255,54826,47856,5852,53708,16,255,1,272,846
37,534,3,31,38276,91220,77880,12929,90809,38,167,14,220,191
37,535,3,31,33905,80468,62673,12060,74733,166,2857,96,3119,2617
36,537,3,31,24844,58940,30808,24257,55066,585,1615,307,2507,1367
37,538,3,31,77598,185319,152719,31839,184558,0,479,5,484,277
37,539,3,31,57527,137211,95916,33935,129851,1202,2503,578,4283,3077
37,540,3,31,34115,81362,66855,13449,80304,69,532,85,686,372
37,541,3,31,23470,55827,52991,1911,54901,0,589,0,589,336
36,542,3,31,14935,35750,34383,1367,35750,0,0,0,0,0
36,543,3,31,15783,37896,33011,4424,37435,157,18,124,299,162
36,544,3,31,9680,22607,21937,438,22376,19,47,55,121,111
36,545,3,31,19685,46786,45402,737,46139,156,124,0,280,368
36,546,3,31,24435,58214,56738,1116,57853,9,2,1,12,348
36,547,3,31,29567,71025,69750,1134,70884,0,1,0,1,141
36,548,3,31,40157,96105,88359,7686,96045,11,30,0,41,19
36,549,3,31,62026,146621,117655,11794,129449,36,9276,1255,10567,6605
36,550,3,31,26589,62871,50496,8262,58758,583,820,1197,2600,1514
36,551,3,31,45056,106058,79075,20774,99849,170,2780,356,3306,2904
36,552,3,31,72022,172226,159538,12350,171889,24,172,19,215,122
36,553,3,31,120864,280184,252704,23099,275804,12,2640,74,2726,1654
36,554,3,31,39371,92660,61814,22866,84680,615,3948,427,4989,2991
37,532,2,31,21510,49174,41751,7391,49141,2,21,2,25,8
37,533,2,31,1741,3935,3433,479,3912,0,1,0,1,22
37,534,2,31,958,2225,1725,500,2225,0,0,0,0,0
37,535,2,31,2399,5555,4628,703,5331,5,170,0,175,49
36,537,2,31,2635,6075,3605,2126,5731,129,147,14,290,54
37,538,2,31,7937,18626,14731,3859,18590,0,29,0,29,7
37,539,2,31,5981,14088,9626,3523,13148,94,480,37,610,330
37,540,2,31,6202,14709,12653,1943,14596,13,78,1,92,22
37,541,2,31,15500,36143,31119,4160,35279,35,658,1,694,170
36,542,2,31,1358,3164,2420,745,3164,0,0,0,0,0
36,543,2,31,2401,5686,5384,293,5677,1,2,3,5,3
36,544,2,31,12921,31203,27222,3926,31148,0,39,0,39,16
36,545,2,31,6323,15032,7153,6367,13520,1,1200,10,1211,300
36,546,2,31,1852,4399,3727,673,4399,0,0,0,0,0
36,547,2,31,498,1213,962,251,1213,0,0,0,0,0
36,548,2,31,1314,3037,2409,627,3037,0,0,0,0,0
36,549,2,31,926,2088,1467,297,1764,0,248,6,254,70
36,550,2,31,603,1362,968,333,1301,5,22,12,39,23
36,551,2,31,529,1186,725,438,1163,0,18,0,18,5
36,552,2,31,1320,3071,2550,521,3071,0,0,0,0,0
36,553,2,31,5605,12508,11452,1007,12459,0,36,0,36,13
36,554,2,31,746,1724,1077,491,1568,15,106,3,125,31
37,532,99,31,69592,159956,142996,16793,159789,4,29,72,106,61
37,533,99,31,26734,62775,54736,6803,61539,16,323,1,341,895
37,534,99,31,41805,99454,84830,14172,99002,42,190,14,246,206
37,535,99,31,39832,94259,73895,13799,87694,172,3548,99,3818,2747
36,537,99,31,30714,72584,39046,28822,67868,754,2041,337,3132,1584
37,538,99,31,93535,222795,183331,38607,221938,0,568,5,573,284
37,539,99,31,66832,159146,110804,39742,150545,1339,3162,623,5124,3477
37,540,99,31,43030,102538,84772,16533,101305,83,657,89,830,403
37,541,99,31,40613,95762,87341,6581,93922,35,1298,1,1334,506
36,542,99,31,16525,39469,37221,2248,39469,0,0,0,0,0
36,543,99,31,18622,44598,39164,4952,44116,160,20,128,309,173
36,544,99,31,22837,54345,49597,4459,54056,20,86,55,161,128
36,545,99,31,26647,63350,53732,7421,61153,168,1338,10,1515,682
36,546,99,31,27350,65100,62524,2212,64737,9,2,1,12,351
36,547,99,31,31022,74510,72856,1509,74366,0,1,0,1,143
36,548,99,31,42683,102024,92783,9180,101964,11,30,0,41,19
36,549,99,31,67980,159993,127166,13457,140624,40,11145,1352,12538,6832
36,550,99,31,29454,69413,55409,9356,64765,644,1021,1277,2942,1707
36,551,99,31,47623,111748,82581,22562,105144,170,3063,373,3606,2999
36,552,99,31,79493,189678,175058,14167,189225,25,284,20,329,124
36,553,99,31,136949,316065,285116,26149,311265,12,3033,75,3120,1680
36,554,99,31,42605,100037,66669,24716,91384,661,4410,440,5512,3140
37,532,4,42,3,19,12,6,19,0,0,0,0,0
37,533,4,42,11,73,36,36,73,0,0,0,0,0
37,534,4,42,3,19,10,10,19,0,0,0,0,0
37,535,4,42,12,70,32,38,70,0,0,0,0,0
36,537,4,42,13,77,30,43,73,0,2,0,3,2
37,538,4,42,3,19,9,9,19,0,0,0,0,0
37,539,4,42,10,64,42,20,62,0,2,0,2,0
37,540,4,42,1,5,3,3,5,0,0,0,0,0
37,541,4,42,20,128,76,52,128,0,0,0,0,0
36,542,4,42,35,210,160,50,210,0,0,0,0,0
36,543,4,42,15,91,41,50,91,0,0,0,0,0
36,544,4,42,15,93,65,28,93,0,0,0,0,0
36,545,4,42,36,229,146,82,228,0,0,0,0,0
36,546,4,42,77,469,326,143,469,0,0,0,0,0
36,547,4,42,3,19,12,6,19,0,0,0,0,0
36,548,4,42,98,603,460,143,603,0,0,0,0,0
36,549,4,42,25,150,63,35,98,0,52,0,52,0
36,550,4,42,46,275,150,100,250,0,25,0,25,0
36,551,4,42,0,0,0,0,0,0,0,0,0,0
36,552,4,42,8,50,43,7,50,0,0,0,0,0
36,553,4,42,99,608,487,113,600,0,8,0,8,0
36,554,4,42,2,14,7,7,14,0,0,0,0,0
37,532,1,42,882,5291,4264,998,5262,0,10,2,12,17
37,533,1,42,70,417,289,127,416,0,0,0,0,1
37,534,1,42,201,1184,792,392,1184,0,0,0,0,0
37,535,1,42,239,1420,1040,349,1389,0,16,0,16,15
36,537,1,42,252,1507,804,621,1425,6,33,2,41,42
37,538,1,42,648,3834,2749,1056,3805,0,29,0,29,0
37,539,1,42,256,1532,820,690,1511,7,7,0,14,7
37,540,1,42,339,2032,1509,501,2011,0,19,0,19,2
37,541,1,42,142,829,588,239,827,0,2,0,2,0
36,542,1,42,8,49,25,25,49,0,0,0,0,0
36,543,1,42,38,229,157,72,229,0,0,0,0,0
36,544,1,42,35,195,109,73,182,0,13,0,13,0
36,545,1,42,50,293,174,114,288,2,0,0,2,2
36,546,1,42,111,637,502,136,637,0,0,0,0,0
36,547,1,42,105,634,499,135,634,0,0,0,0,0
36,548,1,42,99,583,371,212,583,0,0,0,0,0
36,549,1,42,192,1117,624,291,914,0,146,22,167,36
36,550,1,42,124,741,500,202,702,1,15,9,24,16
36,551,1,42,63,365,206,157,363,0,2,0,2,0
36,552,1,42,903,5278,3988,1281,5269,1,4,2,6,3
36,553,1,42,456,2681,2001,588,2590,0,88,0,88,3
36,554,1,42,102,615,393,178,571,5,32,0,36,7
37,532,3,42,6273,37611,32914,4580,37494,0,16,55,71,47
37,533,3,42,2390,14233,11929,1987,13916,3,84,4,91,225
37,534,3,42,5119,30571,21199,9088,30287,60,110,8,178,106
37,535,3,42,5856,35164,26073,5874,31948,48,1459,49,1556,1660
36,537,3,42,4452,26811,12253,11732,23985,397,1191,151,1740,1087
37,538,3,42,12803,76975,60094,16201,76295,5,425,0,430,250
37,539,3,42,10088,60275,38972,16614,55587,955,1635,282,2872,1817
37,540,3,42,5223,31330,22205,8384,30588,74,377,62,513,228
37,541,3,42,4043,24180,22143,1733,23876,0,194,0,194,110
36,542,3,42,1756,10395,9931,465,10395,0,0,0,0,0
36,543,3,42,2491,14850,12447,2182,14629,71,28,44,143,78
36,544,3,42,1318,7800,7063,561,7624,39,50,6,95,81
36,545,3,42,2629,15589,14198,875,15074,84,216,0,300,216
36,546,3,42,4142,24754,22989,1695,24684,3,0,0,3,68
36,547,3,42,4955,29678,28719,810,29529,0,22,0,22,126
36,548,3,42,5057,29709,26355,3224,29580,1,81,0,83,47
36,549,3,42,10562,63224,45477,7721,53197,21,5469,574,6065,3962
36,550,3,42,5364,32207,23559,6126,29685,362,700,528,1590,932
36,551,3,42,5102,30181,22763,5423,28187,64,884,106,1054,941
36,552,3,42,18686,112269,98029,13544,111572,13,408,23,444,252
36,553,3,42,18870,112921,94918,13985,108903,0,2514,25,2539,1479
36,554,3,42,4514,26965,16725,6633,23358,385,1770,258,2412,1194
37,532,2,42,2372,14197,10846,3336,14182,0,9,2,11,5
37,533,2,42,44,261,148,111,260,0,0,0,0,1
37,534,2,42,74,432,197,236,432,0,0,0,0,0
37,535,2,42,258,1531,1075,428,1504,0,21,0,21,5
36,537,2,42,196,1162,596,482,1078,20,47,2,69,14
37,538,2,42,647,3879,2519,1321,3840,0,32,0,32,8
37,539,2,42,561,3326,2144,816,2959,90,177,11,277,90
37,540,2,42,689,4153,3008,1124,4132,13,6,0,19,2
37,541,2,42,1676,9964,8315,1501,9816,33,74,1,109,39
36,542,2,42,119,699,404,296,699,0,0,0,0,0
36,543,2,42,314,1877,1718,156,1873,2,0,1,2,1
36,544,2,42,3638,21890,16653,4874,21528,5,286,0,292,71
36,545,2,42,1885,11338,3959,5021,8980,78,1682,139,1900,459
36,546,2,42,334,1992,1706,285,1992,0,0,0,0,0
36,547,2,42,39,238,166,72,238,0,0,0,0,0
36,548,2,42,73,426,191,234,425,0,1,0,1,0
36,549,2,42,48,276,156,97,253,0,17,1,18,6
36,550,2,42,28,166,115,52,166,0,0,0,0,0
36,551,2,42,22,128,82,46,128,0,0,0,0,0
36,552,2,42,192,1135,891,244,1135,0,0,0,0,0
36,553,2,42,302,1780,1334,349,1682,0,78,0,78,19
36,554,2,42,29,166,114,31,145,4,13,1,17,4
37,532,99,42,9530,57118,48036,8920,56956,0,35,58,93,69
37,533,99,42,2515,14984,12403,2262,14665,3,84,4,91,228
37,534,99,42,5397,32207,22198,9725,31923,60,110,8,178,106
37,535,99,42,6365,38185,28221,6690,34911,48,1496,49,1593,1681
36,537,99,42,4913,29558,13683,12878,26561,423,1274,156,1853,1144
37,538,99,42,14101,84707,65371,18588,83959,5,486,0,490,258
37,539,99,42,10915,65198,41979,18140,60119,1052,1820,292,3165,1914
37,540,99,42,6252,37520,26725,10012,36737,87,402,62,551,232
37,541,99,42,5881,35101,31122,3525,34646,33,270,1,305,150
36,542,99,42,1918,11354,10518,836,11354,0,0,0,0,0
36,543,99,42,2858,17046,14362,2460,16822,73,28,44,145,79
36,544,99,42,5006,29978,23891,5537,29427,44,349,6,399,152
36,545,99,42,4600,27449,18477,6093,24570,164,1898,139,2202,677
36,546,99,42,4664,27852,25522,2260,27782,3,0,0,3,68
36,547,99,42,5102,30569,29396,1024,30420,0,22,0,22,126
36,548,99,42,5327,31322,27377,3814,31191,1,82,0,84,47
36,549,99,42,10827,64768,46320,8143,54463,21,5684,597,6301,4003
36,550,99,42,5562,33390,24323,6479,30803,363,740,536,1640,948
36,551,99,42,5187,30674,23052,5626,28677,64,887,106,1056,941
36,552,99,42,19789,118732,102950,15075,118026,14,412,24,450,255
36,553,99,42,19727,117990,98740,15035,113775,0,2689,25,2714,1502
36,554,99,42,4647,27759,17238,6850,24088,393,1814,258,2466,1205
37,532,4,41,2,9,5,5,9,0,0,0,0,0
37,533,4,41,2,8,2,6,8,0,0,0,0,0
37,534,4,41,3,14,7,7,14,0,0,0,0,0
37,535,4,41,10,44,17,27,44,0,0,0,0,0
36,537,4,41,15,67,28,27,55,2,3,1,6,6
37,538,4,41,0,0,0,0,0,0,0,0,0,0
37,539,4,41,4,17,11,6,17,0,0,0,0,0
37,540,4,41,0,0,0,0,0,0,0,0,0,0
37,541,4,41,7,32,22,10,32,0,0,0,0,0
36,542,4,41,37,165,104,61,165,0,0,0,0,0
36,543,4,41,7,32,19,13,32,0,0,0,0,0
36,544,4,41,17,75,41,33,75,0,1,0,1,0
36,545,4,41,37,163,106,54,159,0,2,0,2,2
36,546,4,41,53,237,153,83,236,0,0,0,0,0
36,547,4,41,0,0,0,0,0,0,0,0,0,0
36,548,4,41,81,364,245,119,364,0,0,0,0,0
36,549,4,41,12,54,36,18,54,0,0,0,0,0
36,550,4,41,26,113,82,31,113,0,0,0,0,0
36,551,4,41,1,4,2,2,4,0,0,0,0,0
36,552,4,41,6,26,13,13,26,0,0,0,0,0
36,553,4,41,59,269,217,46,263,0,6,0,6,0
36,554,4,41,1,5,2,2,5,0,0,0,0,0
37,532,1,41,1093,4811,4196,606,4802,0,0,3,3,6
37,533,1,41,130,573,450,121,571,0,0,0,0,2
37,534,1,41,306,1344,932,412,1344,0,0,0,0,0
37,535,1,41,318,1403,1136,210,1347,0,57,0,57,0
36,537,1,41,345,1527,883,595,1478,4,20,2,26,24
37,538,1,41,1162,5158,4093,1050,5144,0,15,0,15,0
37,539,1,41,393,1739,1092,631,1723,2,11,0,13,3
37,540,1,41,575,2554,1805,714,2519,2,25,0,28,7
37,541,1,41,259,1133,823,306,1129,0,4,0,4,0
36,542,1,41,17,75,42,34,75,0,0,0,0,0
36,543,1,41,73,320,177,143,320,0,0,0,0,0
36,544,1,41,36,159,100,41,142,0,18,0,18,0
36,545,1,41,101,450,312,126,438,3,6,0,9,3
36,546,1,41,100,443,286,156,443,0,0,0,0,0
36,547,1,41,180,796,551,244,796,0,0,0,0,0
36,548,1,41,220,967,540,427,967,0,0,0,0,0
36,549,1,41,338,1481,872,318,1190,0,291,0,291,0
36,550,1,41,229,999,635,282,917,27,28,0,55,27
36,551,1,41,74,328,191,118,309,0,19,0,19,0
36,552,1,41,1135,5063,4138,906,5044,1,10,2,14,5
36,553,1,41,585,2598,1953,583,2537,0,61,0,61,0
36,554,1,41,131,578,343,170,513,4,51,0,55,10
37,532,3,41,6692,29659,26691,2894,29584,1,0,46,47,29
37,533,3,41,2968,13100,11057,1749,12806,2,77,3,82,212
37,534,3,41,6545,29009,21741,7048,28788,29,80,21,131,90
37,535,3,41,6313,27952,21381,4024,25405,60,1169,50,1279,1268
36,537,3,41,4732,20941,9830,9246,19076,268,800,101,1168,696
37,538,3,41,14749,65567,52551,12678,65229,0,206,0,206,133
37,539,3,41,11525,51062,34502,13241,47744,736,1074,262,2071,1247
37,540,3,41,6739,29915,21804,7629,29434,18,271,36,325,156
37,541,3,41,5118,22606,20708,1591,22299,0,195,0,195,111
36,542,3,41,2590,11459,11066,392,11459,0,0,0,0,0
36,543,3,41,3260,14454,12144,2019,14163,101,3,65,169,123
36,544,3,41,1502,6615,6035,348,6383,16,100,1,117,116
36,545,3,41,3504,15456,14650,541,15191,28,98,0,126,140
36,546,3,41,4710,20810,20142,503,20645,2,8,0,10,155
36,547,3,41,6321,27986,27245,698,27944,0,0,0,0,42
36,548,3,41,7419,32906,29192,3702,32894,0,8,0,8,4
36,549,3,41,11581,51353,37884,6047,43931,13,4157,403,4573,2850
36,550,3,41,5665,25101,18890,4116,23006,346,558,418,1322,773
36,551,3,41,6462,28666,22229,4972,27201,5,693,36,734,731
36,552,3,41,18829,83777,74308,9206,83514,12,144,14,170,93
36,553,3,41,19378,85789,74426,8385,82812,3,1824,24,1851,1126
36,554,3,41,5318,23533,15091,5591,20682,264,1416,174,1854,998
37,532,2,41,3925,16969,13452,3470,16922,0,35,1,36,10
37,533,2,41,70,309,186,120,306,0,0,0,0,2
37,534,2,41,140,618,390,228,618,0,0,0,0,0
37,535,2,41,258,1152,933,178,1111,1,31,0,32,8
36,537,2,41,286,1265,771,369,1141,59,49,2,110,14
37,538,2,41,1055,4664,3040,1619,4659,0,4,0,4,1
37,539,2,41,726,3214,2262,695,2957,6,163,9,178,79
37,540,2,41,1152,5130,4204,896,5100,1,17,4,22,8
37,541,2,41,2565,11207,9397,1673,11071,17,82,4,103,34
36,542,2,41,170,752,431,321,752,0,0,0,0,0
36,543,2,41,412,1806,1568,236,1804,1,0,0,2,1
36,544,2,41,3508,15596,12751,2302,15053,3,433,0,436,107
36,545,2,41,1851,8225,3155,3743,6898,8,1000,55,1062,265
36,546,2,41,369,1641,1264,377,1641,0,0,0,0,0
36,547,2,41,64,284,145,139,284,0,0,0,0,0
36,548,2,41,159,704,517,187,704,0,0,0,0,0
36,549,2,41,68,301,194,89,282,0,15,0,15,4
36,550,2,41,56,247,150,83,233,7,0,3,10,4
36,551,2,41,41,184,105,79,184,0,0,0,0,0
36,552,2,41,289,1278,848,429,1278,0,0,0,0,0
36,553,2,41,317,1389,1060,281,1342,0,38,0,38,9
36,554,2,41,37,164,100,53,152,2,7,0,9,2
37,532,99,41,11712,51449,44343,6975,51318,1,36,50,86,44
37,533,99,41,3170,13990,11695,1997,13692,2,77,3,82,217
37,534,99,41,6994,30985,23070,7695,30764,29,80,21,131,90
37,535,99,41,6899,30551,23467,4439,27906,61,1257,50,1368,1277
36,537,99,41,5378,23800,11512,10238,21750,333,871,106,1310,740
37,538,99,41,16966,75389,59684,15347,75031,0,224,0,224,134
37,539,99,41,12648,56031,37867,14574,52441,744,1247,271,2262,1329
37,540,99,41,8466,37599,27814,9239,37053,21,313,41,375,171
37,541,99,41,7949,34978,30950,3581,34531,17,282,4,302,145
36,542,99,41,2814,12451,11643,808,12451,0,0,0,0,0
36,543,99,41,3752,16613,13908,2411,16319,101,4,65,170,123
36,544,99,41,5063,22446,18928,2724,21652,19,551,1,571,223
36,545,99,41,5493,24295,18222,4465,22687,38,1106,55,1199,409
36,546,99,41,5232,23131,21845,1120,22965,2,8,0,10,156
36,547,99,41,6565,29066,27942,1082,29023,0,0,0,0,42
36,548,99,41,7879,34941,30494,4435,34929,0,8,0,8,4
36,549,99,41,11999,53189,38985,6472,45457,13,4463,403,4879,2854
36,550,99,41,5976,26460,19757,4512,24269,380,586,421,1387,804
36,551,99,41,6578,29182,22527,5171,27699,5,711,36,753,731
36,552,99,41,20259,90144,79307,10554,89861,14,154,16,184,99
36,553,99,41,20339,90044,77657,9296,86953,3,1929,24,1956,1136
36,554,99,41,5487,24280,15536,5816,21352,270,1474,174,1918,1010
37,532,4,51,4,52,26,26,52,0,0,0,0,0
37,533,4,51,6,78,34,24,57,0,20,0,20,0
37,534,4,51,2,24,12,12,24,0,0,0,0,0
37,535,4,51,24,365,158,208,365,0,0,0,0,0
36,537,4,51,29,390,127,198,324,11,19,8,38,27
37,538,4,51,3,51,16,35,51,0,0,0,0,0
37,539,4,51,13,200,87,56,144,21,35,0,57,0
37,540,4,51,0,0,0,0,0,0,0,0,0,0
37,541,4,51,16,211,126,86,211,0,0,0,0,0
36,542,4,51,47,657,397,260,657,0,0,0,0,0
36,543,4,51,20,283,169,114,283,0,0,0,0,0
36,544,4,51,12,184,112,71,183,1,0,0,1,0
36,545,4,51,43,603,382,221,603,0,0,0,0,0
36,546,4,51,59,784,487,296,783,0,0,0,0,1
36,547,4,51,3,39,21,18,39,0,0,0,0,0
36,548,4,51,98,1332,866,466,1332,0,0,0,0,0
36,549,4,51,18,248,159,89,248,0,0,0,0,0
36,550,4,51,70,1037,593,411,1004,0,34,0,34,0
36,551,4,51,1,18,16,2,18,0,0,0,0,0
36,552,4,51,8,117,43,74,117,0,0,0,0,0
36,553,4,51,75,1013,768,244,1013,0,0,0,0,0
36,554,4,51,11,150,73,77,150,0,0,0,0,0
37,532,1,51,149,1871,1326,545,1871,0,0,0,0,0
37,533,1,51,11,153,94,60,153,0,0,0,0,0
37,534,1,51,21,269,160,109,269,0,0,0,0,0
37,535,1,51,35,466,298,168,466,0,0,0,0,0
36,537,1,51,28,347,147,200,347,0,0,0,0,0
37,538,1,51,96,1204,697,507,1204,0,0,0,0,0
37,539,1,51,31,368,197,156,353,4,2,2,8,7
37,540,1,51,61,770,510,230,739,0,31,0,31,0
37,541,1,51,22,269,165,99,264,0,5,0,5,0
36,542,1,51,0,0,0,0,0,0,0,0,0,0
36,543,1,51,5,54,54,0,54,0,0,0,0,0
36,544,1,51,7,81,40,40,81,0,0,0,0,0
36,545,1,51,14,173,87,87,173,0,0,0,0,0
36,546,1,51,17,214,166,47,214,0,0,0,0,0
36,547,1,51,22,315,240,75,315,0,0,0,0,0
36,548,1,51,32,438,225,213,438,0,0,0,0,0
36,549,1,51,37,441,132,122,255,0,178,0,178,8
36,550,1,51,32,440,310,131,440,0,0,0,0,0
36,551,1,51,21,253,155,98,253,0,0,0,0,0
36,552,1,51,51,636,445,191,636,0,0,0,0,0
36,553,1,51,55,763,435,328,763,0,0,0,0,0
36,554,1,51,17,244,141,66,207,3,8,3,14,23
37,532,3,51,1284,16562,13068,3425,16493,5,5,35,45,24
37,533,3,51,364,4694,3129,1255,4384,46,101,14,161,149
37,534,3,51,900,11498,6915,4500,11416,24,32,1,58,25
37,535,3,51,1467,18877,12750,4422,17171,22,773,8,803,902
36,537,3,51,1138,14870,5067,7942,13009,228,833,102,1163,697
37,538,3,51,3016,39558,27212,11769,38981,0,354,0,354,223
37,539,3,51,1924,24188,14068,7729,21797,672,794,162,1627,764
37,540,3,51,1277,16713,10518,5677,16196,152,186,44,382,136
37,541,3,51,757,9672,8398,1172,9569,0,65,0,65,37
36,542,3,51,279,3516,3145,370,3516,0,0,0,0,0
36,543,3,51,432,5615,4095,1331,5426,24,21,24,69,120
36,544,3,51,238,3069,2211,832,3044,16,0,0,16,9
36,545,3,51,404,5275,3979,939,4917,0,201,0,201,156
36,546,3,51,636,7891,6574,1316,7890,0,0,0,0,0
36,547,3,51,580,7290,6304,877,7181,0,52,0,52,57
36,548,3,51,364,4635,3278,1271,4550,9,45,0,54,31
36,549,3,51,1846,23281,14917,3055,17972,8,2923,310,3241,2068
36,550,3,51,1659,21300,13784,4221,18005,866,817,446,2129,1166
36,551,3,51,796,9816,6782,2553,9335,29,264,18,312,170
36,552,3,51,3776,47700,40731,6636,47367,13,193,9,215,118
36,553,3,51,3835,50212,41924,6513,48436,3,1102,32,1138,638
36,554,3,51,890,11490,6260,3639,9899,205,783,102,1089,501
37,532,2,51,343,4396,2841,1547,4387,0,7,0,7,2
37,533,2,51,6,79,41,37,78,0,0,0,0,1
37,534,2,51,12,139,79,60,139,0,0,0,0,0
37,535,2,51,43,556,443,113,556,0,0,0,0,0
36,537,2,51,45,602,304,298,602,0,0,0,0,0
37,538,2,51,86,1155,589,565,1155,0,0,0,0,0
37,539,2,51,39,478,282,156,438,12,17,4,33,7
37,540,2,51,169,2241,1738,496,2235,0,5,0,5,1
37,541,2,51,263,3407,2306,877,3183,0,180,0,180,44
36,542,2,51,19,230,108,122,230,0,0,0,0,0
36,543,2,51,47,590,541,49,590,0,0,0,0,0
36,544,2,51,740,9468,5863,3603,9466,0,2,0,2,1
36,545,2,51,425,5364,1592,2094,3686,64,1191,97,1353,325
36,546,2,51,58,724,683,41,724,0,0,0,0,0
36,547,2,51,6,74,37,37,74,0,0,0,0,0
36,548,2,51,7,88,44,44,88,0,0,0,0,0
36,549,2,51,3,40,13,27,40,0,0,0,0,0
36,550,2,51,6,79,35,44,79,0,0,0,0,0
36,551,2,51,5,57,29,29,57,0,0,0,0,0
36,552,2,51,18,209,133,75,209,0,0,0,0,0
36,553,2,51,37,462,328,135,462,0,0,0,0,0
36,554,2,51,3,33,23,7,30,0,2,0,2,0
37,532,99,51,1780,22881,17261,5542,22803,5,12,35,52,26
37,533,99,51,387,5004,3298,1374,4672,46,121,14,181,151
37,534,99,51,935,11931,7167,4681,11848,24,32,1,58,25
37,535,99,51,1569,20264,13649,4910,18559,22,773,8,803,902
36,537,99,51,1240,16209,5644,8639,14283,239,853,110,1202,724
37,538,99,51,3201,41967,28514,12877,41390,0,354,0,354,223
37,539,99,51,2007,25235,14634,8098,22732,709,848,167,1725,778
37,540,99,51,1507,19725,12766,6403,19170,152,222,44,418,137
37,541,99,51,1058,13559,10995,2233,13227,0,250,0,250,82
36,542,99,51,345,4403,3650,753,4403,0,0,0,0,0
36,543,99,51,504,6542,4859,1494,6353,24,21,24,69,120
36,544,99,51,997,12802,8226,4546,12773,17,2,0,20,10
36,545,99,51,886,11415,6040,3340,9380,64,1392,97,1554,482
36,546,99,51,770,9612,7910,1701,9611,0,0,0,0,1
36,547,99,51,611,7718,6602,1007,7609,0,52,0,52,57
36,548,99,51,501,6493,4414,1994,6408,9,45,0,54,31
36,549,99,51,1904,24010,15222,3294,18516,8,3101,310,3419,2076
36,550,99,51,1767,22856,14721,4807,19527,866,850,446,2163,1166
36,551,99,51,823,10144,6982,2681,9662,29,264,18,312,170
36,552,99,51,3853,48661,41352,6976,48328,13,193,9,215,118
36,553,99,51,4002,52450,43454,7220,50674,3,1102,32,1138,638
36,554,99,51,921,11917,6498,3788,10286,208,792,105,1105,525
37,532,4,43,2,19,9,9,19,0,0,0,0,0
37,533,4,43,2,18,13,5,18,0,0,0,0,0
37,534,4,43,1,9,0,9,9,0,0,0,0,0
37,535,4,43,10,84,34,45,78,0,6,0,6,0
36,537,4,43,9,74,37,37,74,0,0,0,0,0
37,538,4,43,0,0,0,0,0,0,0,0,0,0
37,539,4,43,9,80,53,27,80,0,0,0,0,0
37,540,4,43,0,0,0,0,0,0,0,0,0,0
37,541,4,43,12,108,67,37,104,0,4,0,4,0
36,542,4,43,37,313,232,81,313,0,0,0,0,0
36,543,4,43,15,131,88,41,128,0,0,0,0,2
36,544,4,43,10,87,61,26,87,0,0,0,0,0
36,545,4,43,31,256,167,90,256,0,0,0,0,0
36,546,4,43,37,324,214,110,324,0,0,0,0,0
36,547,4,43,2,17,13,5,17,0,0,0,0,0
36,548,4,43,79,690,503,187,690,0,0,0,0,0
36,549,4,43,13,116,49,13,62,0,54,0,54,0
36,550,4,43,30,263,149,114,263,0,0,0,0,0
36,551,4,43,0,0,0,0,0,0,0,0,0,0
36,552,4,43,6,53,37,16,53,0,0,0,0,0
36,553,4,43,72,627,462,153,615,0,13,0,13,0
36,554,4,43,3,29,11,18,29,0,0,0,0,0
37,532,1,43,231,1967,1517,449,1967,0,0,0,0,0
37,533,1,43,18,153,68,86,153,0,0,0,0,0
37,534,1,43,37,311,183,128,311,0,0,0,0,0
37,535,1,43,65,554,340,200,540,0,8,0,8,6
36,537,1,43,53,454,221,190,411,3,12,2,17,25
37,538,1,43,202,1717,1090,610,1700,0,16,0,16,0
37,539,1,43,64,542,273,254,527,2,11,0,13,2
37,540,1,43,132,1128,801,292,1092,3,29,0,32,3
37,541,1,43,43,366,256,104,361,0,5,0,5,0
36,542,1,43,2,18,9,9,18,0,0,0,0,0
36,543,1,43,15,129,71,58,129,0,0,0,0,0
36,544,1,43,6,54,32,22,54,0,0,0,0,0
36,545,1,43,18,155,73,82,155,0,0,0,0,0
36,546,1,43,26,217,163,55,217,0,0,0,0,0
36,547,1,43,28,240,154,86,240,0,0,0,0,0
36,548,1,43,48,409,227,179,407,0,2,0,2,0
36,549,1,43,52,434,228,142,370,0,33,12,45,20
36,550,1,43,43,364,232,123,356,0,8,0,8,0
36,551,1,43,11,95,46,48,95,0,0,0,0,0
36,552,1,43,157,1329,927,401,1329,0,0,0,0,0
36,553,1,43,88,755,451,304,755,0,0,0,0,0
36,554,1,43,19,164,99,62,161,0,1,0,1,2
37,532,3,43,1893,16157,13752,2377,16129,0,0,17,17,11
37,533,3,43,591,5048,3831,1106,4938,4,24,0,28,82
37,534,3,43,1386,11798,7301,4400,11701,22,36,11,69,27
37,535,3,43,2020,17260,12205,3379,15585,46,804,23,873,803
36,537,3,43,1436,12257,5010,6015,11024,222,492,73,787,445
37,538,3,43,4569,39154,28360,10242,38602,0,336,1,337,215
37,539,3,43,3081,26268,15273,8329,23603,525,1033,134,1692,974
37,540,3,43,1903,16164,11061,4565,15626,58,269,63,390,148
37,541,3,43,1269,10914,9684,1146,10831,0,53,0,53,30
36,542,3,43,446,3750,3394,357,3750,0,0,0,0,0
36,543,3,43,733,6262,4491,1604,6094,85,1,31,117,51
36,544,3,43,375,3155,2400,720,3120,20,2,2,23,12
36,545,3,43,656,5580,4526,921,5447,0,79,0,79,54
36,546,3,43,1093,9306,8064,1242,9306,0,0,0,0,0
36,547,3,43,1194,10108,9477,578,10055,0,0,0,0,52
36,548,3,43,1054,8916,6664,2187,8851,2,39,0,42,24
36,549,3,43,3144,26879,18217,3425,21642,24,2851,296,3171,2066
36,550,3,43,2063,17566,13005,3005,16010,346,405,254,1005,552
36,551,3,43,1169,9938,7802,1872,9674,6,157,6,170,95
36,552,3,43,5997,51264,44618,6228,50846,20,241,11,272,146
36,553,3,43,5571,47707,40350,5759,46109,0,958,13,971,628
36,554,3,43,1352,11506,7043,3046,10088,204,629,147,980,438
37,532,2,43,621,5271,3720,1542,5262,0,7,0,7,2
37,533,2,43,10,88,53,35,88,0,0,0,0,0
37,534,2,43,14,116,81,35,116,0,0,0,0,0
37,535,2,43,56,476,342,132,474,0,2,0,2,0
36,537,2,43,42,356,165,188,353,1,2,0,3,1
37,538,2,43,176,1488,858,630,1488,0,0,0,0,0
37,539,2,43,128,1079,436,488,925,0,124,0,124,31
37,540,2,43,298,2536,1873,643,2516,5,12,0,17,3
37,541,2,43,399,3397,2642,634,3276,17,80,0,96,25
36,542,2,43,26,222,137,85,222,0,0,0,0,0
36,543,2,43,90,749,672,50,722,0,21,0,21,5
36,544,2,43,1109,9464,6659,2803,9462,0,2,0,2,0
36,545,2,43,600,5120,1700,2143,3844,60,891,72,1023,253
36,546,2,43,75,641,542,99,641,0,0,0,0,0
36,547,2,43,8,64,32,32,64,0,0,0,0,0
36,548,2,43,21,172,103,69,172,0,0,0,0,0
36,549,2,43,13,116,78,31,109,0,6,0,6,1
36,550,2,43,12,101,68,33,101,0,0,0,0,0
36,551,2,43,3,24,16,8,24,0,0,0,0,0
36,552,2,43,58,501,327,174,501,0,0,0,0,0
36,553,2,43,56,475,304,141,445,0,24,0,24,6
36,554,2,43,3,25,12,13,25,0,0,0,0,0
37,532,99,43,2747,23413,18998,4377,23376,0,7,17,25,13
37,533,99,43,621,5307,3965,1232,5197,4,24,0,28,82
37,534,99,43,1438,12233,7564,4573,12137,22,36,11,69,27
37,535,99,43,2151,18374,12921,3756,16677,46,819,23,888,809
36,537,99,43,1540,13141,5433,6429,11862,226,506,75,807,471
37,538,99,43,4947,42358,30308,11482,41790,0,352,1,353,215
37,539,99,43,3282,27970,16036,9098,25134,527,1168,134,1829,1007
37,540,99,43,2333,19828,13735,5500,19234,65,310,64,439,155
37,541,99,43,1723,14784,12649,1922,14570,17,142,0,158,55
36,542,99,43,511,4304,3772,532,4304,0,0,0,0,0
36,543,99,43,853,7271,5322,1752,7074,85,22,31,138,59
36,544,99,43,1500,12761,9152,3572,12723,20,3,2,25,13
36,545,99,43,1305,11112,6466,3236,9702,60,971,72,1102,307
36,546,99,43,1231,10488,8982,1506,10488,0,0,0,0,0
36,547,99,43,1232,10429,9676,701,10377,0,0,0,0,52
36,548,99,43,1202,10188,7498,2622,10120,2,42,0,44,24
36,549,99,43,3222,27546,18572,3611,22183,24,2943,308,3275,2087
36,550,99,43,2148,18295,13454,3276,16730,346,414,254,1013,552
36,551,99,43,1183,10057,7865,1928,9793,6,157,6,170,95
36,552,99,43,6218,53147,45910,6819,52729,20,241,11,272,146
36,553,99,43,5787,49565,41567,6357,47923,0,995,13,1008,634
36,554,99,43,1377,11723,7165,3138,10303,204,629,147,981,439
