"state_code","district_code","social_group","size_class","holding_no","holding_ar","holding_whly_irri_no","holding_whly_irri_ar","holding_whly_rain_no","holding_whly_rain_ar","holding_prtly_irri_no","holding_prtly_irri_tot.ar","holding_prtly_irri_irri.ar","holding_recve_irri_no","holding_recve_irri_irri.ar"
37,532,"INSTITUTIONAL","ALL CLASSES",58,537,19,76,36,197,0,0,0,19,76
37,533,"INSTITUTIONAL","ALL CLASSES",72,755,48,358,9,7,1,8,2,49,360
37,534,"INSTITUTIONAL","ALL CLASSES",25,354,13,122,7,9,4,30,17,17,139
37,535,"INSTITUTIONAL","ALL CLASSES",184,2730,54,919,88,449,25,24,14,79,933
36,537,"INSTITUTIONAL","ALL CLASSES",145,1092,48,195,31,97,31,97,70,79,265
37,538,"INSTITUTIONAL","ALL CLASSES",14,452,1,9,12,207,0,0,0,1,9
37,539,"INSTITUTIONAL","ALL CLASSES",135,2235,62,399,43,320,24,166,108,86,508
37,540,"INSTITUTIONAL","ALL CLASSES",7,76,5,4,2,34,0,0,0,5,4
37,541,"INSTITUTIONAL","ALL CLASSES",160,2186,93,435,49,351,11,165,53,104,487
36,542,"INSTITUTIONAL","ALL CLASSES",508,4033,334,1110,64,412,93,999,492,427,1602
36,543,"INSTITUTIONAL","ALL CLASSES",107,1363,49,253,21,84,30,401,87,79,341
36,544,"INSTITUTIONAL","ALL CLASSES",211,1483,162,503,45,448,4,16,6,166,510
36,545,"INSTITUTIONAL","ALL CLASSES",836,3912,727,1978,67,529,42,124,81,769,2059
36,546,"INSTITUTIONAL","ALL CLASSES",776,3446,745,2233,16,26,2,22,7,747,2240
36,547,"INSTITUTIONAL","ALL CLASSES",25,180,4,15,18,48,2,13,8,6,23
36,548,"INSTITUTIONAL","ALL CLASSES",759,8025,376,3502,325,1737,33,372,324,409,3826
36,549,"INSTITUTIONAL","ALL CLASSES",168,2040,15,101,140,683,12,232,50,27,152
36,550,"INSTITUTIONAL","ALL CLASSES",666,6792,542,2363,94,1420,6,97,47,548,2410
36,551,"INSTITUTIONAL","ALL CLASSES",18,619,10,296,6,21,0,0,0,10,296
36,552,"INSTITUTIONAL","ALL CLASSES",53,1619,23,144,28,719,2,17,9,25,153
36,553,"INSTITUTIONAL","ALL CLASSES",714,5821,29,90,604,3186,63,467,70,92,160
36,554,"INSTITUTIONAL","ALL CLASSES",45,2173,11,685,29,291,2,10,3,13,688
37,532,"SCHEDULED CASTE","ALL CLASSES",80294,90599,11423,7324,58896,67599,2093,4034,2076,13516,9400
37,533,"SCHEDULED CASTE","ALL CLASSES",62591,42530,33896,20118,16938,12265,3281,4118,2107,37177,22225
37,534,"SCHEDULED CASTE","ALL CLASSES",96579,61893,52732,31965,24361,13987,7450,8752,6182,60182,38148
37,535,"SCHEDULED CASTE","ALL CLASSES",107702,74873,20282,11913,58338,36776,10532,9280,4581,30814,16495
36,537,"SCHEDULED CASTE","ALL CLASSES",53045,48481,6697,4015,25519,19635,3533,3741,1669,10230,5685
37,538,"SCHEDULED CASTE","ALL CLASSES",129514,117957,18461,14739,78947,66949,9652,15659,7013,28113,21752
37,539,"SCHEDULED CASTE","ALL CLASSES",87125,63174,29505,16370,23815,16596,6942,8775,4113,36447,20483
37,540,"SCHEDULED CASTE","ALL CLASSES",82212,58348,37926,23028,26671,15712,6267,9119,5025,44193,28053
37,541,"SCHEDULED CASTE","ALL CLASSES",44552,29710,21579,11839,16915,11332,2386,3131,1601,23965,13440
36,542,"SCHEDULED CASTE","ALL CLASSES",27487,10620,17366,5581,7585,2942,1366,1030,656,18732,6237
36,543,"SCHEDULED CASTE","ALL CLASSES",21930,11574,7849,3343,10014,4462,3589,2560,1400,11438,4743
36,544,"SCHEDULED CASTE","ALL CLASSES",10462,6143,5599,2587,3072,1878,1791,1195,577,7390,3164
36,545,"SCHEDULED CASTE","ALL CLASSES",62363,22626,34391,11046,21846,6191,5846,3704,2260,40237,13305
36,546,"SCHEDULED CASTE","ALL CLASSES",48177,25490,44690,22796,2966,1271,89,109,55,44779,22851
36,547,"SCHEDULED CASTE","ALL CLASSES",50842,27140,36569,16971,12226,7300,1236,1436,703,37805,17674
36,548,"SCHEDULED CASTE","ALL CLASSES",53256,31070,34903,18863,15519,8159,337,473,257,35240,19119
36,549,"SCHEDULED CASTE","ALL CLASSES",73059,62154,19269,12642,43597,31527,2733,4110,1993,22002,14635
36,550,"SCHEDULED CASTE","ALL CLASSES",88661,53277,66904,33186,10872,8677,2735,1514,748,69639,33935
36,551,"SCHEDULED CASTE","ALL CLASSES",39525,31556,15637,9685,10895,9076,1097,1445,618,16734,10303
36,552,"SCHEDULED CASTE","ALL CLASSES",76496,86874,21693,17474,47943,55345,2904,5540,2276,24597,19750
36,553,"SCHEDULED CASTE","ALL CLASSES",71518,88061,5981,5392,57485,66105,3397,6162,2285,9378,7677
36,554,"SCHEDULED CASTE","ALL CLASSES",89262,56346,28342,13746,32691,17221,5642,6259,3106,33984,16852
37,532,"OTHERS","ALL CLASSES",328303,450198,53464,42647,234218,319583,15629,42973,20151,69093,62798
37,533,"OTHERS","ALL CLASSES",371883,357578,193293,165738,100891,91777,27351,48947,25093,220644,190831
37,534,"OTHERS","ALL CLASSES",546409,559792,316087,294113,104760,77183,67481,106549,80082,383568,374195
37,535,"OTHERS","ALL CLASSES",541557,548966,128404,103888,255028,223952,66622,87877,43160,195026,147048
36,537,"OTHERS","ALL CLASSES",259983,337733,49709,39967,99783,94511,23446,33127,14766,73155,54732
37,538,"OTHERS","ALL CLASSES",761838,988683,132561,143034,410120,429007,96670,224306,99078,229231,242112
37,539,"OTHERS","ALL CLASSES",585344,754808,213917,194513,153456,148585,84310,170622,77712,298227,272225
37,540,"OTHERS","ALL CLASSES",474526,506312,251961,218672,118712,101792,54002,95985,53619,305963,272290
37,541,"OTHERS","ALL CLASSES",267298,324091,131950,133781,92785,103134,27964,63737,29699,159914,163480
36,542,"OTHERS","ALL CLASSES",461825,307914,304209,177560,93430,53615,50295,63994,36914,354504,214475
36,543,"OTHERS","ALL CLASSES",385619,292697,159854,84301,110813,70090,106174,108592,58062,266028,142363
36,544,"OTHERS","ALL CLASSES",355558,218042,198984,98105,98718,62911,57856,49811,24586,256840,122692
36,545,"OTHERS","ALL CLASSES",591563,393393,416293,253251,134011,82371,37229,45320,25138,453522,278388
36,546,"OTHERS","ALL CLASSES",496068,416957,468177,380662,22045,19851,2338,5113,2892,470515,383554
36,547,"OTHERS","ALL CLASSES",488069,471806,359877,303821,109483,124253,14014,34532,15111,373891,318933
36,548,"OTHERS","ALL CLASSES",685605,643418,441323,385543,200012,180416,15390,31933,17642,456713,403184
36,549,"OTHERS","ALL CLASSES",583508,770930,148261,138148,354990,387032,41524,100489,42736,189785,180884
36,550,"OTHERS","ALL CLASSES",342982,404532,250779,227668,54673,81842,7529,17070,7743,258308,235411
36,551,"OTHERS","ALL CLASSES",393236,502650,144463,120510,147503,203653,24238,49339,20637,168701,141147
36,552,"OTHERS","ALL CLASSES",544022,945171,135800,168171,350451,589402,32384,100211,38342,168184,206512
36,553,"OTHERS","ALL CLASSES",626250,1141597,57879,82956,461346,746178,71706,184441,69630,129585,152586
36,554,"OTHERS","ALL CLASSES",561836,555463,143136,103600,218839,149431,73512,110656,53561,216648,157161
37,532,"SCHEDULED TRIBES","ALL CLASSES",111340,187245,5863,4812,90712,146434,1511,3254,1652,7374,6464
37,533,"SCHEDULED TRIBES","ALL CLASSES",38982,33612,22644,17520,10843,9384,2042,2832,1298,24686,18817
37,534,"SCHEDULED TRIBES","ALL CLASSES",19332,16651,9904,7141,5965,4299,1935,2290,2012,11839,9153
37,535,"SCHEDULED TRIBES","ALL CLASSES",35100,36362,7292,5394,19004,18994,4708,4964,2788,12000,8182
36,537,"SCHEDULED TRIBES","ALL CLASSES",29498,32328,6322,5040,13226,11276,2652,3617,1878,8974,6918
37,538,"SCHEDULED TRIBES","ALL CLASSES",90948,97770,12088,9946,54176,48225,10191,18424,7512,22279,17458
37,539,"SCHEDULED TRIBES","ALL CLASSES",84584,84019,29827,20066,26077,23829,7634,12760,5721,37461,25788
37,540,"SCHEDULED TRIBES","ALL CLASSES",106316,102576,57401,48637,33835,27325,9627,14629,8023,67028,56659
37,541,"SCHEDULED TRIBES","ALL CLASSES",156327,180118,43263,35456,87049,95324,13187,26250,10766,56450,46222
36,542,"SCHEDULED TRIBES","ALL CLASSES",36050,26845,10530,5475,15510,10278,3882,4300,2226,14412,7701
36,543,"SCHEDULED TRIBES","ALL CLASSES",39185,36850,6287,3862,28609,24364,3812,6501,3431,10099,7293
36,544,"SCHEDULED TRIBES","ALL CLASSES",108507,174416,24312,24203,55227,69571,28968,52628,20180,53280,44383
36,545,"SCHEDULED TRIBES","ALL CLASSES",43952,81435,13126,14358,23304,18851,1909,3498,1207,15035,15565
36,546,"SCHEDULED TRIBES","ALL CLASSES",20810,24157,12220,13726,6322,6622,78,160,89,12298,13815
36,547,"SCHEDULED TRIBES","ALL CLASSES",12631,9287,6456,3565,5278,3948,498,570,244,6954,3809
36,548,"SCHEDULED TRIBES","ALL CLASSES",21028,18891,13523,11068,6071,4635,204,257,133,13727,11201
36,549,"SCHEDULED TRIBES","ALL CLASSES",13818,12384,5233,3918,6996,5142,388,566,263,5621,4180
36,550,"SCHEDULED TRIBES","ALL CLASSES",24706,14318,19714,9522,3128,2260,130,147,71,19844,9592
36,551,"SCHEDULED TRIBES","ALL CLASSES",8527,7573,3104,1781,2994,2539,202,244,81,3306,1863
36,552,"SCHEDULED TRIBES","ALL CLASSES",12331,16423,3090,2755,7784,10047,367,654,283,3457,3039
36,553,"SCHEDULED TRIBES","ALL CLASSES",29469,42531,1964,2821,24627,31196,1780,3406,1171,3744,3992
36,554,"SCHEDULED TRIBES","ALL CLASSES",16039,12322,4814,2498,7412,4499,933,1006,432,5747,2930
37,532,"ALL SOCIAL GROUPS","ALL CLASSES",519995,728579,70769,54859,383862,533813,19233,50261,23880,90002,78739
37,533,"ALL SOCIAL GROUPS","ALL CLASSES",473528,434476,249881,203733,128681,113433,32675,55905,28501,282556,232234
37,534,"ALL SOCIAL GROUPS","ALL CLASSES",662345,638690,378736,333341,135093,95477,76870,117621,88295,455606,421636
37,535,"ALL SOCIAL GROUPS","ALL CLASSES",684543,662932,156032,122114,332458,280170,81887,102145,50543,237919,172658
36,537,"ALL SOCIAL GROUPS","ALL CLASSES",342671,419634,62776,49217,138559,125519,29662,40582,18383,92438,67600
37,538,"ALL SOCIAL GROUPS","ALL CLASSES",982314,1204862,163111,167728,543255,544388,116513,258389,113602,279624,281330
37,539,"ALL SOCIAL GROUPS","ALL CLASSES",757188,904236,273311,231349,203391,189330,98910,192323,87654,372221,319003
37,540,"ALL SOCIAL GROUPS","ALL CLASSES",663061,667311,347293,290340,179220,144863,69896,119733,66666,417189,357007
37,541,"ALL SOCIAL GROUPS","ALL CLASSES",468337,536105,196885,181511,196798,210141,43548,93283,42118,240433,223629
36,542,"ALL SOCIAL GROUPS","ALL CLASSES",525870,349412,332439,189726,116589,67247,55636,70323,40288,388075,230015
36,543,"ALL SOCIAL GROUPS","ALL CLASSES",446841,342484,174039,91760,149457,99000,113605,118054,62981,287644,154740
36,544,"ALL SOCIAL GROUPS","ALL CLASSES",474738,400083,229057,125398,157062,134808,88619,103649,45350,317676,170748
36,545,"ALL SOCIAL GROUPS","ALL CLASSES",698714,501366,464537,280632,179228,107942,45026,52645,28685,509563,309318
36,546,"ALL SOCIAL GROUPS","ALL CLASSES",565831,470051,525832,419418,31349,27770,2507,5403,3043,528339,422461
36,547,"ALL SOCIAL GROUPS","ALL CLASSES",551567,508413,402906,324371,127005,135549,15750,36551,16066,418656,340438
36,548,"ALL SOCIAL GROUPS","ALL CLASSES",760648,701404,490125,418976,221927,194947,15964,33035,18355,506089,437331
36,549,"ALL SOCIAL GROUPS","ALL CLASSES",670553,847508,172778,154809,405723,424384,44657,105398,45042,217435,199851
36,550,"ALL SOCIAL GROUPS","ALL CLASSES",457015,478919,337939,272739,68767,94199,10400,18828,8609,348339,281348
36,551,"ALL SOCIAL GROUPS","ALL CLASSES",441306,542399,163214,132272,161398,215289,25537,51028,21337,188751,153609
36,552,"ALL SOCIAL GROUPS","ALL CLASSES",632902,1050086,160606,188544,406206,655513,35657,106422,40909,196263,229453
36,553,"ALL SOCIAL GROUPS","ALL CLASSES",727951,1278010,65853,91260,544062,846665,76946,194477,73156,142799,164416
36,554,"ALL SOCIAL GROUPS","ALL CLASSES",667182,626306,176303,120530,258971,171442,80089,117932,57102,256392,177632
37,532,"INSTITUTIONAL","20.0 & ABOVE",6,392,3,61,3,136,0,0,0,3,61
37,533,"INSTITUTIONAL","20.0 & ABOVE",10,526,10,263,0,0,0,0,0,10,263
37,534,"INSTITUTIONAL","20.0 & ABOVE",4,268,2,93,0,0,2,25,13,4,106
37,535,"INSTITUTIONAL","20.0 & ABOVE",16,2011,8,813,8,263,0,0,0,8,813
36,537,"INSTITUTIONAL","20.0 & ABOVE",10,318,6,86,3,32,0,0,0,6,86
37,538,"INSTITUTIONAL","20.0 & ABOVE",4,377,0,0,4,189,0,0,0,0,0
37,539,"INSTITUTIONAL","20.0 & ABOVE",30,1778,8,284,7,253,14,105,73,22,358
37,540,"INSTITUTIONAL","20.0 & ABOVE",1,65,0,0,1,33,0,0,0,0,0
37,541,"INSTITUTIONAL","20.0 & ABOVE",12,1510,6,211,3,226,3,108,23,9,234
36,542,"INSTITUTIONAL","20.0 & ABOVE",41,2149,16,393,6,245,15,594,272,31,664
36,543,"INSTITUTIONAL","20.0 & ABOVE",17,757,6,118,0,0,8,257,51,14,170
36,544,"INSTITUTIONAL","20.0 & ABOVE",10,867,3,286,7,295,0,0,0,3,286
36,545,"INSTITUTIONAL","20.0 & ABOVE",43,1973,27,831,13,419,3,72,37,30,868
36,546,"INSTITUTIONAL","20.0 & ABOVE",26,911,24,519,0,0,0,0,0,24,519
36,547,"INSTITUTIONAL","20.0 & ABOVE",3,92,0,0,2,22,0,0,0,0,0
36,548,"INSTITUTIONAL","20.0 & ABOVE",72,4341,50,2267,18,587,4,240,222,54,2489
36,549,"INSTITUTIONAL","20.0 & ABOVE",31,1347,4,73,22,372,4,191,24,8,97
36,550,"INSTITUTIONAL","20.0 & ABOVE",78,4446,44,1203,28,1168,4,94,46,48,1249
36,551,"INSTITUTIONAL","20.0 & ABOVE",5,581,5,291,0,0,0,0,0,5,291
36,552,"INSTITUTIONAL","20.0 & ABOVE",15,1354,3,48,12,685,0,0,0,3,48
36,553,"INSTITUTIONAL","20.0 & ABOVE",42,2714,1,14,39,1406,0,0,0,1,14
36,554,"INSTITUTIONAL","20.0 & ABOVE",16,1953,5,662,8,211,2,10,3,7,665
37,532,"SCHEDULED CASTE","20.0 & ABOVE",17,599,1,21,15,471,0,0,0,1,21
37,533,"SCHEDULED CASTE","20.0 & ABOVE",0,0,0,0,0,0,0,0,0,0,0
37,534,"SCHEDULED CASTE","20.0 & ABOVE",8,200,4,54,4,46,0,0,0,4,54
37,535,"SCHEDULED CASTE","20.0 & ABOVE",6,221,0,0,5,168,1,20,2,1,2
36,537,"SCHEDULED CASTE","20.0 & ABOVE",8,242,1,12,7,77,0,0,0,1,12
37,538,"SCHEDULED CASTE","20.0 & ABOVE",18,660,2,32,16,386,0,0,0,2,32
37,539,"SCHEDULED CASTE","20.0 & ABOVE",3,89,2,34,0,0,0,0,0,2,34
37,540,"SCHEDULED CASTE","20.0 & ABOVE",36,1502,13,302,20,605,3,46,31,16,334
37,541,"SCHEDULED CASTE","20.0 & ABOVE",4,173,3,62,1,25,0,0,0,3,62
36,542,"SCHEDULED CASTE","20.0 & ABOVE",1,43,1,21,0,0,0,0,0,1,21
36,543,"SCHEDULED CASTE","20.0 & ABOVE",0,0,0,0,0,0,0,0,0,0,0
36,544,"SCHEDULED CASTE","20.0 & ABOVE",0,0,0,0,0,0,0,0,0,0,0
36,545,"SCHEDULED CASTE","20.0 & ABOVE",2,41,2,21,0,0,0,0,0,2,21
36,546,"SCHEDULED CASTE","20.0 & ABOVE",2,62,1,14,1,18,0,0,0,1,14
36,547,"SCHEDULED CASTE","20.0 & ABOVE",10,298,6,86,4,63,0,0,0,6,86
36,548,"SCHEDULED CASTE","20.0 & ABOVE",7,147,7,74,0,0,0,0,0,7,74
36,549,"SCHEDULED CASTE","20.0 & ABOVE",6,183,2,31,4,60,0,0,0,2,31
36,550,"SCHEDULED CASTE","20.0 & ABOVE",1,27,1,14,0,0,0,0,0,1,14
36,551,"SCHEDULED CASTE","20.0 & ABOVE",1,24,0,0,1,12,0,0,0,0,0
36,552,"SCHEDULED CASTE","20.0 & ABOVE",9,351,2,23,7,192,0,0,0,2,23
36,553,"SCHEDULED CASTE","20.0 & ABOVE",11,286,0,0,11,143,0,0,0,0,0
36,554,"SCHEDULED CASTE","20.0 & ABOVE",9,314,4,86,5,100,0,0,0,4,86
37,532,"OTHERS","20.0 & ABOVE",234,8200,7,157,158,3998,25,605,208,32,364
37,533,"OTHERS","20.0 & ABOVE",35,999,12,187,13,155,6,77,49,18,236
37,534,"OTHERS","20.0 & ABOVE",131,4390,94,1754,17,317,11,139,85,105,1839
37,535,"OTHERS","20.0 & ABOVE",215,6419,44,883,128,2373,37,515,193,81,1076
36,537,"OTHERS","20.0 & ABOVE",149,4313,58,575,40,441,36,568,97,94,672
37,538,"OTHERS","20.0 & ABOVE",341,10275,70,981,137,2085,89,1263,366,159,1347
37,539,"OTHERS","20.0 & ABOVE",159,5109,51,856,30,433,69,1194,385,120,1241
37,540,"OTHERS","20.0 & ABOVE",287,9234,57,1062,143,4610,52,615,371,109,1433
37,541,"OTHERS","20.0 & ABOVE",159,6578,46,1280,35,667,69,2968,382,115,1663
36,542,"OTHERS","20.0 & ABOVE",57,2182,46,1006,11,203,0,0,0,46,1006
36,543,"OTHERS","20.0 & ABOVE",79,2539,45,674,20,426,14,269,80,59,755
36,544,"OTHERS","20.0 & ABOVE",31,942,20,427,9,130,2,47,24,22,451
36,545,"OTHERS","20.0 & ABOVE",64,1887,42,589,17,358,5,123,6,47,595
36,546,"OTHERS","20.0 & ABOVE",48,1659,36,724,6,118,6,346,192,42,916
36,547,"OTHERS","20.0 & ABOVE",59,1884,27,410,13,233,15,505,278,42,688
36,548,"OTHERS","20.0 & ABOVE",38,1206,25,374,13,229,0,0,0,25,374
36,549,"OTHERS","20.0 & ABOVE",151,4347,19,256,94,1279,35,606,194,54,450
36,550,"OTHERS","20.0 & ABOVE",157,4883,57,1040,39,918,26,476,298,83,1338
36,551,"OTHERS","20.0 & ABOVE",43,1709,11,271,30,482,2,39,32,13,303
36,552,"OTHERS","20.0 & ABOVE",235,8707,39,561,152,4570,44,1027,311,83,872
36,553,"OTHERS","20.0 & ABOVE",367,11401,10,146,216,5453,138,3071,1047,148,1193
36,554,"OTHERS","20.0 & ABOVE",123,3571,15,239,79,1175,26,309,88,41,327
37,532,"SCHEDULED TRIBES","20.0 & ABOVE",93,2715,1,12,38,585,1,21,4,2,16
37,533,"SCHEDULED TRIBES","20.0 & ABOVE",2,67,2,33,0,0,0,0,0,2,33
37,534,"SCHEDULED TRIBES","20.0 & ABOVE",3,92,2,25,1,21,0,0,0,2,25
37,535,"SCHEDULED TRIBES","20.0 & ABOVE",3,113,0,0,3,57,0,0,0,0,0
36,537,"SCHEDULED TRIBES","20.0 & ABOVE",8,253,1,22,5,75,1,16,4,2,26
37,538,"SCHEDULED TRIBES","20.0 & ABOVE",16,622,5,137,9,146,0,0,0,5,137
37,539,"SCHEDULED TRIBES","20.0 & ABOVE",3,89,0,0,2,10,1,30,1,1,1
37,540,"SCHEDULED TRIBES","20.0 & ABOVE",23,627,8,130,15,294,0,0,0,8,130
37,541,"SCHEDULED TRIBES","20.0 & ABOVE",37,999,28,383,8,113,1,23,14,29,397
36,542,"SCHEDULED TRIBES","20.0 & ABOVE",1,21,0,0,1,10,0,0,0,0,0
36,543,"SCHEDULED TRIBES","20.0 & ABOVE",3,67,0,0,2,23,1,20,6,1,6
36,544,"SCHEDULED TRIBES","20.0 & ABOVE",42,1049,7,131,25,357,10,77,9,17,140
36,545,"SCHEDULED TRIBES","20.0 & ABOVE",25,664,7,128,6,60,12,58,16,19,144
36,546,"SCHEDULED TRIBES","20.0 & ABOVE",4,406,4,338,0,0,0,0,0,4,338
36,547,"SCHEDULED TRIBES","20.0 & ABOVE",0,0,0,0,0,0,0,0,0,0,0
36,548,"SCHEDULED TRIBES","20.0 & ABOVE",0,0,0,0,0,0,0,0,0,0,0
36,549,"SCHEDULED TRIBES","20.0 & ABOVE",0,0,0,0,0,0,0,0,0,0,0
36,550,"SCHEDULED TRIBES","20.0 & ABOVE",2,63,2,31,0,0,0,0,0,2,31
36,551,"SCHEDULED TRIBES","20.0 & ABOVE",1,41,0,0,0,0,0,0,0,0,0
36,552,"SCHEDULED TRIBES","20.0 & ABOVE",2,58,0,0,2,29,0,0,0,0,0
36,553,"SCHEDULED TRIBES","20.0 & ABOVE",4,103,0,0,3,53,1,22,10,1,10
36,554,"SCHEDULED TRIBES","20.0 & ABOVE",0,0,0,0,0,0,0,0,0,0,0
37,532,"ALL SOCIAL GROUPS","20.0 & ABOVE",350,11906,12,251,214,5190,26,626,212,38,462
37,533,"ALL SOCIAL GROUPS","20.0 & ABOVE",47,1591,24,483,13,155,6,77,49,30,532
37,534,"ALL SOCIAL GROUPS","20.0 & ABOVE",146,4950,102,1925,22,384,13,165,99,115,2024
37,535,"ALL SOCIAL GROUPS","20.0 & ABOVE",240,8764,52,1696,144,2861,38,534,195,90,1891
36,537,"ALL SOCIAL GROUPS","20.0 & ABOVE",175,5127,66,695,55,626,37,584,101,103,796
37,538,"ALL SOCIAL GROUPS","20.0 & ABOVE",379,11934,77,1150,166,2805,89,1263,366,166,1516
37,539,"ALL SOCIAL GROUPS","20.0 & ABOVE",195,7065,61,1174,39,696,84,1328,460,145,1634
37,540,"ALL SOCIAL GROUPS","20.0 & ABOVE",347,11428,78,1494,179,5542,55,661,403,133,1897
37,541,"ALL SOCIAL GROUPS","20.0 & ABOVE",212,9260,83,1935,47,1031,73,3099,420,156,2355
36,542,"ALL SOCIAL GROUPS","20.0 & ABOVE",100,4395,63,1421,18,459,15,594,272,78,1692
36,543,"ALL SOCIAL GROUPS","20.0 & ABOVE",99,3363,51,793,22,449,23,547,138,74,930
36,544,"ALL SOCIAL GROUPS","20.0 & ABOVE",83,2857,30,843,41,782,12,123,34,42,877
36,545,"ALL SOCIAL GROUPS","20.0 & ABOVE",134,4565,78,1569,36,837,20,253,59,98,1628
36,546,"ALL SOCIAL GROUPS","20.0 & ABOVE",80,3038,65,1595,7,135,6,346,192,71,1787
36,547,"ALL SOCIAL GROUPS","20.0 & ABOVE",72,2274,33,495,19,318,15,505,278,48,773
36,548,"ALL SOCIAL GROUPS","20.0 & ABOVE",117,5694,82,2714,31,816,4,240,222,86,2937
36,549,"ALL SOCIAL GROUPS","20.0 & ABOVE",188,5877,25,360,120,1711,39,797,218,64,578
36,550,"ALL SOCIAL GROUPS","20.0 & ABOVE",238,9420,104,2288,67,2086,30,570,344,134,2632
36,551,"ALL SOCIAL GROUPS","20.0 & ABOVE",50,2355,16,562,31,494,2,39,32,18,593
36,552,"ALL SOCIAL GROUPS","20.0 & ABOVE",261,10470,44,633,173,5476,44,1027,311,88,944
36,553,"ALL SOCIAL GROUPS","20.0 & ABOVE",424,14504,11,160,269,7055,139,3093,1058,150,1217
36,554,"ALL SOCIAL GROUPS","20.0 & ABOVE",148,5839,24,986,92,1486,28,319,91,52,1078
37,532,"INSTITUTIONAL","Below 0.5",14,4,4,0,8,1,0,0,0,4,0
37,533,"INSTITUTIONAL","Below 0.5",15,4,7,1,2,0,0,0,0,7,1
37,534,"INSTITUTIONAL","Below 0.5",1,0,0,0,1,0,0,0,0,0,0
37,535,"INSTITUTIONAL","Below 0.5",23,9,7,2,8,2,4,1,0,11,2
36,537,"INSTITUTIONAL","Below 0.5",3,1,0,0,1,0,0,0,0,0,0
37,538,"INSTITUTIONAL","Below 0.5",1,0,0,0,1,0,0,0,0,0,0
37,539,"INSTITUTIONAL","Below 0.5",25,6,16,3,6,1,0,0,0,16,3
37,540,"INSTITUTIONAL","Below 0.5",2,1,2,0,0,0,0,0,0,2,0
37,541,"INSTITUTIONAL","Below 0.5",9,3,6,2,2,1,0,0,0,6,2
36,542,"INSTITUTIONAL","Below 0.5",41,15,33,10,6,2,0,0,0,33,10
36,543,"INSTITUTIONAL","Below 0.5",4,1,1,0,1,0,0,0,0,1,0
36,544,"INSTITUTIONAL","Below 0.5",52,14,47,7,3,1,2,1,0,49,8
36,545,"INSTITUTIONAL","Below 0.5",256,60,224,44,8,1,24,5,3,248,47
36,546,"INSTITUTIONAL","Below 0.5",143,41,138,37,5,1,0,0,0,138,37
36,547,"INSTITUTIONAL","Below 0.5",7,2,1,0,6,1,0,0,0,1,0
36,548,"INSTITUTIONAL","Below 0.5",16,4,9,2,7,2,0,0,0,9,2
36,549,"INSTITUTIONAL","Below 0.5",8,3,0,0,8,1,0,0,0,0,0
36,550,"INSTITUTIONAL","Below 0.5",37,9,33,8,0,0,0,0,0,33,8
36,551,"INSTITUTIONAL","Below 0.5",2,0,1,0,1,0,0,0,0,1,0
36,552,"INSTITUTIONAL","Below 0.5",0,0,0,0,0,0,0,0,0,0,0
36,553,"INSTITUTIONAL","Below 0.5",74,23,4,1,58,14,0,0,0,4,1
36,554,"INSTITUTIONAL","Below 0.5",0,0,0,0,0,0,0,0,0,0,0
37,532,"SCHEDULED CASTE","Below 0.5",27860,7194,5662,1488,18427,4737,46,18,12,5708,1500
37,533,"SCHEDULED CASTE","Below 0.5",32389,9171,18078,5105,7067,2200,316,124,81,18394,5186
37,534,"SCHEDULED CASTE","Below 0.5",53893,13581,28148,7631,14200,3651,850,268,203,28998,7834
37,535,"SCHEDULED CASTE","Below 0.5",54402,13355,9807,2306,28283,6999,1993,444,272,11800,2578
36,537,"SCHEDULED CASTE","Below 0.5",20453,5653,2623,638,7089,1820,630,139,80,3253,719
37,538,"SCHEDULED CASTE","Below 0.5",52850,13806,7895,2207,27061,7740,469,158,80,8364,2288
37,539,"SCHEDULED CASTE","Below 0.5",44621,11269,16202,4167,8991,2560,626,199,112,16828,4279
37,540,"SCHEDULED CASTE","Below 0.5",46586,11541,20638,5347,16781,4122,439,151,80,21077,5427
37,541,"SCHEDULED CASTE","Below 0.5",25926,6764,13416,3354,9058,2491,523,158,75,13939,3429
36,542,"SCHEDULED CASTE","Below 0.5",20820,4478,14233,2928,5479,1246,431,145,92,14664,3020
36,543,"SCHEDULED CASTE","Below 0.5",14612,3369,5706,1283,6958,1566,1597,397,207,7303,1490
36,544,"SCHEDULED CASTE","Below 0.5",6496,1686,3839,929,1723,465,934,262,130,4773,1059
36,545,"SCHEDULED CASTE","Below 0.5",50970,10531,29087,6262,18612,3120,3045,937,583,32132,6846
36,546,"SCHEDULED CASTE","Below 0.5",32978,8154,30493,7509,2151,531,48,15,9,30541,7518
36,547,"SCHEDULED CASTE","Below 0.5",34744,8463,26490,6223,7507,2026,266,99,49,26756,6272
36,548,"SCHEDULED CASTE","Below 0.5",34152,9038,22776,5794,9743,2783,9,4,2,22785,5796
36,549,"SCHEDULED CASTE","Below 0.5",33565,9327,9831,2414,18554,5230,204,73,28,10035,2442
36,550,"SCHEDULED CASTE","Below 0.5",52898,13439,42777,10265,4526,1277,1439,200,105,44216,10370
36,551,"SCHEDULED CASTE","Below 0.5",15238,4442,6574,1781,3142,924,88,38,21,6662,1801
36,552,"SCHEDULED CASTE","Below 0.5",21154,6841,9572,2898,10330,3506,73,29,14,9645,2912
36,553,"SCHEDULED CASTE","Below 0.5",15192,4823,1906,579,11241,3564,95,31,13,2001,592
36,554,"SCHEDULED CASTE","Below 0.5",48943,12497,16285,3729,16081,4067,577,204,106,16862,3835
37,532,"OTHERS","Below 0.5",97929,25117,24086,6414,62688,15962,189,67,44,24275,6458
37,533,"OTHERS","Below 0.5",143661,38735,73646,19834,32367,9615,1330,466,300,74976,20135
37,534,"OTHERS","Below 0.5",212595,55466,113555,32070,51496,13603,4319,1231,959,117874,33029
37,535,"OTHERS","Below 0.5",224181,54025,48156,11448,103194,25275,8379,1642,1034,56535,12482
36,537,"OTHERS","Below 0.5",78342,22304,13361,3582,21610,5663,2594,639,308,15955,3890
37,538,"OTHERS","Below 0.5",242235,61655,42044,11506,113500,31437,2039,733,391,44083,11897
37,539,"OTHERS","Below 0.5",182175,49350,72369,20424,35661,10499,1990,681,407,74359,20831
37,540,"OTHERS","Below 0.5",192585,47874,99476,26304,60076,14442,2380,842,479,101856,26783
37,541,"OTHERS","Below 0.5",92362,26551,51408,14885,30661,8774,1230,462,226,52638,15111
36,542,"OTHERS","Below 0.5",270668,63781,190806,44920,59991,13443,9649,3187,1925,200455,46845
36,543,"OTHERS","Below 0.5",213638,48037,105271,22782,67360,14183,35977,9097,4980,141248,27762
36,544,"OTHERS","Below 0.5",219266,51993,138161,31099,58239,13824,22866,6549,3658,161027,34757
36,545,"OTHERS","Below 0.5",360241,89144,262639,65867,84452,18674,10215,3334,2035,272854,67903
36,546,"OTHERS","Below 0.5",257762,69196,245530,65804,10816,2777,348,112,54,245878,65859
36,547,"OTHERS","Below 0.5",215688,61230,175197,49465,37566,11005,589,210,107,175786,49573
36,548,"OTHERS","Below 0.5",283640,84223,193983,55794,77903,24821,347,141,88,194330,55882
36,549,"OTHERS","Below 0.5",175366,50662,52242,14037,99459,29281,2022,674,292,54264,14328
36,550,"OTHERS","Below 0.5",130240,34378,107262,27462,12526,3340,631,130,71,107893,27534
36,551,"OTHERS","Below 0.5",105204,29988,49431,13709,23880,7338,984,336,174,50415,13883
36,552,"OTHERS","Below 0.5",99234,31717,42149,12735,49916,16585,349,135,67,42498,12801
36,553,"OTHERS","Below 0.5",88872,27405,12215,3830,62048,18869,2324,788,440,14539,4270
36,554,"OTHERS","Below 0.5",222355,57027,58021,13426,79563,19940,4276,1453,800,62297,14226
37,532,"SCHEDULED TRIBES","Below 0.5",18221,5142,2603,792,13344,3738,14,5,5,2617,797
37,533,"SCHEDULED TRIBES","Below 0.5",13086,4026,8055,2369,2957,979,117,30,16,8172,2386
37,534,"SCHEDULED TRIBES","Below 0.5",7879,2178,3689,1006,2722,764,108,33,32,3797,1038
37,535,"SCHEDULED TRIBES","Below 0.5",10735,3088,2405,679,5207,1498,558,134,77,2963,756
36,537,"SCHEDULED TRIBES","Below 0.5",8541,2593,1655,480,3315,936,214,63,33,1869,513
37,538,"SCHEDULED TRIBES","Below 0.5",29640,8141,4373,1273,14630,4259,273,87,60,4646,1333
37,539,"SCHEDULED TRIBES","Below 0.5",29377,8601,12062,3515,5688,1721,90,35,20,12152,3535
37,540,"SCHEDULED TRIBES","Below 0.5",41606,11120,22795,6244,15512,4106,387,138,67,23182,6312
37,541,"SCHEDULED TRIBES","Below 0.5",51817,15218,18201,5158,27130,8305,264,105,34,18465,5192
36,542,"SCHEDULED TRIBES","Below 0.5",17337,4479,6196,1467,6876,1808,813,286,164,7009,1631
36,543,"SCHEDULED TRIBES","Below 0.5",16594,4372,3338,875,12500,3203,598,190,103,3936,978
36,544,"SCHEDULED TRIBES","Below 0.5",29040,7853,9030,2103,15811,4081,4199,1277,773,13229,2875
36,545,"SCHEDULED TRIBES","Below 0.5",10200,2756,4622,1129,3956,1044,133,44,27,4755,1156
36,546,"SCHEDULED TRIBES","Below 0.5",8225,2367,5033,1417,2468,692,0,0,0,5033,1417
36,547,"SCHEDULED TRIBES","Below 0.5",6829,1945,4210,1184,2334,645,124,32,22,4334,1206
36,548,"SCHEDULED TRIBES","Below 0.5",8164,2447,5347,1515,2523,744,10,4,2,5357,1518
36,549,"SCHEDULED TRIBES","Below 0.5",5743,1724,2164,536,2793,848,98,33,14,2262,550
36,550,"SCHEDULED TRIBES","Below 0.5",15233,4040,12741,3167,1380,426,16,4,2,12757,3169
36,551,"SCHEDULED TRIBES","Below 0.5",2865,833,1305,324,655,194,6,2,1,1311,325
36,552,"SCHEDULED TRIBES","Below 0.5",2865,921,1062,337,1638,484,16,7,6,1078,343
36,553,"SCHEDULED TRIBES","Below 0.5",4431,1429,351,114,3722,1090,36,9,4,387,118
36,554,"SCHEDULED TRIBES","Below 0.5",7092,2022,2350,587,2604,598,108,34,17,2458,604
37,532,"ALL SOCIAL GROUPS","Below 0.5",144024,37457,32355,8695,94467,24439,249,91,60,32604,8756
37,533,"ALL SOCIAL GROUPS","Below 0.5",189151,51936,99786,27310,42393,12794,1763,620,398,101549,27708
37,534,"ALL SOCIAL GROUPS","Below 0.5",274368,71226,145392,40707,68419,18018,5277,1532,1194,150669,41902
37,535,"ALL SOCIAL GROUPS","Below 0.5",289341,70477,60375,14435,136692,33773,10934,2221,1384,71309,15819
36,537,"ALL SOCIAL GROUPS","Below 0.5",107339,30551,17639,4700,32015,8419,3438,841,421,21077,5121
37,538,"ALL SOCIAL GROUPS","Below 0.5",324726,83602,54312,14986,155192,43437,2781,978,531,57093,15517
37,539,"ALL SOCIAL GROUPS","Below 0.5",256198,69226,100649,28108,50346,14779,2706,915,540,103355,28648
37,540,"ALL SOCIAL GROUPS","Below 0.5",280779,70536,142911,37895,92369,22671,3206,1131,627,146117,38522
37,541,"ALL SOCIAL GROUPS","Below 0.5",170114,48535,83031,23399,66851,19570,2017,725,335,85048,23734
36,542,"ALL SOCIAL GROUPS","Below 0.5",308866,72753,211268,49325,72352,16499,10893,3617,2182,222161,51507
36,543,"ALL SOCIAL GROUPS","Below 0.5",244848,55780,114316,24940,86819,18952,38172,9684,5290,152488,30230
36,544,"ALL SOCIAL GROUPS","Below 0.5",254854,61546,151077,34138,75776,18371,28001,8089,4562,179078,38699
36,545,"ALL SOCIAL GROUPS","Below 0.5",421667,102491,296572,73303,107028,22838,13417,4320,2648,309989,75951
36,546,"ALL SOCIAL GROUPS","Below 0.5",299108,79758,281194,74767,15440,4001,396,127,63,281590,74830
36,547,"ALL SOCIAL GROUPS","Below 0.5",257268,71639,205898,56872,47413,13677,979,340,179,206877,57051
36,548,"ALL SOCIAL GROUPS","Below 0.5",325972,95713,222115,63106,90176,28350,366,148,92,222481,63198
36,549,"ALL SOCIAL GROUPS","Below 0.5",214682,61716,64237,16987,120814,35360,2324,779,334,66561,17321
36,550,"ALL SOCIAL GROUPS","Below 0.5",198408,51866,162813,40902,18432,5043,2086,334,178,164899,41080
36,551,"ALL SOCIAL GROUPS","Below 0.5",123309,35264,57311,15813,27678,8456,1078,376,196,58389,16009
36,552,"ALL SOCIAL GROUPS","Below 0.5",123253,39479,52783,15969,61884,20575,438,171,87,53221,16056
36,553,"ALL SOCIAL GROUPS","Below 0.5",108569,33680,14476,4524,77069,23537,2455,828,456,16931,4980
36,554,"ALL SOCIAL GROUPS","Below 0.5",278390,71547,76656,17741,98248,24605,4961,1690,924,81617,18665
37,532,"INSTITUTIONAL","1.0-2.0",6,8,3,3,3,2,0,0,0,3,3
37,533,"INSTITUTIONAL","1.0-2.0",8,11,2,1,3,3,0,0,0,2,1
37,534,"INSTITUTIONAL","1.0-2.0",5,9,1,1,3,3,1,2,1,2,2
37,535,"INSTITUTIONAL","1.0-2.0",32,46,12,10,10,6,5,3,2,17,11
36,537,"INSTITUTIONAL","1.0-2.0",10,16,1,1,2,2,0,0,0,1,1
37,538,"INSTITUTIONAL","1.0-2.0",0,0,0,0,0,0,0,0,0,0,0
37,539,"INSTITUTIONAL","1.0-2.0",16,22,11,9,5,3,0,0,0,11,9
37,540,"INSTITUTIONAL","1.0-2.0",1,1,1,1,0,0,0,0,0,1,1
37,541,"INSTITUTIONAL","1.0-2.0",24,38,14,16,5,5,0,0,0,14,16
36,542,"INSTITUTIONAL","1.0-2.0",106,162,87,117,4,5,14,16,11,101,127
36,543,"INSTITUTIONAL","1.0-2.0",6,10,6,7,0,0,0,0,0,6,7
36,544,"INSTITUTIONAL","1.0-2.0",43,62,40,37,3,2,0,0,0,40,37
36,545,"INSTITUTIONAL","1.0-2.0",126,183,119,126,6,9,1,2,1,120,127
36,546,"INSTITUTIONAL","1.0-2.0",144,208,143,165,1,1,0,0,0,143,165
36,547,"INSTITUTIONAL","1.0-2.0",1,2,0,0,1,1,0,0,0,0,0
36,548,"INSTITUTIONAL","1.0-2.0",142,214,70,72,68,83,4,6,4,74,76
36,549,"INSTITUTIONAL","1.0-2.0",15,22,1,1,14,11,0,0,0,1,1
36,550,"INSTITUTIONAL","1.0-2.0",152,214,123,118,26,23,2,4,1,125,119
36,551,"INSTITUTIONAL","1.0-2.0",5,6,2,2,3,3,0,0,0,2,2
36,552,"INSTITUTIONAL","1.0-2.0",2,3,2,3,0,0,0,0,0,2,3
36,553,"INSTITUTIONAL","1.0-2.0",80,114,5,4,68,56,7,11,5,12,9
36,554,"INSTITUTIONAL","1.0-2.0",5,8,0,0,4,3,0,0,0,0,0
37,532,"SCHEDULED CASTE","1.0-2.0",18917,26616,1803,2266,14633,19936,984,1424,784,2787,3050
37,533,"SCHEDULED CASTE","1.0-2.0",10813,14520,5378,6492,3610,4559,1384,1829,1058,6762,7550
37,534,"SCHEDULED CASTE","1.0-2.0",13973,18940,7222,9208,2956,3744,3422,4278,2913,10644,12122
37,535,"SCHEDULED CASTE","1.0-2.0",18593,25236,3867,4021,9732,11852,3689,4216,2024,7556,6045
36,537,"SCHEDULED CASTE","1.0-2.0",12105,16722,1489,1358,7087,7302,1207,1316,596,2696,1954
37,538,"SCHEDULED CASTE","1.0-2.0",27944,39005,3431,4356,19090,24129,3917,5319,2465,7348,6821
37,539,"SCHEDULED CASTE","1.0-2.0",14990,20554,4226,4527,5463,6169,2831,3529,1622,7057,6149
37,540,"SCHEDULED CASTE","1.0-2.0",11507,15694,5332,6553,2870,3465,2512,3173,1830,7844,8383
37,541,"SCHEDULED CASTE","1.0-2.0",5748,7799,2374,3018,2350,3097,845,1141,602,3219,3620
36,542,"SCHEDULED CASTE","1.0-2.0",1542,2017,551,668,446,476,365,458,301,916,969
36,543,"SCHEDULED CASTE","1.0-2.0",2076,2796,357,461,920,1128,740,939,507,1097,968
36,544,"SCHEDULED CASTE","1.0-2.0",1129,1543,446,559,399,534,284,368,186,730,745
36,545,"SCHEDULED CASTE","1.0-2.0",2743,3682,1230,1432,702,841,806,1084,683,2036,2114
36,546,"SCHEDULED CASTE","1.0-2.0",4469,6090,4236,5743,184,224,16,20,6,4252,5749
36,547,"SCHEDULED CASTE","1.0-2.0",4422,5951,2787,3704,1251,1677,326,444,197,3113,3901
36,548,"SCHEDULED CASTE","1.0-2.0",5376,7211,3472,4597,1567,1948,79,115,51,3551,4648
36,549,"SCHEDULED CASTE","1.0-2.0",15758,22123,3524,4423,10195,11675,1101,1540,710,4625,5133
36,550,"SCHEDULED CASTE","1.0-2.0",11591,15537,6927,8416,2551,3321,524,504,244,7451,8660
36,551,"SCHEDULED CASTE","1.0-2.0",7920,11068,2901,3216,2876,3555,561,733,336,3462,3552
36,552,"SCHEDULED CASTE","1.0-2.0",20608,28737,4178,5502,14329,19657,1211,1707,693,5389,6195
36,553,"SCHEDULED CASTE","1.0-2.0",22432,32555,1362,1919,18177,24928,1745,2715,1021,3107,2940
36,554,"SCHEDULED CASTE","1.0-2.0",13019,17902,3592,4025,5319,5427,2520,2836,1471,6112,5496
37,532,"OTHERS","1.0-2.0",90217,129447,10441,13822,69271,97659,5545,8348,4563,15986,18384
37,533,"OTHERS","1.0-2.0",91437,128017,47395,60777,27460,35873,11500,16089,9442,58895,70219
37,534,"OTHERS","1.0-2.0",126752,178297,75753,101835,17773,22677,29101,36576,27371,104854,129206
37,535,"OTHERS","1.0-2.0",120377,168747,32412,34945,53305,66156,25676,30480,15238,58088,50183
36,537,"OTHERS","1.0-2.0",67816,95571,13580,12611,31034,32051,6903,7270,3378,20483,15989
37,538,"OTHERS","1.0-2.0",197502,282862,32517,41355,119006,150880,33524,46546,21461,66041,62816
37,539,"OTHERS","1.0-2.0",155305,220963,51546,57877,51730,58497,30462,39478,18916,82008,76794
37,540,"OTHERS","1.0-2.0",105740,148796,57074,72475,20744,26350,22038,29583,16931,79112,89406
37,541,"OTHERS","1.0-2.0",62730,87930,28709,38908,22921,30708,9468,13498,6691,38177,45599
36,542,"OTHERS","1.0-2.0",62857,86492,34751,46770,10990,14674,15810,21565,12644,50561,59413
36,543,"OTHERS","1.0-2.0",57096,79057,16494,21527,13927,17742,25531,33349,18101,42025,39628
36,544,"OTHERS","1.0-2.0",41078,55861,17168,22390,12361,16779,11549,15452,7667,28717,30057
36,545,"OTHERS","1.0-2.0",72592,99582,46974,63261,15458,20645,9824,13413,7531,56798,70792
36,546,"OTHERS","1.0-2.0",78380,108878,73274,101013,3737,5176,594,872,466,73868,101480
36,547,"OTHERS","1.0-2.0",91402,127884,60909,84381,25478,35766,4141,5988,2743,65050,87124
36,548,"OTHERS","1.0-2.0",140692,195277,85831,117191,42468,57157,6647,9748,5149,92478,122340
36,549,"OTHERS","1.0-2.0",151097,215873,37302,47810,96080,120313,11710,16391,7441,49012,55251
36,550,"OTHERS","1.0-2.0",77841,109836,50523,65535,17242,23897,2515,3070,1419,53038,66954
36,551,"OTHERS","1.0-2.0",113575,163190,35784,41997,51784,68022,8504,10871,4711,44288,46708
36,552,"OTHERS","1.0-2.0",163417,233865,32125,44061,114266,159273,9448,13877,6168,41573,50229
36,553,"OTHERS","1.0-2.0",209985,309988,17395,24229,159633,223330,23802,36298,14932,41197,39161
36,554,"OTHERS","1.0-2.0",128363,181152,30828,34896,54536,54880,27714,31981,16445,58542,51341
37,532,"SCHEDULED TRIBES","1.0-2.0",34794,49802,1023,1374,29438,41300,639,923,530,1662,1904
37,533,"SCHEDULED TRIBES","1.0-2.0",10578,14239,5829,7340,2968,3891,1242,1676,840,7071,8180
37,534,"SCHEDULED TRIBES","1.0-2.0",4278,5858,1944,2315,1166,1481,1140,1339,1183,3084,3498
37,535,"SCHEDULED TRIBES","1.0-2.0",9878,13656,1904,1984,5345,6861,2207,2523,1423,4111,3407
36,537,"SCHEDULED TRIBES","1.0-2.0",8025,11053,1938,2000,3876,4136,1011,1253,717,2949,2718
37,538,"SCHEDULED TRIBES","1.0-2.0",23940,33489,2387,2975,15822,19156,4413,6048,2488,6800,5463
37,539,"SCHEDULED TRIBES","1.0-2.0",21197,29224,5571,5698,9077,10210,3364,4285,1786,8935,7485
37,540,"SCHEDULED TRIBES","1.0-2.0",24633,33921,12861,16086,6517,8461,4366,5963,3356,17227,19441
37,541,"SCHEDULED TRIBES","1.0-2.0",37471,52243,8514,11138,21990,29386,4705,6460,2857,13219,13995
36,542,"SCHEDULED TRIBES","1.0-2.0",6389,8584,1317,1607,2853,3118,1231,1610,897,2548,2504
36,543,"SCHEDULED TRIBES","1.0-2.0",8020,11019,827,1007,5785,7701,1242,1738,988,2069,1995
36,544,"SCHEDULED TRIBES","1.0-2.0",26679,37972,3971,5216,15314,19482,7394,9520,4200,11365,9417
36,545,"SCHEDULED TRIBES","1.0-2.0",11213,16283,2861,3527,6392,4401,423,520,180,3284,3707
36,546,"SCHEDULED TRIBES","1.0-2.0",4306,6112,2410,3350,1330,1759,50,60,44,2460,3394
36,547,"SCHEDULED TRIBES","1.0-2.0",1874,2640,666,918,930,1267,194,232,92,860,1010
36,548,"SCHEDULED TRIBES","1.0-2.0",4635,6306,3034,3889,1211,1534,60,79,40,3094,3929
36,549,"SCHEDULED TRIBES","1.0-2.0",3211,4500,1227,1546,1713,2044,61,94,49,1288,1596
36,550,"SCHEDULED TRIBES","1.0-2.0",2678,3559,1869,2145,542,711,32,44,17,1901,2162
36,551,"SCHEDULED TRIBES","1.0-2.0",1974,2727,590,563,896,1008,92,112,41,682,604
36,552,"SCHEDULED TRIBES","1.0-2.0",3671,5116,759,1015,2380,3176,115,155,63,874,1077
36,553,"SCHEDULED TRIBES","1.0-2.0",11031,16178,505,703,9245,12512,894,1271,473,1399,1176
36,554,"SCHEDULED TRIBES","1.0-2.0",3044,4243,679,760,1785,1646,393,470,233,1072,993
37,532,"ALL SOCIAL GROUPS","1.0-2.0",143934,205874,13270,17464,113345,158897,7168,10695,5877,20438,23341
37,533,"ALL SOCIAL GROUPS","1.0-2.0",112836,156787,58604,74611,34041,44325,14126,19595,11340,72730,85951
37,534,"ALL SOCIAL GROUPS","1.0-2.0",145008,203103,84920,113359,21898,27905,33664,42194,31468,118584,144827
37,535,"ALL SOCIAL GROUPS","1.0-2.0",148880,207685,38195,40960,68392,84875,31577,37222,18687,69772,59647
36,537,"ALL SOCIAL GROUPS","1.0-2.0",87956,123362,17008,15971,41999,43492,9121,9839,4691,26129,20662
37,538,"ALL SOCIAL GROUPS","1.0-2.0",249386,355356,38335,48686,153918,194166,41854,57913,26414,80189,75100
37,539,"ALL SOCIAL GROUPS","1.0-2.0",191508,270762,61354,68112,66275,74879,36657,47292,22324,98011,90436
37,540,"ALL SOCIAL GROUPS","1.0-2.0",141881,198412,75268,95114,30131,38276,28916,38719,22117,104184,117231
37,541,"ALL SOCIAL GROUPS","1.0-2.0",105973,148011,39611,53081,47266,63195,15018,21099,10149,54629,63230
36,542,"ALL SOCIAL GROUPS","1.0-2.0",70894,97255,36706,49162,14293,18274,17420,23649,13852,54126,63014
36,543,"ALL SOCIAL GROUPS","1.0-2.0",67198,92882,17684,23002,20632,26571,27513,36026,19596,45197,42598
36,544,"ALL SOCIAL GROUPS","1.0-2.0",68929,95438,21625,28203,28077,36797,19227,25341,12053,40852,40256
36,545,"ALL SOCIAL GROUPS","1.0-2.0",86674,119731,51184,68346,22558,25897,11054,15018,8394,62238,76740
36,546,"ALL SOCIAL GROUPS","1.0-2.0",87299,121288,80063,110271,5252,7159,660,953,516,80723,110787
36,547,"ALL SOCIAL GROUPS","1.0-2.0",97699,136477,64362,89003,27660,38711,4661,6663,3031,69023,92034
36,548,"ALL SOCIAL GROUPS","1.0-2.0",150845,209008,92407,125749,45314,60723,6790,9948,5244,99197,130993
36,549,"ALL SOCIAL GROUPS","1.0-2.0",170081,242517,42054,53780,108002,134042,12872,18024,8200,54926,61980
36,550,"ALL SOCIAL GROUPS","1.0-2.0",92262,129146,59442,76215,20361,27953,3073,3622,1681,62515,77896
36,551,"ALL SOCIAL GROUPS","1.0-2.0",123474,176991,39277,45778,55559,72588,9157,11716,5088,48434,50866
36,552,"ALL SOCIAL GROUPS","1.0-2.0",187698,267721,37064,50580,130975,182105,10774,15739,6924,47838,57504
36,553,"ALL SOCIAL GROUPS","1.0-2.0",243528,358835,19267,26855,187123,260827,26448,40296,16431,45715,43286
36,554,"ALL SOCIAL GROUPS","1.0-2.0",144431,203304,35099,39681,61644,61956,30627,35287,18148,65726,57830
37,532,"INSTITUTIONAL","0.5-1.0",12,9,6,3,5,3,0,0,0,6,3
37,533,"INSTITUTIONAL","0.5-1.0",5,3,1,0,1,0,0,0,0,1,0
37,534,"INSTITUTIONAL","0.5-1.0",2,1,1,1,1,1,0,0,0,1,1
37,535,"INSTITUTIONAL","0.5-1.0",25,18,5,2,16,7,3,2,1,8,3
36,537,"INSTITUTIONAL","0.5-1.0",4,3,1,0,1,0,0,0,0,1,0
37,538,"INSTITUTIONAL","0.5-1.0",1,1,0,0,1,0,0,0,0,0,0
37,539,"INSTITUTIONAL","0.5-1.0",7,6,4,2,2,1,0,0,0,4,2
37,540,"INSTITUTIONAL","0.5-1.0",1,1,1,0,0,0,0,0,0,1,0
37,541,"INSTITUTIONAL","0.5-1.0",7,5,6,4,0,0,0,0,0,6,4
36,542,"INSTITUTIONAL","0.5-1.0",44,32,38,15,6,3,0,0,0,38,15
36,543,"INSTITUTIONAL","0.5-1.0",3,2,1,1,2,1,0,0,0,1,1
36,544,"INSTITUTIONAL","0.5-1.0",21,15,17,8,4,2,0,0,0,17,8
36,545,"INSTITUTIONAL","0.5-1.0",145,106,125,75,17,6,3,2,1,128,77
36,546,"INSTITUTIONAL","0.5-1.0",96,69,96,52,0,0,0,0,0,96,52
36,547,"INSTITUTIONAL","0.5-1.0",4,3,0,0,4,2,0,0,0,0,0
36,548,"INSTITUTIONAL","0.5-1.0",11,8,5,4,6,5,0,0,0,5,4
36,549,"INSTITUTIONAL","0.5-1.0",13,10,1,0,12,7,0,0,0,1,0
36,550,"INSTITUTIONAL","0.5-1.0",104,77,97,55,6,3,0,0,0,97,55
36,551,"INSTITUTIONAL","0.5-1.0",1,1,0,0,0,0,0,0,0,0,0
36,552,"INSTITUTIONAL","0.5-1.0",3,2,1,1,2,2,0,0,0,1,1
36,553,"INSTITUTIONAL","0.5-1.0",80,57,1,0,77,39,0,0,0,1,0
36,554,"INSTITUTIONAL","0.5-1.0",2,2,1,0,0,0,0,0,0,1,0
37,532,"SCHEDULED CASTE","0.5-1.0",20153,14918,3517,2494,14665,10691,285,212,118,3802,2612
37,533,"SCHEDULED CASTE","0.5-1.0",17068,12321,9440,6216,5588,3915,1007,712,481,10447,6697
37,534,"SCHEDULED CASTE","0.5-1.0",24933,17882,15772,11037,6327,4306,2016,1440,1032,17788,12068
37,535,"SCHEDULED CASTE","0.5-1.0",29765,21406,5494,3244,17658,10765,3917,2522,1387,9411,4630
36,537,"SCHEDULED CASTE","0.5-1.0",15700,11485,2085,1147,8664,4805,639,370,170,2724,1318
37,538,"SCHEDULED CASTE","0.5-1.0",36601,26911,5329,3502,26278,18046,1991,1480,707,7320,4208
37,539,"SCHEDULED CASTE","0.5-1.0",22607,16367,7719,4774,7914,5072,1909,1310,703,9628,5476
37,540,"SCHEDULED CASTE","0.5-1.0",19501,14029,10399,6929,5792,3951,1776,1286,677,12175,7606
37,541,"SCHEDULED CASTE","0.5-1.0",10427,7394,4892,3392,4529,3146,505,363,191,5397,3582
36,542,"SCHEDULED CASTE","0.5-1.0",4918,3485,2461,1732,1600,1080,552,389,242,3013,1974
36,543,"SCHEDULED CASTE","0.5-1.0",4555,3232,1488,1022,1924,1300,1078,758,414,2566,1436
36,544,"SCHEDULED CASTE","0.5-1.0",2486,1767,1160,791,827,578,499,360,171,1659,963
36,545,"SCHEDULED CASTE","0.5-1.0",7709,5298,3658,2387,2167,1443,1845,1300,776,5503,3163
36,546,"SCHEDULED CASTE","0.5-1.0",9241,6521,8585,6024,589,373,11,9,4,8596,6029
36,547,"SCHEDULED CASTE","0.5-1.0",10098,7219,6412,4497,2991,2169,449,343,187,6861,4684
36,548,"SCHEDULED CASTE","0.5-1.0",11833,8364,7350,5148,3897,2708,170,121,61,7520,5208
36,549,"SCHEDULED CASTE","0.5-1.0",17155,12552,4455,3085,10989,7209,562,431,182,5017,3267
36,550,"SCHEDULED CASTE","0.5-1.0",21085,15125,15381,10264,3097,2237,519,254,135,15900,10399
36,551,"SCHEDULED CASTE","0.5-1.0",13934,9722,5217,3215,3952,2685,268,187,71,5485,3286
36,552,"SCHEDULED CASTE","0.5-1.0",24489,17972,6385,4481,16038,11741,565,418,186,6950,4667
36,553,"SCHEDULED CASTE","0.5-1.0",20868,15585,2156,1546,17241,12500,328,232,98,2484,1644
36,554,"SCHEDULED CASTE","0.5-1.0",24132,17015,7780,4571,10047,5539,1517,1023,519,9297,5089
37,532,"OTHERS","0.5-1.0",72023,53527,14988,10724,51137,37803,906,703,365,15894,11089
37,533,"OTHERS","0.5-1.0",100012,73369,55284,37484,33242,23611,4528,3281,2050,59812,39535
37,534,"OTHERS","0.5-1.0",141990,103955,96941,68928,27725,19051,12658,9274,6914,109599,75842
37,535,"OTHERS","0.5-1.0",135166,98632,33515,20925,71680,44344,15658,10105,5646,49173,26571
36,537,"OTHERS","0.5-1.0",67843,49989,14395,7916,28873,16064,3613,2099,978,18008,8894
37,538,"OTHERS","0.5-1.0",182361,135716,34261,22641,118944,82093,11705,8779,4384,45966,27024
37,539,"OTHERS","0.5-1.0",141523,104638,59569,38338,43559,28305,10460,7548,4008,70029,42346
37,540,"OTHERS","0.5-1.0",114852,84366,71676,49684,26653,18526,9390,7183,4011,81066,53695
37,541,"OTHERS","0.5-1.0",68872,50509,35460,25284,25571,18316,4546,3406,1723,40006,27007
36,542,"OTHERS","0.5-1.0",103322,73699,66460,46452,18671,13060,16195,11723,6764,82655,53216
36,543,"OTHERS","0.5-1.0",85621,61482,32430,22348,21809,14844,29555,20568,11334,61985,33682
36,544,"OTHERS","0.5-1.0",78967,55448,37563,25594,22634,15660,18770,13310,6677,56333,32271
36,545,"OTHERS","0.5-1.0",124563,89313,86463,61456,26356,18448,11111,8042,4750,97574,66206
36,546,"OTHERS","0.5-1.0",115321,83353,109038,78392,5176,3682,554,413,206,109592,78597
36,547,"OTHERS","0.5-1.0",125883,92052,91809,66730,30647,22580,2515,1883,930,94324,67660
36,548,"OTHERS","0.5-1.0",192300,139401,120831,86785,61588,43930,2487,2022,1049,123318,87834
36,549,"OTHERS","0.5-1.0",143493,105187,37312,26015,93713,64832,5376,3950,1708,42688,27723
36,550,"OTHERS","0.5-1.0",83045,60790,63523,44179,12176,8772,1003,633,307,64526,44486
36,551,"OTHERS","0.5-1.0",101477,73988,42040,27111,35502,24804,2957,2080,966,44997,28077
36,552,"OTHERS","0.5-1.0",131200,98126,36202,25955,85327,63138,2963,2290,1059,39165,27014
36,553,"OTHERS","0.5-1.0",122632,92710,14333,10544,95828,69268,5793,4370,1942,20126,12485
36,554,"OTHERS","0.5-1.0",147706,106925,41898,25646,65506,36728,15020,9765,5053,56918,30699
37,532,"SCHEDULED TRIBES","0.5-1.0",22965,17300,1706,1221,19085,14153,160,123,73,1866,1294
37,533,"SCHEDULED TRIBES","0.5-1.0",13195,9767,7731,5508,4244,3085,325,231,158,8056,5665
37,534,"SCHEDULED TRIBES","0.5-1.0",5744,4193,3508,2219,1734,1221,403,296,264,3911,2482
37,535,"SCHEDULED TRIBES","0.5-1.0",10803,7950,2422,1567,6235,4034,1162,672,400,3584,1967
36,537,"SCHEDULED TRIBES","0.5-1.0",9061,6712,1958,1160,4374,2659,582,415,259,2540,1419
37,538,"SCHEDULED TRIBES","0.5-1.0",25444,18841,3962,2500,17890,12233,1262,967,489,5224,2989
37,539,"SCHEDULED TRIBES","0.5-1.0",24934,18315,9782,5939,8434,5498,1325,996,507,11107,6445
37,540,"SCHEDULED TRIBES","0.5-1.0",29754,21999,16973,12138,9275,6712,2472,1888,973,19445,13111
37,541,"SCHEDULED TRIBES","0.5-1.0",41686,30697,13025,9202,24139,17433,1825,1356,618,14850,9820
36,542,"SCHEDULED TRIBES","0.5-1.0",10287,7526,2747,1792,4775,3120,1320,958,511,4067,2303
36,543,"SCHEDULED TRIBES","0.5-1.0",10397,7579,1866,1258,7516,5324,900,676,424,2766,1681
36,544,"SCHEDULED TRIBES","0.5-1.0",24516,18132,7958,5368,11426,7677,5132,3717,1666,13090,7034
36,545,"SCHEDULED TRIBES","0.5-1.0",8431,6303,2683,1822,4155,2151,217,162,86,2900,1907
36,546,"SCHEDULED TRIBES","0.5-1.0",4933,3626,2852,2054,1518,1086,0,0,0,2852,2054
36,547,"SCHEDULED TRIBES","0.5-1.0",3163,2316,1346,929,1600,1061,96,73,37,1442,966
36,548,"SCHEDULED TRIBES","0.5-1.0",6342,4639,3928,2770,1918,1276,88,62,29,4016,2799
36,549,"SCHEDULED TRIBES","0.5-1.0",3597,2622,1275,901,1931,1205,104,76,40,1379,940
36,550,"SCHEDULED TRIBES","0.5-1.0",5970,4296,4481,2969,1077,789,61,41,21,4542,2990
36,551,"SCHEDULED TRIBES","0.5-1.0",3000,2097,987,529,1122,687,60,37,16,1047,545
36,552,"SCHEDULED TRIBES","0.5-1.0",3460,2576,990,688,2031,1421,87,64,27,1077,716
36,553,"SCHEDULED TRIBES","0.5-1.0",6801,5173,348,260,6089,4275,157,123,57,505,316
36,554,"SCHEDULED TRIBES","0.5-1.0",4960,3521,1661,926,2419,1222,250,157,55,1911,981
37,532,"ALL SOCIAL GROUPS","0.5-1.0",115153,85754,20217,14442,84892,62649,1351,1037,556,21568,14998
37,533,"ALL SOCIAL GROUPS","0.5-1.0",130280,95460,72456,49208,43075,30612,5860,4225,2689,78316,51898
37,534,"ALL SOCIAL GROUPS","0.5-1.0",172669,126030,116222,82184,35787,24579,15077,11010,8210,131299,90394
37,535,"ALL SOCIAL GROUPS","0.5-1.0",175759,128007,41436,25738,95589,59150,20740,13300,7434,62176,33171
36,537,"ALL SOCIAL GROUPS","0.5-1.0",92608,68189,18439,10224,41912,23530,4834,2884,1408,23273,11632
37,538,"ALL SOCIAL GROUPS","0.5-1.0",244407,181468,43552,28642,163113,112372,14958,11226,5579,58510,34222
37,539,"ALL SOCIAL GROUPS","0.5-1.0",189071,139326,77074,49053,59909,38875,13694,9854,5217,90768,54269
37,540,"ALL SOCIAL GROUPS","0.5-1.0",164108,120394,99049,68752,41720,29189,13638,10356,5661,112687,74413
37,541,"ALL SOCIAL GROUPS","0.5-1.0",120992,88605,53383,37882,54239,38894,6876,5125,2531,60259,40413
36,542,"ALL SOCIAL GROUPS","0.5-1.0",118571,84742,71706,49992,25052,17264,18067,13070,7517,89773,57508
36,543,"ALL SOCIAL GROUPS","0.5-1.0",100576,72296,35785,24628,31251,21470,31533,22002,12172,67318,36800
36,544,"ALL SOCIAL GROUPS","0.5-1.0",105990,75362,46698,31761,34891,23916,24401,17387,8514,71099,40276
36,545,"ALL SOCIAL GROUPS","0.5-1.0",140848,101019,92929,65739,32695,22048,13176,9505,5613,106105,71353
36,546,"ALL SOCIAL GROUPS","0.5-1.0",129591,93569,120571,86522,7283,5141,565,422,210,121136,86732
36,547,"ALL SOCIAL GROUPS","0.5-1.0",139148,101590,99567,72155,35242,25811,3060,2298,1154,102627,73310
36,548,"ALL SOCIAL GROUPS","0.5-1.0",210486,152412,132114,94707,67409,47919,2745,2206,1139,134859,95845
36,549,"ALL SOCIAL GROUPS","0.5-1.0",164258,120371,43043,30002,106645,73252,6042,4457,1929,49085,31931
36,550,"ALL SOCIAL GROUPS","0.5-1.0",110204,80288,83482,57468,16356,11801,1583,928,463,85065,57930
36,551,"ALL SOCIAL GROUPS","0.5-1.0",118412,85808,48244,30855,40576,28176,3285,2304,1053,51529,31908
36,552,"ALL SOCIAL GROUPS","0.5-1.0",159152,118677,43578,31125,103398,76301,3615,2771,1273,47193,32398
36,553,"ALL SOCIAL GROUPS","0.5-1.0",150381,113525,16838,12350,119235,86082,6278,4724,2096,23116,14446
36,554,"ALL SOCIAL GROUPS","0.5-1.0",176800,127463,51340,31143,77972,43489,16787,10945,5627,68127,36770
37,532,"INSTITUTIONAL","3.0-4.0",3,10,0,0,3,5,0,0,0,0,0
37,533,"INSTITUTIONAL","3.0-4.0",3,10,2,5,1,2,0,0,0,2,5
37,534,"INSTITUTIONAL","3.0-4.0",0,0,0,0,0,0,0,0,0,0,0
37,535,"INSTITUTIONAL","3.0-4.0",11,37,3,5,5,9,2,3,2,5,6
36,537,"INSTITUTIONAL","3.0-4.0",15,51,5,9,1,2,7,6,5,12,14
37,538,"INSTITUTIONAL","3.0-4.0",0,0,0,0,0,0,0,0,0,0,0
37,539,"INSTITUTIONAL","3.0-4.0",10,34,2,3,8,15,0,0,0,2,3
37,540,"INSTITUTIONAL","3.0-4.0",1,3,0,0,1,2,0,0,0,0,0
37,541,"INSTITUTIONAL","3.0-4.0",17,60,8,14,4,10,5,16,14,13,28
36,542,"INSTITUTIONAL","3.0-4.0",36,125,22,42,3,8,11,25,16,33,59
36,543,"INSTITUTIONAL","3.0-4.0",8,26,3,6,1,2,4,12,6,7,12
36,544,"INSTITUTIONAL","3.0-4.0",11,38,2,3,8,17,1,3,1,3,5
36,545,"INSTITUTIONAL","3.0-4.0",48,166,43,111,5,10,0,0,0,43,111
36,546,"INSTITUTIONAL","3.0-4.0",53,185,51,151,2,3,0,0,0,51,151
36,547,"INSTITUTIONAL","3.0-4.0",1,4,0,0,1,4,0,0,0,0,0
36,548,"INSTITUTIONAL","3.0-4.0",70,244,29,61,40,83,0,0,0,29,61
36,549,"INSTITUTIONAL","3.0-4.0",12,40,0,0,12,25,0,0,0,0,0
36,550,"INSTITUTIONAL","3.0-4.0",51,175,42,83,9,31,0,0,0,42,83
36,551,"INSTITUTIONAL","3.0-4.0",1,3,0,0,1,2,0,0,0,0,0
36,552,"INSTITUTIONAL","3.0-4.0",1,3,1,2,0,0,0,0,0,1,2
36,553,"INSTITUTIONAL","3.0-4.0",67,230,3,5,52,115,11,31,7,14,12
36,554,"INSTITUTIONAL","3.0-4.0",2,7,1,2,1,2,0,0,0,1,2
37,532,"SCHEDULED CASTE","3.0-4.0",2165,7452,75,188,1685,5436,190,620,284,265,472
37,533,"SCHEDULED CASTE","3.0-4.0",364,1231,182,476,82,246,97,290,65,279,541
37,534,"SCHEDULED CASTE","3.0-4.0",640,2183,258,687,232,685,131,385,307,389,993
37,535,"SCHEDULED CASTE","3.0-4.0",772,2623,180,391,456,1335,104,302,136,284,527
36,537,"SCHEDULED CASTE","3.0-4.0",903,3069,89,142,483,1150,242,457,191,331,334
37,538,"SCHEDULED CASTE","3.0-4.0",1995,6818,324,867,1002,2758,605,1859,776,929,1644
37,539,"SCHEDULED CASTE","3.0-4.0",847,2895,298,643,188,407,273,719,343,571,986
37,540,"SCHEDULED CASTE","3.0-4.0",762,2631,219,575,237,684,274,782,476,493,1051
37,541,"SCHEDULED CASTE","3.0-4.0",374,1281,99,265,168,484,91,291,129,190,394
36,542,"SCHEDULED CASTE","3.0-4.0",31,104,19,40,9,19,3,8,4,22,44
36,543,"SCHEDULED CASTE","3.0-4.0",130,456,67,139,35,77,28,83,56,95,194
36,544,"SCHEDULED CASTE","3.0-4.0",51,172,16,27,27,67,8,25,10,24,37
36,545,"SCHEDULED CASTE","3.0-4.0",188,644,71,153,84,153,33,103,42,104,195
36,546,"SCHEDULED CASTE","3.0-4.0",258,884,246,680,4,13,0,0,0,246,680
36,547,"SCHEDULED CASTE","3.0-4.0",277,955,146,382,98,316,28,91,43,174,426
36,548,"SCHEDULED CASTE","3.0-4.0",369,1254,272,751,54,113,29,86,53,301,805
36,549,"SCHEDULED CASTE","3.0-4.0",949,3262,213,395,565,1445,143,397,241,356,636
36,550,"SCHEDULED CASTE","3.0-4.0",468,1608,325,777,70,236,34,108,46,359,823
36,551,"SCHEDULED CASTE","3.0-4.0",227,760,70,153,125,264,20,64,26,90,179
36,552,"SCHEDULED CASTE","3.0-4.0",1843,6295,217,645,1347,4325,233,774,378,450,1022
36,553,"SCHEDULED CASTE","3.0-4.0",1417,4809,83,261,1086,2874,234,681,257,317,518
36,554,"SCHEDULED CASTE","3.0-4.0",405,1371,82,190,180,332,132,348,148,214,338
37,532,"OTHERS","3.0-4.0",12509,43031,558,1768,9045,30099,2119,7063,3427,2677,5195
37,533,"OTHERS","3.0-4.0",7170,24558,3232,9977,1484,4761,2114,6472,2829,5346,12806
37,534,"OTHERS","3.0-4.0",12715,43588,5557,17974,1459,4768,4469,12612,9557,10026,27531
37,535,"OTHERS","3.0-4.0",12057,41421,2823,7169,5097,15271,3398,9107,4159,6221,11328
36,537,"OTHERS","3.0-4.0",9231,31738,1604,2726,3547,7984,2191,4447,2046,3795,4772
37,538,"OTHERS","3.0-4.0",26664,91602,4630,13207,10425,30420,10287,31485,13563,14917,26770
37,539,"OTHERS","3.0-4.0",22037,75742,5989,15412,4331,10289,9223,25156,11007,15212,26419
37,540,"OTHERS","3.0-4.0",11805,40557,4270,13222,2096,6452,4291,12658,7096,8561,20318
37,541,"OTHERS","3.0-4.0",8518,29324,3419,11281,2487,8161,2532,8129,3898,5951,15179
36,542,"OTHERS","3.0-4.0",4915,16889,2336,7955,753,2572,1741,5718,3327,4077,11282
36,543,"OTHERS","3.0-4.0",6486,22505,1087,3490,1648,4781,3548,10715,5525,4635,9015
36,544,"OTHERS","3.0-4.0",3103,10550,1092,3371,1172,3854,839,2694,1200,1931,4571
36,545,"OTHERS","3.0-4.0",7225,24781,4051,13592,1624,5230,1544,5157,2784,5595,16376
36,546,"OTHERS","3.0-4.0",9541,32896,8602,29226,514,1756,206,709,442,8808,29668
36,547,"OTHERS","3.0-4.0",12420,42669,7368,25062,3406,11598,1545,5295,2390,8913,27452
36,548,"OTHERS","3.0-4.0",14884,51040,8603,28668,3797,12438,1402,4744,2693,10005,31361
36,549,"OTHERS","3.0-4.0",24242,83503,3978,10094,14010,38608,5526,17374,7653,9504,17747
36,550,"OTHERS","3.0-4.0",10359,35599,6170,18166,2301,6910,730,2319,982,6900,19148
36,551,"OTHERS","3.0-4.0",14352,49117,2985,7531,7387,21822,2897,8438,3511,5882,11043
36,552,"OTHERS","3.0-4.0",30626,105521,4821,15729,20699,66708,4234,13917,5716,9055,21445
36,553,"OTHERS","3.0-4.0",35876,123279,2592,8162,22669,74163,9492,26732,9940,12084,18102
36,554,"OTHERS","3.0-4.0",11844,40634,2077,5405,2897,5957,5988,14956,7013,8065,12417
37,532,"SCHEDULED TRIBES","3.0-4.0",6496,22278,127,339,5074,16829,144,475,218,271,556
37,533,"SCHEDULED TRIBES","3.0-4.0",250,842,121,331,70,207,59,193,46,180,377
37,534,"SCHEDULED TRIBES","3.0-4.0",230,800,139,351,48,139,17,48,36,156,387
37,535,"SCHEDULED TRIBES","3.0-4.0",667,2285,119,276,397,1244,146,401,215,265,491
36,537,"SCHEDULED TRIBES","3.0-4.0",659,2256,141,282,256,539,174,454,203,315,485
37,538,"SCHEDULED TRIBES","3.0-4.0",2007,6866,237,592,887,2094,790,2392,991,1027,1583
37,539,"SCHEDULED TRIBES","3.0-4.0",1638,5605,399,923,473,1221,690,1827,789,1089,1711
37,540,"SCHEDULED TRIBES","3.0-4.0",1790,6140,744,2122,455,1489,449,1340,753,1193,2876
37,541,"SCHEDULED TRIBES","3.0-4.0",4913,16844,627,1908,2412,7599,1528,4683,1925,2155,3833
36,542,"SCHEDULED TRIBES","3.0-4.0",344,1169,54,111,133,326,107,340,148,161,260
36,543,"SCHEDULED TRIBES","3.0-4.0",907,3106,53,154,614,1884,227,791,396,280,550
36,544,"SCHEDULED TRIBES","3.0-4.0",6314,21787,500,1668,3146,9227,2668,7353,2757,3168,4424
36,545,"SCHEDULED TRIBES","3.0-4.0",2999,10349,622,1572,1851,2052,214,477,149,836,1720
36,546,"SCHEDULED TRIBES","3.0-4.0",654,2250,397,1269,169,530,8,31,12,405,1281
36,547,"SCHEDULED TRIBES","3.0-4.0",150,514,51,111,79,224,20,68,19,71,131
36,548,"SCHEDULED TRIBES","3.0-4.0",313,1071,200,598,72,206,15,18,11,215,610
36,549,"SCHEDULED TRIBES","3.0-4.0",209,716,88,139,89,190,31,107,51,119,190
36,550,"SCHEDULED TRIBES","3.0-4.0",118,404,102,219,8,20,8,25,17,110,236
36,551,"SCHEDULED TRIBES","3.0-4.0",87,296,18,38,60,114,0,0,0,18,38
36,552,"SCHEDULED TRIBES","3.0-4.0",456,1558,23,52,378,1144,44,134,63,67,115
36,553,"SCHEDULED TRIBES","3.0-4.0",885,3034,83,274,644,1816,136,424,130,219,404
36,554,"SCHEDULED TRIBES","3.0-4.0",125,425,12,26,86,185,27,67,23,39,50
37,532,"ALL SOCIAL GROUPS","3.0-4.0",21173,72771,760,2295,15807,52370,2453,8158,3928,3213,6224
37,533,"ALL SOCIAL GROUPS","3.0-4.0",7787,26641,3537,10789,1637,5216,2270,6954,2940,5807,13729
37,534,"ALL SOCIAL GROUPS","3.0-4.0",13585,46571,5954,19011,1739,5593,4617,13045,9900,10571,28911
37,535,"ALL SOCIAL GROUPS","3.0-4.0",13507,46366,3125,7841,5955,17859,3650,9813,4511,6775,12352
36,537,"ALL SOCIAL GROUPS","3.0-4.0",10808,37114,1839,3159,4287,9674,2614,5363,2446,4453,5605
37,538,"ALL SOCIAL GROUPS","3.0-4.0",30666,105287,5191,14666,12314,35272,11682,35737,15331,16873,29997
37,539,"ALL SOCIAL GROUPS","3.0-4.0",24532,84276,6688,16981,5000,11932,10186,27702,12138,16874,29120
37,540,"ALL SOCIAL GROUPS","3.0-4.0",14358,49332,5233,15919,2789,8627,5014,14780,8325,10247,24244
37,541,"ALL SOCIAL GROUPS","3.0-4.0",13822,47509,4153,13468,5071,16255,4156,13119,5965,8309,19433
36,542,"ALL SOCIAL GROUPS","3.0-4.0",5326,18288,2431,8149,898,2926,1862,6092,3495,4293,11644
36,543,"ALL SOCIAL GROUPS","3.0-4.0",7531,26094,1210,3789,2298,6744,3807,11601,5982,5017,9771
36,544,"ALL SOCIAL GROUPS","3.0-4.0",9479,32548,1610,5069,4353,13165,3516,10075,3968,5126,9037
36,545,"ALL SOCIAL GROUPS","3.0-4.0",10460,35939,4787,15427,3564,7445,1791,5738,2975,6578,18402
36,546,"ALL SOCIAL GROUPS","3.0-4.0",10506,36215,9296,31327,689,2302,214,740,454,9510,31781
36,547,"ALL SOCIAL GROUPS","3.0-4.0",12848,44141,7565,25556,3584,12141,1593,5454,2453,9158,28008
36,548,"ALL SOCIAL GROUPS","3.0-4.0",15636,53609,9104,30079,3963,12840,1446,4848,2758,10550,32837
36,549,"ALL SOCIAL GROUPS","3.0-4.0",25412,87521,4279,10629,14676,40269,5700,17878,7945,9979,18573
36,550,"ALL SOCIAL GROUPS","3.0-4.0",10996,37786,6639,19245,2388,7197,772,2451,1044,7411,20289
36,551,"ALL SOCIAL GROUPS","3.0-4.0",14667,50176,3073,7722,7573,22202,2917,8502,3537,5990,11259
36,552,"ALL SOCIAL GROUPS","3.0-4.0",32926,113377,5062,16427,22424,72177,4511,14824,6156,9573,22583
36,553,"ALL SOCIAL GROUPS","3.0-4.0",38245,131352,2761,8702,24451,78967,9873,27868,10334,12634,19036
36,554,"ALL SOCIAL GROUPS","3.0-4.0",12376,42437,2172,5622,3164,6476,6147,15370,7185,8319,12807
37,532,"INSTITUTIONAL","2.0-3.0",6,15,1,1,5,6,0,0,0,1,1
37,533,"INSTITUTIONAL","2.0-3.0",10,24,8,10,2,2,0,0,0,8,10
37,534,"INSTITUTIONAL","2.0-3.0",4,10,3,4,0,0,1,3,3,4,6
37,535,"INSTITUTIONAL","2.0-3.0",21,47,7,8,7,8,6,8,4,13,13
36,537,"INSTITUTIONAL","2.0-3.0",37,94,8,10,13,17,3,3,1,11,12
37,538,"INSTITUTIONAL","2.0-3.0",2,5,0,0,2,2,0,0,0,0,0
37,539,"INSTITUTIONAL","2.0-3.0",11,27,4,5,6,8,0,0,0,4,5
37,540,"INSTITUTIONAL","2.0-3.0",0,0,0,0,0,0,0,0,0,0,0
37,541,"INSTITUTIONAL","2.0-3.0",36,91,19,27,17,21,0,0,0,19,27
36,542,"INSTITUTIONAL","2.0-3.0",84,204,57,105,16,30,7,17,13,64,118
36,543,"INSTITUTIONAL","2.0-3.0",12,28,8,10,1,1,3,6,6,11,16
36,544,"INSTITUTIONAL","2.0-3.0",20,48,17,21,3,3,0,0,0,17,21
36,545,"INSTITUTIONAL","2.0-3.0",71,173,60,95,4,5,7,17,15,67,110
36,546,"INSTITUTIONAL","2.0-3.0",88,219,88,172,0,0,0,0,0,88,172
36,547,"INSTITUTIONAL","2.0-3.0",1,2,0,0,1,1,0,0,0,0,0
36,548,"INSTITUTIONAL","2.0-3.0",92,225,50,72,27,36,7,17,13,57,86
36,549,"INSTITUTIONAL","2.0-3.0",21,51,3,1,18,27,0,0,0,3,1
36,550,"INSTITUTIONAL","2.0-3.0",72,183,60,99,7,18,0,0,0,60,99
36,551,"INSTITUTIONAL","2.0-3.0",2,5,1,1,0,0,0,0,0,1,1
36,552,"INSTITUTIONAL","2.0-3.0",4,10,2,2,2,2,0,0,0,2,2
36,553,"INSTITUTIONAL","2.0-3.0",66,167,4,5,62,108,0,0,0,4,5
36,554,"INSTITUTIONAL","2.0-3.0",3,7,0,0,3,3,0,0,0,0,0
37,532,"SCHEDULED CASTE","2.0-3.0",8827,19880,303,629,7426,15992,465,1029,548,768,1176
37,533,"SCHEDULED CASTE","2.0-3.0",1728,3990,710,1417,527,1124,424,893,381,1134,1798
37,534,"SCHEDULED CASTE","2.0-3.0",2567,5999,1043,2252,499,1120,914,1847,1278,1957,3530
37,535,"SCHEDULED CASTE","2.0-3.0",3507,8189,786,1375,1796,3784,754,1411,624,1540,1999
36,537,"SCHEDULED CASTE","2.0-3.0",3198,7475,304,396,1792,3178,676,1029,429,980,826
37,538,"SCHEDULED CASTE","2.0-3.0",7998,18846,1117,2331,4273,8846,2198,4700,2084,3315,4415
37,539,"SCHEDULED CASTE","2.0-3.0",3313,7819,790,1373,1070,1799,1074,2077,940,1864,2313
37,540,"SCHEDULED CASTE","2.0-3.0",2713,6466,1012,2057,594,1273,894,1934,1086,1906,3142
37,541,"SCHEDULED CASTE","2.0-3.0",1607,3701,638,1127,581,1276,345,780,400,983,1527
36,542,"SCHEDULED CASTE","2.0-3.0",148,350,80,131,45,105,15,31,16,95,147
36,543,"SCHEDULED CASTE","2.0-3.0",426,988,165,265,138,251,120,236,132,285,398
36,544,"SCHEDULED CASTE","2.0-3.0",216,486,94,153,67,137,55,123,53,149,206
36,545,"SCHEDULED CASTE","2.0-3.0",568,1359,254,475,196,334,109,251,152,363,628
36,546,"SCHEDULED CASTE","2.0-3.0",975,2267,910,1829,24,47,5,12,10,915,1838
36,547,"SCHEDULED CASTE","2.0-3.0",956,2269,516,1195,282,624,139,325,161,655,1356
36,548,"SCHEDULED CASTE","2.0-3.0",1120,2658,722,1405,202,416,29,69,33,751,1437
36,549,"SCHEDULED CASTE","2.0-3.0",5007,11233,1109,1959,2932,4758,632,1299,651,1741,2610
36,550,"SCHEDULED CASTE","2.0-3.0",2190,4996,1219,2431,534,1047,192,350,172,1411,2603
36,551,"SCHEDULED CASTE","2.0-3.0",2036,4499,849,1244,685,1259,137,278,110,986,1354
36,552,"SCHEDULED CASTE","2.0-3.0",6147,14372,874,1928,4387,9741,571,1296,487,1445,2415
36,553,"SCHEDULED CASTE","2.0-3.0",10414,23206,431,884,8823,18194,822,1769,647,1253,1531
36,554,"SCHEDULED CASTE","2.0-3.0",2485,5646,519,852,952,1452,816,1471,723,1335,1575
37,532,"OTHERS","2.0-3.0",39249,90886,2671,5932,30375,68078,4043,9578,4835,6714,10767
37,533,"OTHERS","2.0-3.0",23255,54826,10988,23772,5016,11143,5962,12942,6609,16950,30380
37,534,"OTHERS","2.0-3.0",38276,91220,18493,41813,5408,12155,11950,23913,17699,30443,59512
37,535,"OTHERS","2.0-3.0",33905,80468,8047,14535,14387,30251,9436,17886,8513,17483,23048
36,537,"OTHERS","2.0-3.0",24844,58940,4331,6187,10419,17457,4931,7164,3315,9262,9502
37,538,"OTHERS","2.0-3.0",77598,185319,13763,27969,36227,74042,22993,50708,22773,36756,50743
37,539,"OTHERS","2.0-3.0",57527,137211,17534,31769,14345,26020,19155,38127,17341,36689,49110
37,540,"OTHERS","2.0-3.0",34115,81362,14457,30728,5855,12555,11124,23571,13638,25581,44367
37,541,"OTHERS","2.0-3.0",23470,55827,8975,20702,7778,17517,6414,14772,7293,15389,27995
36,542,"OTHERS","2.0-3.0",14935,35750,7377,17449,2285,5299,5067,11635,6707,12444,24156
36,543,"OTHERS","2.0-3.0",15783,37896,3234,7210,4203,8629,7902,17172,9425,11136,16635
36,544,"OTHERS","2.0-3.0",9680,22607,3642,8207,3234,7251,2804,6479,3011,6446,11218
36,545,"OTHERS","2.0-3.0",19685,46786,12243,28576,4184,9372,3173,7454,4157,15416,32733
36,546,"OTHERS","2.0-3.0",24435,58214,22430,53050,1211,2856,340,831,437,22770,53487
36,547,"OTHERS","2.0-3.0",29567,71025,18012,42702,8399,20058,2861,6990,3090,20873,45792
36,548,"OTHERS","2.0-3.0",40157,96105,24294,56843,10877,24625,2858,6891,3628,27152,60471
36,549,"OTHERS","2.0-3.0",62026,146621,13786,26418,37042,70825,9069,20412,9265,22855,35683
36,550,"OTHERS","2.0-3.0",26589,62871,15763,33676,6590,14159,1301,2661,1203,17064,34879
36,551,"OTHERS","2.0-3.0",45056,106058,11685,20680,22036,46611,5683,11784,4886,17368,25566
36,552,"OTHERS","2.0-3.0",72022,172226,12567,29069,50220,114810,6651,15659,6435,19218,35504
36,553,"OTHERS","2.0-3.0",120864,280184,8091,17950,93557,201680,15040,33074,12713,23131,30664
36,554,"OTHERS","2.0-3.0",39371,92660,8130,14804,13904,22065,13681,24945,12360,21811,27163
37,532,"SCHEDULED TRIBES","2.0-3.0",21510,49174,284,607,18026,40218,393,925,483,677,1091
37,533,"SCHEDULED TRIBES","2.0-3.0",1741,3935,852,1750,555,1069,282,613,217,1134,1967
37,534,"SCHEDULED TRIBES","2.0-3.0",958,2225,447,700,260,556,245,469,412,692,1113
37,535,"SCHEDULED TRIBES","2.0-3.0",2399,5555,377,669,1359,2929,580,1030,577,957,1246
36,537,"SCHEDULED TRIBES","2.0-3.0",2635,6075,490,715,1086,1830,561,1060,531,1051,1246
37,538,"SCHEDULED TRIBES","2.0-3.0",7937,18626,851,1612,4072,7217,2762,5902,2430,3613,4042
37,539,"SCHEDULED TRIBES","2.0-3.0",5981,14088,1618,2702,2026,3755,1601,3169,1322,3219,4023
37,540,"SCHEDULED TRIBES","2.0-3.0",6202,14709,2897,6046,1502,3414,1511,3193,1767,4408,7813
37,541,"SCHEDULED TRIBES","2.0-3.0",15500,36143,2265,4871,8740,18795,3533,7453,2898,5798,7768
36,542,"SCHEDULED TRIBES","2.0-3.0",1358,3164,134,248,743,1469,326,703,372,460,619
36,543,"SCHEDULED TRIBES","2.0-3.0",2401,5686,117,236,1724,3869,539,1279,664,656,900
36,544,"SCHEDULED TRIBES","2.0-3.0",12921,31203,1906,4394,5982,12508,5033,10320,4060,6939,8454
36,545,"SCHEDULED TRIBES","2.0-3.0",6323,15032,1602,3097,3686,3268,417,788,259,2019,3356
36,546,"SCHEDULED TRIBES","2.0-3.0",1852,4399,980,2235,651,1459,13,32,13,993,2249
36,547,"SCHEDULED TRIBES","2.0-3.0",498,1213,132,231,281,591,58,140,60,190,291
36,548,"SCHEDULED TRIBES","2.0-3.0",1314,3037,882,1847,258,521,19,41,17,901,1864
36,549,"SCHEDULED TRIBES","2.0-3.0",926,2088,428,640,411,652,76,174,79,504,718
36,550,"SCHEDULED TRIBES","2.0-3.0",603,1362,443,741,100,206,10,21,6,453,747
36,551,"SCHEDULED TRIBES","2.0-3.0",529,1186,191,275,208,372,42,78,20,233,295
36,552,"SCHEDULED TRIBES","2.0-3.0",1320,3071,199,430,883,1919,88,201,91,287,521
36,553,"SCHEDULED TRIBES","2.0-3.0",5605,12508,664,1389,4373,9161,417,902,293,1081,1682
36,554,"SCHEDULED TRIBES","2.0-3.0",746,1724,106,173,478,713,132,191,80,238,253
37,532,"ALL SOCIAL GROUPS","2.0-3.0",69592,159956,3259,7169,55832,124294,4901,11532,5866,8160,13035
37,533,"ALL SOCIAL GROUPS","2.0-3.0",26734,62775,12558,26949,6100,13339,6668,14449,7207,19226,34155
37,534,"ALL SOCIAL GROUPS","2.0-3.0",41805,99454,19986,44768,6167,13830,13110,26231,19393,33096,64161
37,535,"ALL SOCIAL GROUPS","2.0-3.0",39832,94259,9217,16587,17549,36973,10776,20335,9718,19993,26306
36,537,"ALL SOCIAL GROUPS","2.0-3.0",30714,72584,5133,7309,13310,22481,6171,9256,4277,11304,11585
37,538,"ALL SOCIAL GROUPS","2.0-3.0",93535,222795,15731,31913,44574,90108,27953,61310,27288,43684,59200
37,539,"ALL SOCIAL GROUPS","2.0-3.0",66832,159146,19946,35848,17447,31582,21830,43373,19603,41776,55451
37,540,"ALL SOCIAL GROUPS","2.0-3.0",43030,102538,18366,38831,7951,17243,13529,28699,16491,31895,55322
37,541,"ALL SOCIAL GROUPS","2.0-3.0",40613,95762,11897,26726,17116,37609,10292,23006,10591,22189,37317
36,542,"ALL SOCIAL GROUPS","2.0-3.0",16525,39469,7648,17933,3089,6902,5415,12387,7108,13063,25040
36,543,"ALL SOCIAL GROUPS","2.0-3.0",18622,44598,3524,7721,6066,12750,8564,18694,10227,12088,17948
36,544,"ALL SOCIAL GROUPS","2.0-3.0",22837,54345,5659,12774,9286,19900,7892,16923,7124,13551,19898
36,545,"ALL SOCIAL GROUPS","2.0-3.0",26647,63350,14159,32243,8070,12979,3706,8510,4583,17865,36827
36,546,"ALL SOCIAL GROUPS","2.0-3.0",27350,65100,24408,57287,1886,4362,358,875,460,24766,57747
36,547,"ALL SOCIAL GROUPS","2.0-3.0",31022,74510,18660,44128,8963,21274,3058,7455,3311,21718,47439
36,548,"ALL SOCIAL GROUPS","2.0-3.0",42683,102024,25948,60168,11364,25599,2913,7017,3690,28861,63858
36,549,"ALL SOCIAL GROUPS","2.0-3.0",67980,159993,15326,29018,40403,76262,9777,21885,9994,25103,39013
36,550,"ALL SOCIAL GROUPS","2.0-3.0",29454,69413,17485,36948,7231,15430,1503,3031,1381,18988,38329
36,551,"ALL SOCIAL GROUPS","2.0-3.0",47623,111748,12726,22200,22929,48242,5862,12139,5016,18588,27216
36,552,"ALL SOCIAL GROUPS","2.0-3.0",79493,189678,13642,31429,55492,126472,7310,17157,7013,20952,38442
36,553,"ALL SOCIAL GROUPS","2.0-3.0",136949,316065,9190,20228,106815,229142,16279,35745,13653,25469,33881
36,554,"ALL SOCIAL GROUPS","2.0-3.0",42605,100037,8755,15828,15337,24233,14629,26607,13163,23384,28991
37,532,"INSTITUTIONAL","5.0-7.5",3,19,1,3,2,9,0,0,0,1,3
37,533,"INSTITUTIONAL","5.0-7.5",11,73,11,36,0,0,0,0,0,11,36
37,534,"INSTITUTIONAL","5.0-7.5",3,19,2,6,1,3,0,0,0,2,6
37,535,"INSTITUTIONAL","5.0-7.5",12,70,2,11,8,22,0,0,0,2,11
36,537,"INSTITUTIONAL","5.0-7.5",13,77,8,23,1,3,2,4,2,10,25
37,538,"INSTITUTIONAL","5.0-7.5",3,19,0,0,3,9,0,0,0,0,0
37,539,"INSTITUTIONAL","5.0-7.5",10,64,6,29,3,10,1,3,2,7,31
37,540,"INSTITUTIONAL","5.0-7.5",1,5,1,3,0,0,0,0,0,1,3
37,541,"INSTITUTIONAL","5.0-7.5",20,128,13,53,7,23,0,0,0,13,53
36,542,"INSTITUTIONAL","5.0-7.5",35,210,17,69,4,13,13,78,31,30,100
36,543,"INSTITUTIONAL","5.0-7.5",15,91,9,27,2,6,3,9,1,12,28
36,544,"INSTITUTIONAL","5.0-7.5",15,93,8,25,7,40,0,0,0,8,25
36,545,"INSTITUTIONAL","5.0-7.5",36,229,34,138,2,8,0,0,0,34,138
36,546,"INSTITUTIONAL","5.0-7.5",77,469,72,322,1,4,0,0,0,72,322
36,547,"INSTITUTIONAL","5.0-7.5",3,19,2,6,0,0,1,6,2,3,9
36,548,"INSTITUTIONAL","5.0-7.5",98,603,49,207,41,208,8,45,35,57,242
36,549,"INSTITUTIONAL","5.0-7.5",25,150,2,6,23,57,0,0,0,2,6
36,550,"INSTITUTIONAL","5.0-7.5",46,275,37,132,4,18,0,0,0,37,132
36,551,"INSTITUTIONAL","5.0-7.5",0,0,0,0,0,0,0,0,0,0,0
36,552,"INSTITUTIONAL","5.0-7.5",8,50,6,35,2,7,0,0,0,6,35
36,553,"INSTITUTIONAL","5.0-7.5",99,608,6,23,93,464,0,0,0,6,23
36,554,"INSTITUTIONAL","5.0-7.5",2,14,1,4,1,3,0,0,0,1,4
37,532,"SCHEDULED CASTE","5.0-7.5",882,5291,20,76,729,3828,63,359,164,83,240
37,533,"SCHEDULED CASTE","5.0-7.5",70,417,35,135,14,40,19,114,16,54,152
37,534,"SCHEDULED CASTE","5.0-7.5",201,1184,101,441,52,158,44,193,153,145,594
37,535,"SCHEDULED CASTE","5.0-7.5",239,1420,47,209,137,630,38,201,86,85,294
36,537,"SCHEDULED CASTE","5.0-7.5",252,1507,52,139,152,519,42,146,57,94,196
37,538,"SCHEDULED CASTE","5.0-7.5",648,3834,100,423,379,1484,160,842,355,260,778
37,539,"SCHEDULED CASTE","5.0-7.5",256,1532,97,328,44,130,83,362,159,180,487
37,540,"SCHEDULED CASTE","5.0-7.5",339,2032,111,431,90,470,118,609,287,229,717
37,541,"SCHEDULED CASTE","5.0-7.5",142,829,72,279,47,179,23,131,60,95,338
36,542,"SCHEDULED CASTE","5.0-7.5",8,49,6,19,2,6,0,0,0,6,19
36,543,"SCHEDULED CASTE","5.0-7.5",38,229,12,37,14,62,12,58,21,24,58
36,544,"SCHEDULED CASTE","5.0-7.5",35,195,19,51,11,33,5,25,12,24,63
36,545,"SCHEDULED CASTE","5.0-7.5",50,293,31,107,16,53,3,14,11,34,118
36,546,"SCHEDULED CASTE","5.0-7.5",111,637,90,417,8,42,7,42,20,97,437
36,547,"SCHEDULED CASTE","5.0-7.5",105,634,57,253,36,174,12,72,36,69,289
36,548,"SCHEDULED CASTE","5.0-7.5",99,583,79,291,20,80,0,0,0,79,291
36,549,"SCHEDULED CASTE","5.0-7.5",192,1117,46,99,108,343,37,182,97,83,196
36,550,"SCHEDULED CASTE","5.0-7.5",124,741,79,289,37,202,2,9,1,81,290
36,551,"SCHEDULED CASTE","5.0-7.5",63,365,10,28,46,158,5,20,7,15,36
36,552,"SCHEDULED CASTE","5.0-7.5",903,5278,166,797,616,2618,103,573,246,269,1042
36,553,"SCHEDULED CASTE","5.0-7.5",456,2681,12,74,335,1585,76,342,115,88,189
36,554,"SCHEDULED CASTE","5.0-7.5",102,615,34,139,37,109,29,145,59,63,198
37,532,"OTHERS","5.0-7.5",6273,37611,246,1271,4517,25496,1073,6147,2395,1319,3666
37,533,"OTHERS","5.0-7.5",2390,14233,1055,5603,497,2687,690,3639,1398,1745,7001
37,534,"OTHERS","5.0-7.5",5119,30571,1992,10661,300,1674,1916,8864,6619,3908,17281
37,535,"OTHERS","5.0-7.5",5856,35164,1227,4859,2782,14814,1466,6401,2928,2693,7787
36,537,"OTHERS","5.0-7.5",4452,26811,990,2562,1525,5516,1259,4175,1727,2249,4289
37,538,"OTHERS","5.0-7.5",12803,76975,1840,9207,4204,20208,6026,30678,13145,7866,22353
37,539,"OTHERS","5.0-7.5",10088,60275,2493,11171,1360,5301,5087,22501,10134,7580,21305
37,540,"OTHERS","5.0-7.5",5223,31330,1726,8755,993,5413,1710,8037,4310,3436,13065
37,541,"OTHERS","5.0-7.5",4043,24180,1335,7565,1283,7011,1378,7568,3729,2713,11293
36,542,"OTHERS","5.0-7.5",1756,10395,745,4353,232,1325,744,4253,2424,1489,6777
36,543,"OTHERS","5.0-7.5",2491,14850,389,1991,714,3643,1349,6813,3166,1738,5157
36,544,"OTHERS","5.0-7.5",1318,7800,399,2153,479,2510,440,2401,1089,839,3242
36,545,"OTHERS","5.0-7.5",2629,15589,1399,7612,713,3736,513,2850,1489,1912,9101
36,546,"OTHERS","5.0-7.5",4142,24754,3620,21204,196,1153,102,632,368,3722,21572
36,547,"OTHERS","5.0-7.5",4955,29678,2546,14793,1473,8840,874,5087,2079,3420,16872
36,548,"OTHERS","5.0-7.5",5057,29709,2750,15551,1258,7058,665,3747,2195,3415,17746
36,549,"OTHERS","5.0-7.5",10562,63224,1433,5861,5643,23904,3071,15712,5986,4504,11846
36,550,"OTHERS","5.0-7.5",5364,32207,2646,13276,1334,7636,515,2647,1065,3161,14341
36,551,"OTHERS","5.0-7.5",5102,30181,932,3588,2530,13185,1238,5991,2427,2170,6015
36,552,"OTHERS","5.0-7.5",18686,112269,3092,16585,11533,61019,3686,20425,7240,6778,23825
36,553,"OTHERS","5.0-7.5",18870,112921,1262,6776,11035,59728,5741,28413,10331,7003,17108
36,554,"OTHERS","5.0-7.5",4514,26965,784,3262,751,2681,2736,10782,4793,3520,8055
37,532,"SCHEDULED TRIBES","5.0-7.5",2372,14197,41,162,1825,10330,75,354,130,116,293
37,533,"SCHEDULED TRIBES","5.0-7.5",44,261,14,39,19,59,9,50,8,23,47
37,534,"SCHEDULED TRIBES","5.0-7.5",74,432,51,148,7,20,7,28,28,58,177
37,535,"SCHEDULED TRIBES","5.0-7.5",258,1531,21,60,193,959,17,56,25,38,86
36,537,"SCHEDULED TRIBES","5.0-7.5",196,1162,45,96,110,376,34,123,52,79,148
37,538,"SCHEDULED TRIBES","5.0-7.5",647,3879,91,304,259,996,276,1218,348,367,653
37,539,"SCHEDULED TRIBES","5.0-7.5",561,3326,134,473,117,505,250,1166,607,384,1079
37,540,"SCHEDULED TRIBES","5.0-7.5",689,4153,325,1513,151,743,146,752,415,471,1928
37,541,"SCHEDULED TRIBES","5.0-7.5",1676,9964,228,1190,830,4577,498,2548,906,726,2097
36,542,"SCHEDULED TRIBES","5.0-7.5",119,699,19,68,45,151,37,185,39,56,107
36,543,"SCHEDULED TRIBES","5.0-7.5",314,1877,15,59,178,970,119,689,319,134,378
36,544,"SCHEDULED TRIBES","5.0-7.5",3638,21890,513,3036,1252,5393,1873,8224,2714,2386,5750
36,545,"SCHEDULED TRIBES","5.0-7.5",1885,11338,284,1062,1288,2302,210,594,192,494,1254
36,546,"SCHEDULED TRIBES","5.0-7.5",334,1992,210,1159,95,548,0,0,0,210,1159
36,547,"SCHEDULED TRIBES","5.0-7.5",39,238,18,85,21,80,0,0,0,18,85
36,548,"SCHEDULED TRIBES","5.0-7.5",73,426,22,74,25,105,2,12,9,24,83
36,549,"SCHEDULED TRIBES","5.0-7.5",48,276,20,66,22,66,5,24,10,25,76
36,550,"SCHEDULED TRIBES","5.0-7.5",28,166,26,104,1,6,1,5,5,27,109
36,551,"SCHEDULED TRIBES","5.0-7.5",22,128,7,28,13,47,1,7,2,8,30
36,552,"SCHEDULED TRIBES","5.0-7.5",192,1135,16,95,167,750,9,46,19,25,113
36,553,"SCHEDULED TRIBES","5.0-7.5",302,1780,13,81,207,861,82,391,114,95,195
36,554,"SCHEDULED TRIBES","5.0-7.5",29,166,4,20,9,39,16,54,15,20,36
37,532,"ALL SOCIAL GROUPS","5.0-7.5",9530,57118,308,1513,7073,39663,1211,6860,2689,1519,4202
37,533,"ALL SOCIAL GROUPS","5.0-7.5",2515,14984,1115,5814,530,2786,718,3803,1423,1833,7237
37,534,"ALL SOCIAL GROUPS","5.0-7.5",5397,32207,2146,11257,360,1855,1967,9086,6801,4113,18057
37,535,"ALL SOCIAL GROUPS","5.0-7.5",6365,38185,1297,5139,3120,16425,1521,6658,3039,2818,8178
36,537,"ALL SOCIAL GROUPS","5.0-7.5",4913,29558,1095,2821,1788,6414,1337,4448,1837,2432,4658
37,538,"ALL SOCIAL GROUPS","5.0-7.5",14101,84707,2031,9935,4845,22697,6462,32739,13848,8493,23783
37,539,"ALL SOCIAL GROUPS","5.0-7.5",10915,65198,2730,12001,1524,5945,5421,24032,10901,8151,22902
37,540,"ALL SOCIAL GROUPS","5.0-7.5",6252,37520,2163,10701,1234,6626,1974,9398,5012,4137,15713
37,541,"ALL SOCIAL GROUPS","5.0-7.5",5881,35101,1648,9087,2167,11789,1899,10246,4694,3547,13781
36,542,"ALL SOCIAL GROUPS","5.0-7.5",1918,11354,787,4509,283,1494,794,4516,2495,1581,7003
36,543,"ALL SOCIAL GROUPS","5.0-7.5",2858,17046,425,2114,908,4680,1483,7568,3507,1908,5621
36,544,"ALL SOCIAL GROUPS","5.0-7.5",5006,29978,939,5264,1749,7976,2318,10651,3815,3257,9079
36,545,"ALL SOCIAL GROUPS","5.0-7.5",4600,27449,1748,8919,2019,6100,726,3458,1692,2474,10611
36,546,"ALL SOCIAL GROUPS","5.0-7.5",4664,27852,3992,23102,300,1746,109,674,388,4101,23489
36,547,"ALL SOCIAL GROUPS","5.0-7.5",5102,30569,2623,15137,1530,9095,887,5165,2118,3510,17254
36,548,"ALL SOCIAL GROUPS","5.0-7.5",5327,31322,2900,16123,1344,7450,675,3804,2239,3575,18362
36,549,"ALL SOCIAL GROUPS","5.0-7.5",10827,64768,1501,6032,5796,24370,3113,15918,6092,4614,12124
36,550,"ALL SOCIAL GROUPS","5.0-7.5",5562,33390,2788,13801,1376,7862,518,2661,1071,3306,14872
36,551,"ALL SOCIAL GROUPS","5.0-7.5",5187,30674,949,3644,2589,13389,1244,6018,2437,2193,6081
36,552,"ALL SOCIAL GROUPS","5.0-7.5",19789,118732,3280,17512,12318,64395,3798,21044,7505,7078,25017
36,553,"ALL SOCIAL GROUPS","5.0-7.5",19727,117990,1293,6954,11670,62639,5899,29147,10561,7192,17515
36,554,"ALL SOCIAL GROUPS","5.0-7.5",4647,27759,823,3426,798,2832,2781,10981,4867,3604,8292
37,532,"INSTITUTIONAL","4.0-5.0",2,9,0,0,2,5,0,0,0,0,0
37,533,"INSTITUTIONAL","4.0-5.0",2,8,1,2,0,0,0,0,0,1,2
37,534,"INSTITUTIONAL","4.0-5.0",3,14,2,5,1,2,0,0,0,2,5
37,535,"INSTITUTIONAL","4.0-5.0",10,44,2,4,5,11,1,2,1,3,6
36,537,"INSTITUTIONAL","4.0-5.0",15,67,8,18,2,5,5,6,5,13,23
37,538,"INSTITUTIONAL","4.0-5.0",0,0,0,0,0,0,0,0,0,0,0
37,539,"INSTITUTIONAL","4.0-5.0",4,17,4,11,0,0,0,0,0,4,11
37,540,"INSTITUTIONAL","4.0-5.0",0,0,0,0,0,0,0,0,0,0,0
37,541,"INSTITUTIONAL","4.0-5.0",7,32,5,17,2,5,0,0,0,5,17
36,542,"INSTITUTIONAL","4.0-5.0",37,165,23,67,5,12,9,26,15,32,83
36,543,"INSTITUTIONAL","4.0-5.0",7,32,2,4,5,15,0,0,0,2,4
36,544,"INSTITUTIONAL","4.0-5.0",17,75,16,38,1,4,0,0,0,16,38
36,545,"INSTITUTIONAL","4.0-5.0",37,163,30,87,4,6,3,13,12,33,99
36,546,"INSTITUTIONAL","4.0-5.0",53,237,47,139,6,14,0,0,0,47,139
36,547,"INSTITUTIONAL","4.0-5.0",0,0,0,0,0,0,0,0,0,0,0
36,548,"INSTITUTIONAL","4.0-5.0",81,364,40,126,36,96,5,22,17,45,144
36,549,"INSTITUTIONAL","4.0-5.0",12,54,1,2,10,29,1,4,2,2,4
36,550,"INSTITUTIONAL","4.0-5.0",26,113,25,80,1,2,0,0,0,25,80
36,551,"INSTITUTIONAL","4.0-5.0",1,4,1,2,0,0,0,0,0,1,2
36,552,"INSTITUTIONAL","4.0-5.0",6,26,2,4,4,9,0,0,0,2,4
36,553,"INSTITUTIONAL","4.0-5.0",59,269,2,4,46,167,11,45,8,13,12
36,554,"INSTITUTIONAL","4.0-5.0",1,5,1,2,0,0,0,0,0,1,2
37,532,"SCHEDULED CASTE","4.0-5.0",1093,4811,28,95,986,3965,35,136,65,63,160
37,533,"SCHEDULED CASTE","4.0-5.0",130,573,58,195,40,123,32,132,23,90,218
37,534,"SCHEDULED CASTE","4.0-5.0",306,1344,157,495,73,200,61,236,199,218,694
37,535,"SCHEDULED CASTE","4.0-5.0",318,1403,87,285,196,734,32,117,42,119,327
36,537,"SCHEDULED CASTE","4.0-5.0",345,1527,37,85,201,571,80,227,112,117,197
37,538,"SCHEDULED CASTE","4.0-5.0",1162,5158,208,716,640,2259,292,1118,460,500,1176
37,539,"SCHEDULED CASTE","4.0-5.0",393,1739,134,349,109,291,129,452,172,263,521
37,540,"SCHEDULED CASTE","4.0-5.0",575,2554,144,498,235,740,170,568,304,314,802
37,541,"SCHEDULED CASTE","4.0-5.0",259,1133,64,191,151,478,40,155,92,104,283
36,542,"SCHEDULED CASTE","4.0-5.0",17,75,13,33,4,9,0,0,0,13,33
36,543,"SCHEDULED CASTE","4.0-5.0",73,320,46,101,19,43,8,33,21,54,122
36,544,"SCHEDULED CASTE","4.0-5.0",36,159,17,37,14,42,5,22,7,22,43
36,545,"SCHEDULED CASTE","4.0-5.0",101,450,39,107,56,189,5,16,13,44,120
36,546,"SCHEDULED CASTE","4.0-5.0",100,443,89,260,4,15,2,11,6,91,266
36,547,"SCHEDULED CASTE","4.0-5.0",180,796,124,387,38,102,16,63,29,140,416
36,548,"SCHEDULED CASTE","4.0-5.0",220,967,149,370,32,91,21,79,58,170,427
36,549,"SCHEDULED CASTE","4.0-5.0",338,1481,68,137,185,558,51,176,81,119,218
36,550,"SCHEDULED CASTE","4.0-5.0",229,999,143,444,36,131,23,61,19,166,463
36,551,"SCHEDULED CASTE","4.0-5.0",74,328,12,28,53,141,6,22,7,18,35
36,552,"SCHEDULED CASTE","4.0-5.0",1135,5063,271,1034,744,2657,113,447,140,384,1174
36,553,"SCHEDULED CASTE","4.0-5.0",585,2598,23,85,446,1556,87,312,111,110,196
36,554,"SCHEDULED CASTE","4.0-5.0",131,578,33,86,63,159,35,98,38,68,124
37,532,"OTHERS","4.0-5.0",6692,29659,301,1231,4946,20836,1077,4624,2087,1378,3318
37,533,"OTHERS","4.0-5.0",2968,13100,1231,4714,646,2631,936,3712,1594,2167,6308
37,534,"OTHERS","4.0-5.0",6545,29009,2636,10835,434,1831,2430,9075,7158,5066,17993
37,535,"OTHERS","4.0-5.0",6313,27952,1497,4738,2834,11033,1655,5610,2633,3152,7371
36,537,"OTHERS","4.0-5.0",4732,20941,818,1779,1833,5030,1216,3021,1407,2034,3186
37,538,"OTHERS","4.0-5.0",14749,65567,2458,8828,5213,18979,6351,24744,11052,8809,19880
37,539,"OTHERS","4.0-5.0",11525,51062,3007,10208,1924,6025,5225,18269,7846,8232,18054
37,540,"OTHERS","4.0-5.0",6739,29915,2236,8369,1412,5855,2113,7580,4019,4349,12389
37,541,"OTHERS","4.0-5.0",5118,22606,1897,7893,1447,6226,1627,6589,3061,3524,10954
36,542,"OTHERS","4.0-5.0",2590,11459,1385,6105,345,1490,824,3472,1969,2209,8074
36,543,"OTHERS","4.0-5.0",3260,14454,633,2528,718,2544,1838,7072,3881,2471,6409
36,544,"OTHERS","4.0-5.0",1502,6615,562,2205,454,1843,486,1987,865,1048,3070
36,545,"OTHERS","4.0-5.0",3504,15456,1975,8318,905,3718,611,2614,1308,2586,9626
36,546,"OTHERS","4.0-5.0",4710,20810,4220,18400,264,1158,132,584,373,4352,18773
36,547,"OTHERS","4.0-5.0",6321,27986,3348,14580,1844,8039,1059,4626,1983,4407,16564
36,548,"OTHERS","4.0-5.0",7419,32906,4210,18288,1746,7482,814,3422,2046,5024,20334
36,549,"OTHERS","4.0-5.0",11581,51353,1627,4868,6452,21557,2978,11459,5154,4605,10022
36,550,"OTHERS","4.0-5.0",5665,25101,3276,12351,1287,5173,368,1366,597,3644,12947
36,551,"OTHERS","4.0-5.0",6462,28666,1293,4109,3309,12709,1437,5411,2175,2730,6284
36,552,"OTHERS","4.0-5.0",18829,83777,3419,13148,12477,50676,2573,10484,3877,5992,17025
36,553,"OTHERS","4.0-5.0",19378,85789,1320,5188,11386,47229,5997,22009,8303,7317,13491
36,554,"OTHERS","4.0-5.0",5318,23533,1001,3277,1066,2886,2894,8928,4112,3895,7389
37,532,"SCHEDULED TRIBES","4.0-5.0",3925,16969,48,113,3165,13047,69,292,158,117,271
37,533,"SCHEDULED TRIBES","4.0-5.0",70,309,31,96,24,61,7,30,11,38,107
37,534,"SCHEDULED TRIBES","4.0-5.0",140,618,105,265,23,79,12,46,34,117,299
37,535,"SCHEDULED TRIBES","4.0-5.0",258,1152,33,92,177,693,38,148,71,71,163
36,537,"SCHEDULED TRIBES","4.0-5.0",286,1265,70,164,146,388,70,220,73,140,237
37,538,"SCHEDULED TRIBES","4.0-5.0",1055,4664,160,432,479,1425,324,1183,511,484,943
37,539,"SCHEDULED TRIBES","4.0-5.0",726,3214,203,574,211,678,276,1010,560,479,1134
37,540,"SCHEDULED TRIBES","4.0-5.0",1152,5130,527,2110,307,1240,218,854,442,745,2551
37,541,"SCHEDULED TRIBES","4.0-5.0",2565,11207,286,894,1377,5723,730,2781,1197,1016,2090
36,542,"SCHEDULED TRIBES","4.0-5.0",170,752,51,113,74,223,25,95,55,76,168
36,543,"SCHEDULED TRIBES","4.0-5.0",412,1806,58,178,219,819,133,571,288,191,465
36,544,"SCHEDULED TRIBES","4.0-5.0",3508,15596,305,1274,1651,6007,1552,5469,2004,1857,3279
36,545,"SCHEDULED TRIBES","4.0-5.0",1851,8225,323,1107,1222,1740,145,309,88,468,1195
36,546,"SCHEDULED TRIBES","4.0-5.0",369,1641,240,991,60,251,5,22,12,245,1003
36,547,"SCHEDULED TRIBES","4.0-5.0",64,284,23,54,29,64,6,27,13,29,67
36,548,"SCHEDULED TRIBES","4.0-5.0",159,704,85,239,61,236,10,42,24,95,263
36,549,"SCHEDULED TRIBES","4.0-5.0",68,301,25,62,30,80,12,52,17,37,78
36,550,"SCHEDULED TRIBES","4.0-5.0",56,247,37,78,15,66,2,6,3,39,81
36,551,"SCHEDULED TRIBES","4.0-5.0",41,184,4,15,35,91,0,0,0,4,15
36,552,"SCHEDULED TRIBES","4.0-5.0",289,1278,32,90,241,739,5,19,5,37,95
36,553,"SCHEDULED TRIBES","4.0-5.0",317,1389,0,0,261,888,47,173,66,47,66
36,554,"SCHEDULED TRIBES","4.0-5.0",37,164,2,6,28,82,4,11,4,6,11
37,532,"ALL SOCIAL GROUPS","4.0-5.0",11712,51449,377,1439,9099,37853,1181,5051,2310,1558,3749
37,533,"ALL SOCIAL GROUPS","4.0-5.0",3170,13990,1321,5006,710,2814,975,3874,1628,2296,6635
37,534,"ALL SOCIAL GROUPS","4.0-5.0",6994,30985,2900,11600,531,2113,2503,9357,7391,5403,18991
37,535,"ALL SOCIAL GROUPS","4.0-5.0",6899,30551,1619,5120,3212,12472,1726,5876,2748,3345,7867
36,537,"ALL SOCIAL GROUPS","4.0-5.0",5378,23800,933,2045,2182,5994,1371,3473,1597,2304,3643
37,538,"ALL SOCIAL GROUPS","4.0-5.0",16966,75389,2826,9977,6332,22663,6967,27044,12023,9793,22000
37,539,"ALL SOCIAL GROUPS","4.0-5.0",12648,56031,3348,11141,2244,6994,5630,19731,8579,8978,19720
37,540,"ALL SOCIAL GROUPS","4.0-5.0",8466,37599,2907,10977,1954,7835,2501,9002,4764,5408,15741
37,541,"ALL SOCIAL GROUPS","4.0-5.0",7949,34978,2252,8995,2977,12431,2397,9524,4350,4649,13345
36,542,"ALL SOCIAL GROUPS","4.0-5.0",2814,12451,1472,6318,428,1733,858,3592,2040,2330,8358
36,543,"ALL SOCIAL GROUPS","4.0-5.0",3752,16613,739,2811,961,3421,1979,7676,4190,2718,7001
36,544,"ALL SOCIAL GROUPS","4.0-5.0",5063,22446,900,3554,2120,7895,2043,7479,2876,2943,6429
36,545,"ALL SOCIAL GROUPS","4.0-5.0",5493,24295,2367,9619,2187,5652,764,2951,1421,3131,11040
36,546,"ALL SOCIAL GROUPS","4.0-5.0",5232,23131,4596,19790,334,1438,139,617,391,4735,20181
36,547,"ALL SOCIAL GROUPS","4.0-5.0",6565,29066,3495,15021,1911,8205,1081,4715,2026,4576,17047
36,548,"ALL SOCIAL GROUPS","4.0-5.0",7879,34941,4484,19024,1875,7904,850,3566,2145,5334,21169
36,549,"ALL SOCIAL GROUPS","4.0-5.0",11999,53189,1721,5069,6677,22225,3042,11691,5254,4763,10323
36,550,"ALL SOCIAL GROUPS","4.0-5.0",5976,26460,3481,12952,1339,5371,393,1433,618,3874,13571
36,551,"ALL SOCIAL GROUPS","4.0-5.0",6578,29182,1310,4154,3397,12940,1443,5433,2182,2753,6336
36,552,"ALL SOCIAL GROUPS","4.0-5.0",20259,90144,3724,14276,13466,54082,2691,10949,4022,6415,18298
36,553,"ALL SOCIAL GROUPS","4.0-5.0",20339,90044,1345,5277,12139,49840,6142,22539,8489,7487,13766
36,554,"ALL SOCIAL GROUPS","4.0-5.0",5487,24280,1037,3372,1157,3127,2933,9037,4154,3970,7526
37,532,"INSTITUTIONAL","10.0-20.0",4,52,0,0,4,26,0,0,0,0,0
37,533,"INSTITUTIONAL","10.0-20.0",6,78,5,34,0,0,0,0,0,5,34
37,534,"INSTITUTIONAL","10.0-20.0",2,24,2,12,0,0,0,0,0,2,12
37,535,"INSTITUTIONAL","10.0-20.0",24,365,6,56,16,99,2,2,1,8,58
36,537,"INSTITUTIONAL","10.0-20.0",29,390,5,24,4,24,14,79,57,19,80
37,538,"INSTITUTIONAL","10.0-20.0",3,51,1,9,1,7,0,0,0,1,9
37,539,"INSTITUTIONAL","10.0-20.0",13,200,2,18,2,11,9,58,33,11,51
37,540,"INSTITUTIONAL","10.0-20.0",0,0,0,0,0,0,0,0,0,0,0
37,541,"INSTITUTIONAL","10.0-20.0",16,211,8,53,5,32,3,41,16,11,69
36,542,"INSTITUTIONAL","10.0-20.0",47,657,23,193,9,65,11,138,81,34,274
36,543,"INSTITUTIONAL","10.0-20.0",20,283,9,63,4,24,6,82,12,15,76
36,544,"INSTITUTIONAL","10.0-20.0",12,184,6,51,5,49,1,11,5,7,56
36,545,"INSTITUTIONAL","10.0-20.0",43,603,36,312,6,58,1,12,12,37,324
36,546,"INSTITUTIONAL","10.0-20.0",59,784,53,465,0,0,2,22,7,55,472
36,547,"INSTITUTIONAL","10.0-20.0",3,39,0,0,2,14,1,8,5,1,5
36,548,"INSTITUTIONAL","10.0-20.0",98,1332,41,452,46,414,0,0,0,41,452
36,549,"INSTITUTIONAL","10.0-20.0",18,248,2,14,16,145,0,0,0,2,14
36,550,"INSTITUTIONAL","10.0-20.0",70,1037,55,457,10,135,0,0,0,55,457
36,551,"INSTITUTIONAL","10.0-20.0",1,18,0,0,1,16,0,0,0,0,0
36,552,"INSTITUTIONAL","10.0-20.0",8,117,3,27,4,9,1,8,6,4,32
36,553,"INSTITUTIONAL","10.0-20.0",75,1013,1,15,50,456,23,296,32,24,48
36,554,"INSTITUTIONAL","10.0-20.0",11,150,2,15,9,58,0,0,0,2,15
37,532,"SCHEDULED CASTE","10.0-20.0",149,1871,4,22,126,1136,15,168,80,19,102
37,533,"SCHEDULED CASTE","10.0-20.0",11,153,4,33,5,37,2,23,2,6,35
37,534,"SCHEDULED CASTE","10.0-20.0",21,269,11,79,0,0,9,82,82,20,160
37,535,"SCHEDULED CASTE","10.0-20.0",35,466,6,40,27,229,2,29,5,8,45
36,537,"SCHEDULED CASTE","10.0-20.0",28,347,10,68,11,62,5,18,13,15,81
37,538,"SCHEDULED CASTE","10.0-20.0",96,1204,13,107,63,473,10,117,52,23,159
37,539,"SCHEDULED CASTE","10.0-20.0",31,368,13,83,7,40,8,74,43,21,126
37,540,"SCHEDULED CASTE","10.0-20.0",61,770,12,77,24,216,25,216,118,37,195
37,541,"SCHEDULED CASTE","10.0-20.0",22,269,10,78,10,65,2,22,12,12,90
36,542,"SCHEDULED CASTE","10.0-20.0",0,0,0,0,0,0,0,0,0,0,0
36,543,"SCHEDULED CASTE","10.0-20.0",5,54,0,0,2,18,3,36,25,3,25
36,544,"SCHEDULED CASTE","10.0-20.0",7,81,4,22,3,18,0,0,0,4,22
36,545,"SCHEDULED CASTE","10.0-20.0",14,173,8,53,6,34,0,0,0,8,53
36,546,"SCHEDULED CASTE","10.0-20.0",17,214,16,158,1,8,0,0,0,16,158
36,547,"SCHEDULED CASTE","10.0-20.0",22,315,11,136,11,104,0,0,0,11,136
36,548,"SCHEDULED CASTE","10.0-20.0",32,438,31,220,1,5,0,0,0,31,220
36,549,"SCHEDULED CASTE","10.0-20.0",37,441,8,45,29,88,0,0,0,8,45
36,550,"SCHEDULED CASTE","10.0-20.0",32,440,19,123,11,158,2,29,26,21,149
36,551,"SCHEDULED CASTE","10.0-20.0",21,253,2,12,8,47,11,96,38,13,50
36,552,"SCHEDULED CASTE","10.0-20.0",51,636,5,39,35,277,11,129,68,16,107
36,553,"SCHEDULED CASTE","10.0-20.0",55,763,1,7,51,391,3,37,9,4,16
36,554,"SCHEDULED CASTE","10.0-20.0",17,244,4,30,2,14,11,96,36,15,66
37,532,"OTHERS","10.0-20.0",1284,16562,75,713,828,9737,250,2618,938,325,1651
37,533,"OTHERS","10.0-20.0",364,4694,164,1575,69,609,105,946,348,269,1923
37,534,"OTHERS","10.0-20.0",900,11498,404,3731,63,602,278,2583,1985,682,5716
37,535,"OTHERS","10.0-20.0",1467,18877,309,2338,699,7725,343,2687,1226,652,3564
36,537,"OTHERS","10.0-20.0",1138,14870,277,1100,312,1650,371,2317,869,648,1969
37,538,"OTHERS","10.0-20.0",3016,39558,394,3632,965,9158,1503,14422,5549,1897,9181
37,539,"OTHERS","10.0-20.0",1924,24188,435,3495,199,1616,1116,8956,3982,1551,7478
37,540,"OTHERS","10.0-20.0",1277,16713,413,4030,346,4338,275,2151,1122,688,5151
37,541,"OTHERS","10.0-20.0",757,9672,226,2417,271,3238,249,2743,1028,475,3445
36,542,"OTHERS","10.0-20.0",279,3516,103,1090,81,982,92,1074,516,195,1606
36,543,"OTHERS","10.0-20.0",432,5615,109,903,162,1653,161,1538,579,270,1482
36,544,"OTHERS","10.0-20.0",238,3069,150,1320,64,623,24,269,118,174,1438
36,545,"OTHERS","10.0-20.0",404,5275,179,1722,116,1016,100,1240,645,279,2368
36,546,"OTHERS","10.0-20.0",636,7891,496,5538,51,591,35,446,255,531,5793
36,547,"OTHERS","10.0-20.0",580,7290,194,1997,238,2742,135,1565,542,329,2539
36,548,"OTHERS","10.0-20.0",364,4635,242,2376,83,758,22,144,93,264,2469
36,549,"OTHERS","10.0-20.0",1846,23281,214,1029,888,7315,676,6574,2259,890,3288
36,550,"OTHERS","10.0-20.0",1659,21300,621,5750,590,6278,171,1756,826,792,6576
36,551,"OTHERS","10.0-20.0",796,9816,121,672,395,3707,237,2403,923,358,1595
36,552,"OTHERS","10.0-20.0",3776,47700,559,4885,2236,25099,938,10747,3852,1497,8737
36,553,"OTHERS","10.0-20.0",3835,50212,222,2766,1928,22669,1499,16489,5555,1721,8321
36,554,"OTHERS","10.0-20.0",890,11490,143,1450,229,1500,439,3310,1180,582,2630
37,532,"SCHEDULED TRIBES","10.0-20.0",343,4396,15,99,246,2642,9,100,49,24,148
37,533,"SCHEDULED TRIBES","10.0-20.0",6,79,4,26,1,6,1,9,1,5,27
37,534,"SCHEDULED TRIBES","10.0-20.0",12,139,8,44,1,5,3,30,23,11,67
37,535,"SCHEDULED TRIBES","10.0-20.0",43,556,5,37,38,407,0,0,0,5,37
36,537,"SCHEDULED TRIBES","10.0-20.0",45,602,11,69,34,234,0,0,0,11,69
37,538,"SCHEDULED TRIBES","10.0-20.0",86,1155,12,75,49,324,18,189,50,30,125
37,539,"SCHEDULED TRIBES","10.0-20.0",39,478,17,129,10,61,12,92,33,29,161
37,540,"SCHEDULED TRIBES","10.0-20.0",169,2241,107,1151,45,468,16,120,73,123,1223
37,541,"SCHEDULED TRIBES","10.0-20.0",263,3407,39,434,169,1607,24,266,63,63,497
36,542,"SCHEDULED TRIBES","10.0-20.0",19,230,7,44,9,49,3,15,2,10,46
36,543,"SCHEDULED TRIBES","10.0-20.0",47,590,9,79,18,183,20,278,120,29,200
36,544,"SCHEDULED TRIBES","10.0-20.0",740,9468,39,365,214,2124,487,3374,930,526,1296
36,545,"SCHEDULED TRIBES","10.0-20.0",425,5364,41,438,306,826,70,329,133,111,571
36,546,"SCHEDULED TRIBES","10.0-20.0",58,724,44,518,14,165,0,0,0,44,518
36,547,"SCHEDULED TRIBES","10.0-20.0",6,74,6,37,0,0,0,0,0,6,37
36,548,"SCHEDULED TRIBES","10.0-20.0",7,88,7,44,0,0,0,0,0,7,44
36,549,"SCHEDULED TRIBES","10.0-20.0",3,40,2,13,0,0,0,0,0,2,13
36,550,"SCHEDULED TRIBES","10.0-20.0",6,79,5,34,1,0,0,0,0,5,34
36,551,"SCHEDULED TRIBES","10.0-20.0",5,57,1,5,4,23,0,0,0,1,5
36,552,"SCHEDULED TRIBES","10.0-20.0",18,209,3,18,13,94,2,21,8,5,26
36,553,"SCHEDULED TRIBES","10.0-20.0",37,462,0,0,29,252,8,76,15,8,15
36,554,"SCHEDULED TRIBES","10.0-20.0",3,33,0,0,0,0,3,23,4,3,4
37,532,"ALL SOCIAL GROUPS","10.0-20.0",1780,22881,94,834,1204,13541,274,2886,1066,368,1900
37,533,"ALL SOCIAL GROUPS","10.0-20.0",387,5004,177,1668,75,652,108,978,351,285,2019
37,534,"ALL SOCIAL GROUPS","10.0-20.0",935,11931,425,3866,64,607,290,2695,2090,715,5956
37,535,"ALL SOCIAL GROUPS","10.0-20.0",1569,20264,326,2471,780,8460,347,2717,1232,673,3703
36,537,"ALL SOCIAL GROUPS","10.0-20.0",1240,16209,303,1260,361,1970,390,2414,939,693,2200
37,538,"ALL SOCIAL GROUPS","10.0-20.0",3201,41967,420,3823,1078,9962,1531,14728,5651,1951,9474
37,539,"ALL SOCIAL GROUPS","10.0-20.0",2007,25235,467,3725,218,1729,1145,9181,4092,1612,7816
37,540,"ALL SOCIAL GROUPS","10.0-20.0",1507,19725,532,5258,415,5022,316,2487,1312,848,6570
37,541,"ALL SOCIAL GROUPS","10.0-20.0",1058,13559,283,2982,455,4941,278,3071,1120,561,4102
36,542,"ALL SOCIAL GROUPS","10.0-20.0",345,4403,133,1327,99,1096,106,1226,599,239,1927
36,543,"ALL SOCIAL GROUPS","10.0-20.0",504,6542,127,1046,186,1879,190,1935,737,317,1783
36,544,"ALL SOCIAL GROUPS","10.0-20.0",997,12802,199,1759,286,2814,512,3654,1053,711,2812
36,545,"ALL SOCIAL GROUPS","10.0-20.0",886,11415,264,2526,434,1933,171,1581,791,435,3316
36,546,"ALL SOCIAL GROUPS","10.0-20.0",770,9612,609,6679,66,764,37,468,262,646,6940
36,547,"ALL SOCIAL GROUPS","10.0-20.0",611,7718,211,2170,251,2859,136,1573,548,347,2718
36,548,"ALL SOCIAL GROUPS","10.0-20.0",501,6493,321,3092,130,1178,22,144,93,343,3185
36,549,"ALL SOCIAL GROUPS","10.0-20.0",1904,24010,226,1101,933,7548,676,6574,2259,902,3360
36,550,"ALL SOCIAL GROUPS","10.0-20.0",1767,22856,700,6364,612,6571,173,1785,852,873,7216
36,551,"ALL SOCIAL GROUPS","10.0-20.0",823,10144,124,689,408,3794,248,2499,962,372,1650
36,552,"ALL SOCIAL GROUPS","10.0-20.0",3853,48661,570,4969,2288,25479,952,10905,3934,1522,8903
36,553,"ALL SOCIAL GROUPS","10.0-20.0",4002,52450,224,2789,2058,23768,1533,16898,5611,1757,8400
36,554,"ALL SOCIAL GROUPS","10.0-20.0",921,11917,149,1495,240,1573,453,3429,1220,602,2716
37,532,"INSTITUTIONAL","7.5-10.0",2,19,1,5,1,4,0,0,0,1,5
37,533,"INSTITUTIONAL","7.5-10.0",2,18,1,5,0,0,1,8,2,2,7
37,534,"INSTITUTIONAL","7.5-10.0",1,9,0,0,0,0,0,0,0,0,0
37,535,"INSTITUTIONAL","7.5-10.0",10,84,2,8,5,22,2,4,2,4,10
36,537,"INSTITUTIONAL","7.5-10.0",9,74,6,24,3,13,0,0,0,6,24
37,538,"INSTITUTIONAL","7.5-10.0",0,0,0,0,0,0,0,0,0,0,0
37,539,"INSTITUTIONAL","7.5-10.0",9,80,5,35,4,18,0,0,0,5,35
37,540,"INSTITUTIONAL","7.5-10.0",0,0,0,0,0,0,0,0,0,0,0
37,541,"INSTITUTIONAL","7.5-10.0",12,108,8,37,4,29,0,0,0,8,37
36,542,"INSTITUTIONAL","7.5-10.0",37,313,18,99,5,29,13,105,53,31,152
36,543,"INSTITUTIONAL","7.5-10.0",15,131,4,17,5,36,6,35,10,10,27
36,544,"INSTITUTIONAL","7.5-10.0",10,87,6,26,4,35,0,0,0,6,26
36,545,"INSTITUTIONAL","7.5-10.0",31,256,29,158,2,9,0,0,0,29,158
36,546,"INSTITUTIONAL","7.5-10.0",37,324,33,210,1,4,0,0,0,33,210
36,547,"INSTITUTIONAL","7.5-10.0",2,17,1,8,1,5,0,0,0,1,8
36,548,"INSTITUTIONAL","7.5-10.0",79,690,33,239,36,223,5,42,32,38,270
36,549,"INSTITUTIONAL","7.5-10.0",13,116,1,4,5,9,7,37,24,8,28
36,550,"INSTITUTIONAL","7.5-10.0",30,263,26,128,3,22,0,0,0,26,128
36,551,"INSTITUTIONAL","7.5-10.0",0,0,0,0,0,0,0,0,0,0,0
36,552,"INSTITUTIONAL","7.5-10.0",6,53,3,22,2,6,1,9,3,4,25
36,553,"INSTITUTIONAL","7.5-10.0",72,627,2,18,59,360,11,83,18,13,36
36,554,"INSTITUTIONAL","7.5-10.0",3,29,0,0,3,11,0,0,0,0,0
37,532,"SCHEDULED CASTE","7.5-10.0",231,1967,10,46,204,1405,10,67,21,20,67
37,533,"SCHEDULED CASTE","7.5-10.0",18,153,11,47,5,20,0,0,0,11,47
37,534,"SCHEDULED CASTE","7.5-10.0",37,311,16,83,18,76,3,24,15,19,98
37,535,"SCHEDULED CASTE","7.5-10.0",65,554,8,42,48,278,2,19,5,10,47
36,537,"SCHEDULED CASTE","7.5-10.0",53,454,7,30,33,151,12,40,19,19,49
37,538,"SCHEDULED CASTE","7.5-10.0",202,1717,42,197,145,827,10,66,33,52,230
37,539,"SCHEDULED CASTE","7.5-10.0",64,542,24,92,29,128,9,52,19,33,111
37,540,"SCHEDULED CASTE","7.5-10.0",132,1128,46,260,28,185,56,356,136,102,395
37,541,"SCHEDULED CASTE","7.5-10.0",43,366,11,75,20,92,12,90,41,23,116
36,542,"SCHEDULED CASTE","7.5-10.0",2,18,2,9,0,0,0,0,0,2,9
36,543,"SCHEDULED CASTE","7.5-10.0",15,129,8,34,4,18,3,20,18,11,52
36,544,"SCHEDULED CASTE","7.5-10.0",6,54,4,18,1,4,1,9,8,5,27
36,545,"SCHEDULED CASTE","7.5-10.0",18,155,11,49,7,24,0,0,0,11,49
36,546,"SCHEDULED CASTE","7.5-10.0",26,217,24,163,0,0,0,0,0,24,163
36,547,"SCHEDULED CASTE","7.5-10.0",28,240,20,109,8,45,0,0,0,20,109
36,548,"SCHEDULED CASTE","7.5-10.0",48,409,45,213,3,14,0,0,0,45,213
36,549,"SCHEDULED CASTE","7.5-10.0",52,434,13,54,36,161,3,12,3,16,57
36,550,"SCHEDULED CASTE","7.5-10.0",43,364,33,164,10,68,0,0,0,33,164
36,551,"SCHEDULED CASTE","7.5-10.0",11,95,2,8,7,30,1,8,2,3,10
36,552,"SCHEDULED CASTE","7.5-10.0",157,1329,23,128,110,631,24,169,63,47,191
36,553,"SCHEDULED CASTE","7.5-10.0",88,755,7,38,74,370,7,43,15,14,53
36,554,"SCHEDULED CASTE","7.5-10.0",19,164,9,39,5,21,5,38,6,14,45
37,532,"OTHERS","7.5-10.0",1893,16157,91,615,1253,9915,402,3222,1291,493,1906
37,533,"OTHERS","7.5-10.0",591,5048,286,1815,97,693,180,1323,474,466,2289
37,534,"OTHERS","7.5-10.0",1386,11798,662,4514,85,505,349,2282,1733,1011,6247
37,535,"OTHERS","7.5-10.0",2020,17260,374,2049,922,6710,574,3446,1589,948,3638
36,537,"OTHERS","7.5-10.0",1436,12257,295,928,590,2654,332,1427,641,627,1569
37,538,"OTHERS","7.5-10.0",4569,39154,584,3708,1499,9704,2153,14948,6393,2737,10101
37,539,"OTHERS","7.5-10.0",3081,26268,924,4963,317,1600,1523,8710,3685,2447,8648
37,540,"OTHERS","7.5-10.0",1903,16164,576,4043,394,3252,629,3766,1641,1205,5685
37,541,"OTHERS","7.5-10.0",1269,10914,475,3566,331,2517,451,3602,1668,926,5234
36,542,"OTHERS","7.5-10.0",446,3750,200,1459,71,567,173,1367,638,373,2097
36,543,"OTHERS","7.5-10.0",733,6262,162,848,252,1644,299,1999,990,461,1838
36,544,"OTHERS","7.5-10.0",375,3155,227,1341,72,438,76,622,276,303,1616
36,545,"OTHERS","7.5-10.0",656,5580,328,2259,186,1174,133,1094,430,461,2689
36,546,"OTHERS","7.5-10.0",1093,9306,931,7310,74,586,21,167,99,952,7409
36,547,"OTHERS","7.5-10.0",1194,10108,467,3701,419,3393,280,2384,969,747,4669
36,548,"OTHERS","7.5-10.0",1054,8916,554,3672,279,1918,148,1073,701,702,4374
36,549,"OTHERS","7.5-10.0",3144,26879,348,1761,1609,9118,1061,7338,2784,1409,4545
36,550,"OTHERS","7.5-10.0",2063,17566,938,6232,588,4761,269,2012,976,1207,7208
36,551,"OTHERS","7.5-10.0",1169,9938,181,843,650,4974,299,1985,832,480,1675
36,552,"OTHERS","7.5-10.0",5997,51264,827,5443,3625,27524,1498,11650,3617,2325,9060
36,553,"OTHERS","7.5-10.0",5571,47707,439,3365,3046,23788,1880,13197,4426,2319,7791
36,554,"OTHERS","7.5-10.0",1352,11506,239,1196,308,1621,738,4226,1717,977,2913
37,532,"SCHEDULED TRIBES","7.5-10.0",621,5271,15,92,471,3592,7,36,2,22,94
37,533,"SCHEDULED TRIBES","7.5-10.0",10,88,5,27,5,26,0,0,0,5,27
37,534,"SCHEDULED TRIBES","7.5-10.0",14,116,11,68,3,13,0,0,0,11,68
37,535,"SCHEDULED TRIBES","7.5-10.0",56,476,6,29,50,312,0,0,0,6,29
36,537,"SCHEDULED TRIBES","7.5-10.0",42,356,13,50,24,102,5,13,6,18,56
37,538,"SCHEDULED TRIBES","7.5-10.0",176,1488,10,45,79,375,73,437,144,83,190
37,539,"SCHEDULED TRIBES","7.5-10.0",128,1079,41,116,39,170,25,151,97,66,212
37,540,"SCHEDULED TRIBES","7.5-10.0",298,2536,164,1097,56,396,62,380,177,226,1275
37,541,"SCHEDULED TRIBES","7.5-10.0",399,3397,50,279,254,1787,79,576,254,129,533
36,542,"SCHEDULED TRIBES","7.5-10.0",26,222,5,25,1,4,20,108,38,25,62
36,543,"SCHEDULED TRIBES","7.5-10.0",90,749,4,17,53,388,33,268,123,37,140
36,544,"SCHEDULED TRIBES","7.5-10.0",1109,9464,83,648,406,2715,620,3296,1067,703,1715
36,545,"SCHEDULED TRIBES","7.5-10.0",600,5120,81,477,442,1006,68,217,78,149,555
36,546,"SCHEDULED TRIBES","7.5-10.0",75,641,50,396,17,131,2,14,8,52,404
36,547,"SCHEDULED TRIBES","7.5-10.0",8,64,4,16,4,15,0,0,0,4,16
36,548,"SCHEDULED TRIBES","7.5-10.0",21,172,18,91,3,12,0,0,0,18,91
36,549,"SCHEDULED TRIBES","7.5-10.0",13,116,4,14,7,56,1,8,4,5,18
36,550,"SCHEDULED TRIBES","7.5-10.0",12,101,8,33,4,35,0,0,0,8,33
36,551,"SCHEDULED TRIBES","7.5-10.0",3,24,1,4,1,4,1,8,1,2,5
36,552,"SCHEDULED TRIBES","7.5-10.0",58,501,6,30,51,291,1,6,2,7,32
36,553,"SCHEDULED TRIBES","7.5-10.0",56,475,0,0,54,288,2,15,9,2,9
36,554,"SCHEDULED TRIBES","7.5-10.0",3,25,0,0,3,12,0,0,0,0,0
37,532,"ALL SOCIAL GROUPS","7.5-10.0",2747,23413,117,757,1929,14917,419,3325,1315,536,2072
37,533,"ALL SOCIAL GROUPS","7.5-10.0",621,5307,303,1894,107,740,181,1331,476,484,2370
37,534,"ALL SOCIAL GROUPS","7.5-10.0",1438,12233,689,4664,106,594,352,2306,1749,1041,6413
37,535,"ALL SOCIAL GROUPS","7.5-10.0",2151,18374,390,2128,1025,7323,578,3469,1596,968,3725
36,537,"ALL SOCIAL GROUPS","7.5-10.0",1540,13141,321,1033,650,2920,349,1480,666,670,1699
37,538,"ALL SOCIAL GROUPS","7.5-10.0",4947,42358,636,3950,1723,10906,2236,15451,6571,2872,10521
37,539,"ALL SOCIAL GROUPS","7.5-10.0",3282,27970,994,5206,389,1917,1557,8914,3801,2551,9007
37,540,"ALL SOCIAL GROUPS","7.5-10.0",2333,19828,786,5400,478,3833,747,4502,1954,1533,7355
37,541,"ALL SOCIAL GROUPS","7.5-10.0",1723,14784,544,3957,609,4425,542,4268,1963,1086,5920
36,542,"ALL SOCIAL GROUPS","7.5-10.0",511,4304,225,1592,77,600,206,1580,729,431,2321
36,543,"ALL SOCIAL GROUPS","7.5-10.0",853,7271,178,916,314,2085,341,2321,1142,519,2058
36,544,"ALL SOCIAL GROUPS","7.5-10.0",1500,12761,320,2033,483,3191,697,3928,1351,1017,3384
36,545,"ALL SOCIAL GROUPS","7.5-10.0",1305,11112,449,2942,637,2213,201,1311,508,650,3450
36,546,"ALL SOCIAL GROUPS","7.5-10.0",1231,10488,1038,8079,92,721,23,182,107,1061,8186
36,547,"ALL SOCIAL GROUPS","7.5-10.0",1232,10429,492,3834,432,3458,280,2384,969,772,4803
36,548,"ALL SOCIAL GROUPS","7.5-10.0",1202,10188,650,4215,321,2168,153,1115,733,803,4948
36,549,"ALL SOCIAL GROUPS","7.5-10.0",3222,27546,366,1833,1657,9344,1072,7395,2815,1438,4647
36,550,"ALL SOCIAL GROUPS","7.5-10.0",2148,18295,1005,6557,605,4886,269,2012,976,1274,7532
36,551,"ALL SOCIAL GROUPS","7.5-10.0",1183,10057,184,856,658,5008,301,2001,835,485,1690
36,552,"ALL SOCIAL GROUPS","7.5-10.0",6218,53147,859,5624,3788,28452,1524,11835,3685,2383,9308
36,553,"ALL SOCIAL GROUPS","7.5-10.0",5787,49565,448,3421,3233,24806,1900,13339,4468,2348,7889
36,554,"ALL SOCIAL GROUPS","7.5-10.0",1377,11723,248,1235,319,1666,743,4265,1723,991,2958
