"state_code","district_code","social_group","size_class","holding_no","holding_ar","holding_whly.owned_self.operatd_no","holding_whly.owned_self.operatd_ar","holding_whly_leased.in_no","holding_whly_leased.in_ar","holding_whly.operatd_no","holding_whly.operatd_ar","holding_partly.ownd_leased.in_operatd_no","holding_partly.ownd_leased.in_operatd_ownd.ar","holding_partly.ownd_leased.in_operatd_leasdin.ar","holding_partly.ownd_leased.in_operatd_operatd.ar","holding_partly.ownd_leased.in_operatd_tot.ar"
37,532,4,99,58,537,58,537,0,0,0,0,0,0,0,0,0
37,533,4,99,72,755,72,755,0,0,0,0,0,0,0,0,0
37,534,4,99,25,354,25,354,0,0,0,0,0,0,0,0,0
37,535,4,99,184,2730,184,2730,0,0,0,0,0,0,0,0,0
36,537,4,99,145,1092,145,1092,0,0,0,0,0,0,0,0,0
37,538,4,99,14,452,14,452,0,0,0,0,0,0,0,0,0
37,539,4,99,135,2235,135,2235,0,0,0,0,0,0,0,0,0
37,540,4,99,7,76,7,76,0,0,0,0,0,0,0,0,0
37,541,4,99,160,2186,160,2186,0,0,0,0,0,0,0,0,0
36,542,4,99,508,4033,508,4033,0,0,0,0,0,0,0,0,0
36,543,4,99,107,1363,107,1363,0,0,0,0,0,0,0,0,0
36,544,4,99,211,1483,211,1483,0,0,0,0,0,0,0,0,0
36,545,4,99,836,3912,836,3912,0,0,0,0,0,0,0,0,0
36,546,4,99,776,3446,776,3446,0,0,0,0,0,0,0,0,0
36,547,4,99,25,180,25,180,0,0,0,0,0,0,0,0,0
36,548,4,99,759,8025,759,8025,0,0,0,0,0,0,0,0,0
36,549,4,99,168,2040,168,2040,0,0,0,0,0,0,0,0,0
36,550,4,99,666,6792,666,6792,0,0,0,0,0,0,0,0,0
36,551,4,99,18,619,18,619,0,0,0,0,0,0,0,0,0
36,552,4,99,53,1619,53,1619,0,0,0,0,0,0,0,0,0
36,553,4,99,714,5821,714,5821,0,0,0,0,0,0,0,0,0
36,554,4,99,45,2173,45,2173,0,0,0,0,0,0,0,0,0
37,532,1,99,80294,90599,79682,89592,557,898,22,46,33,39,25,0,64
37,533,1,99,62591,42530,62582,42522,7,6,0,0,2,2,0,0,2
37,534,1,99,96579,61893,96397,61687,138,143,4,6,40,31,27,0,58
37,535,1,99,107702,74873,107702,74873,0,0,0,0,0,0,0,0,0
36,537,1,99,53045,48481,53034,48474,6,6,5,2,0,0,0,0,0
37,538,1,99,129514,117957,129514,117957,0,0,0,0,0,0,0,0,0
37,539,1,99,87125,63174,87093,63135,10,11,15,20,7,3,4,0,7
37,540,1,99,82212,58348,81989,58215,163,92,4,0,56,8,32,0,40
37,541,1,99,44552,29710,44349,29442,149,144,0,0,54,64,49,11,124
36,542,1,99,27487,10620,27485,10612,0,0,0,0,2,5,3,0,8
36,543,1,99,21930,11574,21563,11309,213,68,0,0,154,136,61,0,198
36,544,1,99,10462,6143,10220,5985,59,19,10,3,173,93,29,13,135
36,545,1,99,62363,22626,62106,22495,134,100,98,5,25,16,10,0,25
36,546,1,99,48177,25490,48095,25440,10,8,0,0,72,30,13,0,43
36,547,1,99,50842,27140,49151,25453,1361,1271,49,8,281,241,168,0,408
36,548,1,99,53256,31070,53254,31058,0,0,0,0,2,10,2,0,12
36,549,1,99,73059,62154,73059,62154,0,0,0,0,0,0,0,0,0
36,550,1,99,88661,53277,88556,53158,60,57,24,28,21,17,6,11,34
36,551,1,99,39525,31556,39492,31515,13,17,20,24,0,0,0,0,0
36,552,1,99,76496,86874,76404,86752,66,77,0,0,26,18,27,0,45
36,553,1,99,71518,88061,71492,87994,0,0,26,67,0,0,0,0,0
36,554,1,99,89262,56346,89148,56225,48,48,29,36,37,20,16,0,36
37,532,3,99,328303,450198,327998,449648,97,118,20,26,188,264,142,0,406
37,533,3,99,371883,357578,371786,357451,76,111,0,0,21,12,4,0,16
37,534,3,99,546409,559792,545613,558509,318,328,14,7,464,529,419,0,948
37,535,3,99,541557,548966,541539,548952,7,1,11,13,0,0,0,0,0
36,537,3,99,259983,337733,259911,337599,49,114,23,21,0,0,0,0,0
37,538,3,99,761838,988683,761796,988590,22,50,0,0,20,35,3,5,42
37,539,3,99,585344,754808,585105,754460,48,73,30,31,161,165,78,0,244
37,540,3,99,474526,506312,473166,505061,1070,996,12,18,278,133,103,0,236
37,541,3,99,267298,324091,264015,316101,2056,3221,10,21,1217,2814,1718,216,4749
36,542,3,99,461825,307914,461127,306512,84,33,0,0,614,983,385,0,1368
36,543,3,99,385619,292697,377349,282032,3853,1988,22,6,4395,5717,2934,21,8672
36,544,3,99,355558,218042,346170,210788,1434,439,1638,497,6316,4657,1046,614,6317
36,545,3,99,591563,393393,589420,391284,997,745,94,23,1052,805,533,2,1340
36,546,3,99,496068,416957,495250,416012,324,426,40,70,454,202,192,54,449
36,547,3,99,488069,471806,463709,433373,14917,16726,291,67,9152,13256,8384,0,21640
36,548,3,99,685605,643418,685233,640926,23,39,0,0,349,1843,610,0,2453
36,549,3,99,583508,770930,583503,770922,0,0,5,8,0,0,0,0,0
36,550,3,99,342982,404532,341796,402210,612,936,184,170,390,592,581,42,1215
36,551,3,99,393236,502650,393155,502557,0,0,81,94,0,0,0,0,0
36,552,3,99,544022,945171,542690,941845,1059,1765,0,0,273,730,810,20,1560
36,553,3,99,626250,1141597,625638,1140885,0,0,612,711,0,0,0,0,0
36,554,3,99,561836,555463,560721,553875,859,1039,82,117,174,231,198,3,433
37,532,2,99,111340,187245,110509,185084,806,2110,10,21,15,19,11,0,30
37,533,2,99,38982,33612,38982,33612,0,0,0,0,0,0,0,0,0
37,534,2,99,19332,16651,19327,16649,5,2,0,0,0,0,0,0,0
37,535,2,99,35100,36362,35100,36362,0,0,0,0,0,0,0,0,0
36,537,2,99,29498,32328,29465,32261,0,0,33,67,0,0,0,0,0
37,538,2,99,90948,97770,90948,97770,0,0,0,0,0,0,0,0,0
37,539,2,99,84584,84019,84554,83963,7,8,9,13,14,31,4,0,35
37,540,2,99,106316,102576,105975,102399,227,126,0,0,114,22,30,0,51
37,541,2,99,156327,180118,155338,178225,508,453,0,0,481,835,499,106,1439
36,542,2,99,36050,26845,36008,26813,0,0,42,32,0,0,0,0,0
36,543,2,99,39185,36850,38986,36624,104,75,0,0,95,94,57,0,152
36,544,2,99,108507,174416,107979,173571,41,39,5,4,482,596,179,26,802
36,545,2,99,43952,81435,43952,81435,0,0,0,0,0,0,0,0,0
36,546,2,99,20810,24157,20801,24144,2,8,0,0,7,3,2,0,5
36,547,2,99,12631,9287,12422,9100,161,106,0,0,48,48,27,6,81
36,548,2,99,21028,18891,21027,18884,0,0,0,0,1,5,1,0,7
36,549,2,99,13818,12384,13814,12383,0,0,4,1,0,0,0,0,0
36,550,2,99,24706,14318,24666,14271,10,5,8,15,22,15,7,5,27
36,551,2,99,8527,7573,8527,7573,0,0,0,0,0,0,0,0,0
36,552,2,99,12331,16423,12324,16409,5,11,0,0,2,2,1,0,3
36,553,2,99,29469,42531,29469,42531,0,0,0,0,0,0,0,0,0
36,554,2,99,16039,12322,16029,12313,9,6,0,0,1,2,1,0,3
37,532,99,99,519995,728579,518247,724860,1460,3126,52,94,236,323,177,0,500
37,533,99,99,473528,434476,473422,434340,83,117,0,0,23,14,5,0,18
37,534,99,99,662345,638690,661362,637199,461,473,18,12,504,560,446,0,1006
37,535,99,99,684543,662932,684525,662917,7,1,11,13,0,0,0,0,0
36,537,99,99,342671,419634,342555,419426,55,119,61,89,0,0,0,0,0
37,538,99,99,982314,1204862,982272,1204770,22,50,0,0,20,35,3,5,42
37,539,99,99,757188,904236,756887,903793,65,92,54,65,182,199,87,0,286
37,540,99,99,663061,667311,661137,665751,1460,1214,16,19,448,163,165,0,328
37,541,99,99,468337,536105,463862,525954,2713,3819,10,21,1752,3714,2266,333,6312
36,542,99,99,525870,349412,525128,347970,84,33,42,32,616,988,389,0,1377
36,543,99,99,446841,342484,438005,331327,4170,2130,22,6,4644,5948,3052,21,9021
36,544,99,99,474738,400083,464580,391828,1534,497,1653,504,6971,5347,1255,653,7255
36,545,99,99,698714,501366,696314,499127,1131,846,192,28,1077,821,543,2,1365
36,546,99,99,565831,470051,564922,469041,336,442,40,70,533,236,207,54,497
36,547,99,99,551567,508413,525307,468106,16439,18102,340,75,9481,13544,8578,6,22128
36,548,99,99,760648,701404,760273,698893,23,39,0,0,352,1859,614,0,2472
36,549,99,99,670553,847508,670544,847498,0,0,9,9,0,0,0,0,0
36,550,99,99,457015,478919,455684,476431,682,999,216,213,433,624,595,57,1276
36,551,99,99,441306,542399,441192,542265,13,17,101,118,0,0,0,0,0
36,552,99,99,632902,1050086,631471,1046625,1130,1853,0,0,301,750,838,20,1608
36,553,99,99,727951,1278010,727313,1277231,0,0,638,779,0,0,0,0,0
36,554,99,99,667182,626306,665943,624586,916,1094,111,153,212,253,216,3,472
37,532,4,52,6,392,6,392,0,0,0,0,0,0,0,0,0
37,533,4,52,10,526,10,526,0,0,0,0,0,0,0,0,0
37,534,4,52,4,268,4,268,0,0,0,0,0,0,0,0,0
37,535,4,52,16,2011,16,2011,0,0,0,0,0,0,0,0,0
36,537,4,52,10,318,10,318,0,0,0,0,0,0,0,0,0
37,538,4,52,4,377,4,377,0,0,0,0,0,0,0,0,0
37,539,4,52,30,1778,30,1778,0,0,0,0,0,0,0,0,0
37,540,4,52,1,65,1,65,0,0,0,0,0,0,0,0,0
37,541,4,52,12,1510,12,1510,0,0,0,0,0,0,0,0,0
36,542,4,52,41,2149,41,2149,0,0,0,0,0,0,0,0,0
36,543,4,52,17,757,17,757,0,0,0,0,0,0,0,0,0
36,544,4,52,10,867,10,867,0,0,0,0,0,0,0,0,0
36,545,4,52,43,1973,43,1973,0,0,0,0,0,0,0,0,0
36,546,4,52,26,911,26,911,0,0,0,0,0,0,0,0,0
36,547,4,52,3,92,3,92,0,0,0,0,0,0,0,0,0
36,548,4,52,72,4341,72,4341,0,0,0,0,0,0,0,0,0
36,549,4,52,31,1347,31,1347,0,0,0,0,0,0,0,0,0
36,550,4,52,78,4446,78,4446,0,0,0,0,0,0,0,0,0
36,551,4,52,5,581,5,581,0,0,0,0,0,0,0,0,0
36,552,4,52,15,1354,15,1354,0,0,0,0,0,0,0,0,0
36,553,4,52,42,2714,42,2714,0,0,0,0,0,0,0,0,0
36,554,4,52,16,1953,16,1953,0,0,0,0,0,0,0,0,0
37,532,1,52,17,599,17,599,0,0,0,0,0,0,0,0,0
37,533,1,52,0,0,0,0,0,0,0,0,0,0,0,0,0
37,534,1,52,8,200,8,200,0,0,0,0,0,0,0,0,0
37,535,1,52,6,221,6,221,0,0,0,0,0,0,0,0,0
36,537,1,52,8,242,8,242,0,0,0,0,0,0,0,0,0
37,538,1,52,18,660,18,660,0,0,0,0,0,0,0,0,0
37,539,1,52,3,89,3,89,0,0,0,0,0,0,0,0,0
37,540,1,52,36,1502,36,1502,0,0,0,0,0,0,0,0,0
37,541,1,52,4,173,4,173,0,0,0,0,0,0,0,0,0
36,542,1,52,1,43,1,43,0,0,0,0,0,0,0,0,0
36,543,1,52,0,0,0,0,0,0,0,0,0,0,0,0,0
36,544,1,52,0,0,0,0,0,0,0,0,0,0,0,0,0
36,545,1,52,2,41,2,41,0,0,0,0,0,0,0,0,0
36,546,1,52,2,62,2,62,0,0,0,0,0,0,0,0,0
36,547,1,52,10,298,10,298,0,0,0,0,0,0,0,0,0
36,548,1,52,7,147,7,147,0,0,0,0,0,0,0,0,0
36,549,1,52,6,183,6,183,0,0,0,0,0,0,0,0,0
36,550,1,52,1,27,1,27,0,0,0,0,0,0,0,0,0
36,551,1,52,1,24,1,24,0,0,0,0,0,0,0,0,0
36,552,1,52,9,351,9,351,0,0,0,0,0,0,0,0,0
36,553,1,52,11,286,11,286,0,0,0,0,0,0,0,0,0
36,554,1,52,9,314,9,314,0,0,0,0,0,0,0,0,0
37,532,3,52,234,8200,234,8200,0,0,0,0,0,0,0,0,0
37,533,3,52,35,999,35,999,0,0,0,0,0,0,0,0,0
37,534,3,52,131,4390,131,4390,0,0,0,0,0,0,0,0,0
37,535,3,52,215,6419,215,6419,0,0,0,0,0,0,0,0,0
36,537,3,52,149,4313,149,4313,0,0,0,0,0,0,0,0,0
37,538,3,52,341,10275,341,10275,0,0,0,0,0,0,0,0,0
37,539,3,52,159,5109,159,5109,0,0,0,0,0,0,0,0,0
37,540,3,52,287,9234,287,9234,0,0,0,0,0,0,0,0,0
37,541,3,52,159,6578,157,6525,0,0,0,0,2,34,20,0,53
36,542,3,52,57,2182,57,2182,0,0,0,0,0,0,0,0,0
36,543,3,52,79,2539,79,2539,0,0,0,0,0,0,0,0,0
36,544,3,52,31,942,30,920,1,21,0,0,0,0,0,0,0
36,545,3,52,64,1887,64,1887,0,0,0,0,0,0,0,0,0
36,546,3,52,48,1659,48,1659,0,0,0,0,0,0,0,0,0
36,547,3,52,59,1884,57,1835,0,0,0,0,2,43,6,0,49
36,548,3,52,38,1206,38,1206,0,0,0,0,0,0,0,0,0
36,549,3,52,151,4347,151,4347,0,0,0,0,0,0,0,0,0
36,550,3,52,157,4883,157,4883,0,0,0,0,0,0,0,0,0
36,551,3,52,43,1709,43,1709,0,0,0,0,0,0,0,0,0
36,552,3,52,235,8707,232,8601,0,0,0,0,3,69,36,0,106
36,553,3,52,367,11401,367,11401,0,0,0,0,0,0,0,0,0
36,554,3,52,123,3571,123,3571,0,0,0,0,0,0,0,0,0
37,532,2,52,93,2715,93,2715,0,0,0,0,0,0,0,0,0
37,533,2,52,2,67,2,67,0,0,0,0,0,0,0,0,0
37,534,2,52,3,92,3,92,0,0,0,0,0,0,0,0,0
37,535,2,52,3,113,3,113,0,0,0,0,0,0,0,0,0
36,537,2,52,8,253,8,253,0,0,0,0,0,0,0,0,0
37,538,2,52,16,622,16,622,0,0,0,0,0,0,0,0,0
37,539,2,52,3,89,3,89,0,0,0,0,0,0,0,0,0
37,540,2,52,23,627,23,627,0,0,0,0,0,0,0,0,0
37,541,2,52,37,999,37,999,0,0,0,0,0,0,0,0,0
36,542,2,52,1,21,1,21,0,0,0,0,0,0,0,0,0
36,543,2,52,3,67,3,67,0,0,0,0,0,0,0,0,0
36,544,2,52,42,1049,42,1049,0,0,0,0,0,0,0,0,0
36,545,2,52,25,664,25,664,0,0,0,0,0,0,0,0,0
36,546,2,52,4,406,4,406,0,0,0,0,0,0,0,0,0
36,547,2,52,0,0,0,0,0,0,0,0,0,0,0,0,0
36,548,2,52,0,0,0,0,0,0,0,0,0,0,0,0,0
36,549,2,52,0,0,0,0,0,0,0,0,0,0,0,0,0
36,550,2,52,2,63,2,63,0,0,0,0,0,0,0,0,0
36,551,2,52,1,41,1,41,0,0,0,0,0,0,0,0,0
36,552,2,52,2,58,2,58,0,0,0,0,0,0,0,0,0
36,553,2,52,4,103,4,103,0,0,0,0,0,0,0,0,0
36,554,2,52,0,0,0,0,0,0,0,0,0,0,0,0,0
37,532,99,52,350,11906,350,11906,0,0,0,0,0,0,0,0,0
37,533,99,52,47,1591,47,1591,0,0,0,0,0,0,0,0,0
37,534,99,52,146,4950,146,4950,0,0,0,0,0,0,0,0,0
37,535,99,52,240,8764,240,8764,0,0,0,0,0,0,0,0,0
36,537,99,52,175,5127,175,5127,0,0,0,0,0,0,0,0,0
37,538,99,52,379,11934,379,11934,0,0,0,0,0,0,0,0,0
37,539,99,52,195,7065,195,7065,0,0,0,0,0,0,0,0,0
37,540,99,52,347,11428,347,11428,0,0,0,0,0,0,0,0,0
37,541,99,52,212,9260,210,9206,0,0,0,0,2,34,20,0,53
36,542,99,52,100,4395,100,4395,0,0,0,0,0,0,0,0,0
36,543,99,52,99,3363,99,3363,0,0,0,0,0,0,0,0,0
36,544,99,52,83,2857,82,2836,1,21,0,0,0,0,0,0,0
36,545,99,52,134,4565,134,4565,0,0,0,0,0,0,0,0,0
36,546,99,52,80,3038,80,3038,0,0,0,0,0,0,0,0,0
36,547,99,52,72,2274,70,2225,0,0,0,0,2,43,6,0,49
36,548,99,52,117,5694,117,5694,0,0,0,0,0,0,0,0,0
36,549,99,52,188,5877,188,5877,0,0,0,0,0,0,0,0,0
36,550,99,52,238,9420,238,9420,0,0,0,0,0,0,0,0,0
36,551,99,52,50,2355,50,2355,0,0,0,0,0,0,0,0,0
36,552,99,52,261,10470,258,10365,0,0,0,0,3,69,36,0,106
36,553,99,52,424,14504,424,14504,0,0,0,0,0,0,0,0,0
36,554,99,52,148,5839,148,5839,0,0,0,0,0,0,0,0,0
37,532,4,11,14,4,14,4,0,0,0,0,0,0,0,0,0
37,533,4,11,15,4,15,4,0,0,0,0,0,0,0,0,0
37,534,4,11,1,0,1,0,0,0,0,0,0,0,0,0,0
37,535,4,11,23,9,23,9,0,0,0,0,0,0,0,0,0
36,537,4,11,3,1,3,1,0,0,0,0,0,0,0,0,0
37,538,4,11,1,0,1,0,0,0,0,0,0,0,0,0,0
37,539,4,11,25,6,25,6,0,0,0,0,0,0,0,0,0
37,540,4,11,2,1,2,1,0,0,0,0,0,0,0,0,0
37,541,4,11,9,3,9,3,0,0,0,0,0,0,0,0,0
36,542,4,11,41,15,41,15,0,0,0,0,0,0,0,0,0
36,543,4,11,4,1,4,1,0,0,0,0,0,0,0,0,0
36,544,4,11,52,14,52,14,0,0,0,0,0,0,0,0,0
36,545,4,11,256,60,256,60,0,0,0,0,0,0,0,0,0
36,546,4,11,143,41,143,41,0,0,0,0,0,0,0,0,0
36,547,4,11,7,2,7,2,0,0,0,0,0,0,0,0,0
36,548,4,11,16,4,16,4,0,0,0,0,0,0,0,0,0
36,549,4,11,8,3,8,3,0,0,0,0,0,0,0,0,0
36,550,4,11,37,9,37,9,0,0,0,0,0,0,0,0,0
36,551,4,11,2,0,2,0,0,0,0,0,0,0,0,0,0
36,552,4,11,0,0,0,0,0,0,0,0,0,0,0,0,0
36,553,4,11,74,23,74,23,0,0,0,0,0,0,0,0,0
36,554,4,11,0,0,0,0,0,0,0,0,0,0,0,0,0
37,532,1,11,27860,7194,27836,7188,24,6,0,0,0,0,0,0,0
37,533,1,11,32389,9171,32389,9171,0,0,0,0,0,0,0,0,0
37,534,1,11,53893,13581,53882,13576,11,5,0,0,0,0,0,0,0
37,535,1,11,54402,13355,54402,13355,0,0,0,0,0,0,0,0,0
36,537,1,11,20453,5653,20448,5651,0,0,5,2,0,0,0,0,0
37,538,1,11,52850,13806,52850,13806,0,0,0,0,0,0,0,0,0
37,539,1,11,44621,11269,44609,11266,4,2,8,1,0,0,0,0,0
37,540,1,11,46586,11541,46487,11503,74,29,4,0,21,4,5,0,8
37,541,1,11,25926,6764,25907,6757,19,6,0,0,0,0,0,0,0
36,542,1,11,20820,4478,20820,4478,0,0,0,0,0,0,0,0,0
36,543,1,11,14612,3369,14405,3317,187,46,0,0,20,3,3,0,6
36,544,1,11,6496,1686,6367,1645,59,19,9,1,61,13,5,4,21
36,545,1,11,50970,10531,50814,10502,44,20,96,3,16,2,4,0,6
36,546,1,11,32978,8154,32969,8149,0,0,0,0,9,4,1,0,5
36,547,1,11,34744,8463,34162,8305,520,144,49,8,13,3,3,0,5
36,548,1,11,34152,9038,34152,9038,0,0,0,0,0,0,0,0,0
36,549,1,11,33565,9327,33565,9327,0,0,0,0,0,0,0,0,0
36,550,1,11,52898,13439,52868,13430,26,8,4,1,0,0,0,0,0
36,551,1,11,15238,4442,15230,4440,0,0,8,2,0,0,0,0,0
36,552,1,11,21154,6841,21148,6838,6,3,0,0,0,0,0,0,0
36,553,1,11,15192,4823,15192,4823,0,0,0,0,0,0,0,0,0
36,554,1,11,48943,12497,48913,12490,16,5,9,0,5,2,0,0,3
37,532,3,11,97929,25117,97903,25106,18,7,8,4,0,0,0,0,0
37,533,3,11,143661,38735,143661,38735,0,0,0,0,0,0,0,0,0
37,534,3,11,212595,55466,212533,55444,53,19,9,2,0,0,0,0,0
37,535,3,11,224181,54025,224170,54022,7,1,4,2,0,0,0,0,0
36,537,3,11,78342,22304,78325,22300,5,3,12,1,0,0,0,0,0
37,538,3,11,242235,61655,242227,61653,8,3,0,0,0,0,0,0,0
37,539,3,11,182175,49350,182146,49344,6,1,12,3,11,1,1,0,2
37,540,3,11,192585,47874,192248,47763,200,69,0,0,137,19,22,0,42
37,541,3,11,92362,26551,92161,26479,192,68,0,0,9,4,0,0,4
36,542,3,11,270668,63781,270533,63743,56,15,0,0,79,5,18,0,23
36,543,3,11,213638,48037,210769,47226,2488,682,22,6,359,63,58,2,123
36,544,3,11,219266,51993,214521,50736,1269,312,1361,246,2115,401,148,150,699
36,545,3,11,360241,89144,359372,88899,573,175,81,2,215,33,34,1,68
36,546,3,11,257762,69196,257713,69180,32,9,6,1,11,2,3,0,5
36,547,3,11,215688,61230,210354,59621,4920,1524,245,23,169,31,30,0,61
36,548,3,11,283640,84223,283640,84223,0,0,0,0,0,0,0,0,0
36,549,3,11,175366,50662,175366,50662,0,0,0,0,0,0,0,0,0
36,550,3,11,130240,34378,130072,34326,94,31,65,17,9,3,0,1,4
36,551,3,11,105204,29988,105194,29984,0,0,10,3,0,0,0,0,0
36,552,3,11,99234,31717,99145,31685,89,32,0,0,0,0,0,0,0
36,553,3,11,88872,27405,88864,27403,0,0,8,3,0,0,0,0,0
36,554,3,11,222355,57027,222187,56974,146,46,22,8,0,0,0,0,0
37,532,2,11,18221,5142,18193,5129,28,13,0,0,0,0,0,0,0
37,533,2,11,13086,4026,13086,4026,0,0,0,0,0,0,0,0,0
37,534,2,11,7879,2178,7874,2176,5,2,0,0,0,0,0,0,0
37,535,2,11,10735,3088,10735,3088,0,0,0,0,0,0,0,0,0
36,537,2,11,8541,2593,8527,2589,0,0,14,4,0,0,0,0,0
37,538,2,11,29640,8141,29640,8141,0,0,0,0,0,0,0,0,0
37,539,2,11,29377,8601,29377,8601,0,0,0,0,0,0,0,0,0
37,540,2,11,41606,11120,41416,11068,121,35,0,0,69,11,5,0,17
37,541,2,11,51817,15218,51669,15169,148,49,0,0,0,0,0,0,0
36,542,2,11,17337,4479,17325,4475,0,0,12,4,0,0,0,0,0
36,543,2,11,16594,4372,16539,4356,52,15,0,0,3,0,1,0,1
36,544,2,11,29040,7853,28917,7812,31,12,0,0,92,20,2,7,29
36,545,2,11,10200,2756,10200,2756,0,0,0,0,0,0,0,0,0
36,546,2,11,8225,2367,8225,2367,0,0,0,0,0,0,0,0,0
36,547,2,11,6829,1945,6740,1917,85,26,0,0,4,1,1,0,2
36,548,2,11,8164,2447,8164,2447,0,0,0,0,0,0,0,0,0
36,549,2,11,5743,1724,5739,1723,0,0,4,1,0,0,0,0,0
36,550,2,11,15233,4040,15223,4035,10,5,0,0,0,0,0,0,0
36,551,2,11,2865,833,2865,833,0,0,0,0,0,0,0,0,0
36,552,2,11,2865,921,2865,921,0,0,0,0,0,0,0,0,0
36,553,2,11,4431,1429,4431,1429,0,0,0,0,0,0,0,0,0
36,554,2,11,7092,2022,7092,2022,0,0,0,0,0,0,0,0,0
37,532,99,11,144024,37457,143946,37428,70,25,8,4,0,0,0,0,0
37,533,99,11,189151,51936,189151,51936,0,0,0,0,0,0,0,0,0
37,534,99,11,274368,71226,274290,71197,69,26,9,2,0,0,0,0,0
37,535,99,11,289341,70477,289330,70474,7,1,4,2,0,0,0,0,0
36,537,99,11,107339,30551,107303,30541,5,3,31,7,0,0,0,0,0
37,538,99,11,324726,83602,324718,83600,8,3,0,0,0,0,0,0,0
37,539,99,11,256198,69226,256157,69216,10,3,20,5,11,1,1,0,2
37,540,99,11,280779,70536,280153,70334,395,134,4,0,227,35,32,0,67
37,541,99,11,170114,48535,169746,48408,359,123,0,0,9,4,0,0,4
36,542,99,11,308866,72753,308719,72711,56,15,12,4,79,5,18,0,23
36,543,99,11,244848,55780,241717,54901,2727,743,22,6,382,66,62,2,130
36,544,99,11,254854,61546,249857,60207,1359,344,1370,246,2268,434,154,160,749
36,545,99,11,421667,102491,420642,102217,617,195,177,5,231,36,38,1,74
36,546,99,11,299108,79758,299050,79737,32,9,6,1,20,7,4,0,10
36,547,99,11,257268,71639,251263,69845,5525,1695,294,31,186,35,33,0,68
36,548,99,11,325972,95713,325972,95713,0,0,0,0,0,0,0,0,0
36,549,99,11,214682,61716,214678,61714,0,0,4,1,0,0,0,0,0
36,550,99,11,198408,51866,198200,51799,130,45,69,18,9,3,0,1,4
36,551,99,11,123309,35264,123291,35258,0,0,18,5,0,0,0,0,0
36,552,99,11,123253,39479,123158,39445,95,35,0,0,0,0,0,0,0
36,553,99,11,108569,33680,108561,33677,0,0,8,3,0,0,0,0,0
36,554,99,11,278390,71547,278192,71486,162,50,31,8,5,2,0,0,3
37,532,4,21,6,8,6,8,0,0,0,0,0,0,0,0,0
37,533,4,21,8,11,8,11,0,0,0,0,0,0,0,0,0
37,534,4,21,5,9,5,9,0,0,0,0,0,0,0,0,0
37,535,4,21,32,46,32,46,0,0,0,0,0,0,0,0,0
36,537,4,21,10,16,10,16,0,0,0,0,0,0,0,0,0
37,538,4,21,0,0,0,0,0,0,0,0,0,0,0,0,0
37,539,4,21,16,22,16,22,0,0,0,0,0,0,0,0,0
37,540,4,21,1,1,1,1,0,0,0,0,0,0,0,0,0
37,541,4,21,24,38,24,38,0,0,0,0,0,0,0,0,0
36,542,4,21,106,162,106,162,0,0,0,0,0,0,0,0,0
36,543,4,21,6,10,6,10,0,0,0,0,0,0,0,0,0
36,544,4,21,43,62,43,62,0,0,0,0,0,0,0,0,0
36,545,4,21,126,183,126,183,0,0,0,0,0,0,0,0,0
36,546,4,21,144,208,144,208,0,0,0,0,0,0,0,0,0
36,547,4,21,1,2,1,2,0,0,0,0,0,0,0,0,0
36,548,4,21,142,214,142,214,0,0,0,0,0,0,0,0,0
36,549,4,21,15,22,15,22,0,0,0,0,0,0,0,0,0
36,550,4,21,152,214,152,214,0,0,0,0,0,0,0,0,0
36,551,4,21,5,6,5,6,0,0,0,0,0,0,0,0,0
36,552,4,21,2,3,2,3,0,0,0,0,0,0,0,0,0
36,553,4,21,80,114,80,114,0,0,0,0,0,0,0,0,0
36,554,4,21,5,8,5,8,0,0,0,0,0,0,0,0,0
37,532,1,21,18917,26616,18662,26232,235,353,5,10,15,12,9,0,21
37,533,1,21,10813,14520,10811,14518,2,2,0,0,0,0,0,0,0
37,534,1,21,13973,18940,13863,18784,71,95,4,6,35,30,25,0,55
37,535,1,21,18593,25236,18593,25236,0,0,0,0,0,0,0,0,0
36,537,1,21,12105,16722,12105,16722,0,0,0,0,0,0,0,0,0
37,538,1,21,27944,39005,27944,39005,0,0,0,0,0,0,0,0,0
37,539,1,21,14990,20554,14977,20537,6,9,0,0,7,3,4,0,7
37,540,1,21,11507,15694,11501,15682,0,0,0,0,6,0,11,0,12
37,541,1,21,5748,7799,5699,7730,31,44,0,0,18,12,11,2,25
36,542,1,21,1542,2017,1542,2017,0,0,0,0,0,0,0,0,0
36,543,1,21,2076,2796,1998,2689,6,10,0,0,72,68,30,0,97
36,544,1,21,1129,1543,1086,1486,0,0,1,2,42,37,12,6,56
36,545,1,21,2743,3682,2721,3658,20,23,2,2,0,0,0,0,0
36,546,1,21,4469,6090,4469,6090,0,0,0,0,0,0,0,0,0
36,547,1,21,4422,5951,4108,5529,234,315,0,0,80,66,40,0,107
36,548,1,21,5376,7211,5376,7211,0,0,0,0,0,0,0,0,0
36,549,1,21,15758,22123,15758,22123,0,0,0,0,0,0,0,0,0
36,550,1,21,11591,15537,11548,15468,26,44,6,9,11,7,0,8,16
36,551,1,21,7920,11068,7900,11042,13,17,7,10,0,0,0,0,0
36,552,1,21,20608,28737,20566,28669,16,23,0,0,26,18,27,0,45
36,553,1,21,22432,32555,22413,32528,0,0,19,28,0,0,0,0,0
36,554,1,21,13019,17902,12983,17856,17,23,0,0,19,12,11,0,23
37,532,3,21,90217,129447,90086,129252,60,81,9,16,62,61,37,0,97
37,533,3,21,91437,128017,91361,127905,72,108,0,0,4,3,1,0,4
37,534,3,21,126752,178297,126430,177819,106,156,0,0,216,168,154,0,321
37,535,3,21,120377,168747,120373,168742,0,0,4,5,0,0,0,0,0
36,537,3,21,67816,95571,67790,95534,15,17,11,19,0,0,0,0,0
37,538,3,21,197502,282862,197489,282839,3,4,0,0,10,17,2,0,19
37,539,3,21,155305,220963,155210,220813,32,53,0,0,63,63,33,0,96
37,540,3,21,105740,148796,105472,148418,222,317,12,18,34,17,25,0,43
37,541,3,21,62730,87930,61793,86569,756,1084,0,0,181,154,113,10,277
36,542,3,21,62857,86492,62685,86247,0,0,0,0,172,177,67,0,244
36,543,3,21,57096,79057,55519,76875,369,465,0,0,1208,1038,677,2,1717
36,544,3,21,41078,55861,39589,53837,0,0,79,103,1410,1408,316,197,1921
36,545,3,21,72592,99582,72128,98938,91,119,13,21,360,285,218,1,504
36,546,3,21,78380,108878,78175,108589,201,284,4,5,0,0,0,0,0
36,547,3,21,91402,127884,84607,118147,3812,5408,6,7,2977,2690,1632,0,4322
36,548,3,21,140692,195277,140675,195248,17,28,0,0,0,0,0,0,0
36,549,3,21,151097,215873,151092,215865,0,0,5,8,0,0,0,0,0
36,550,3,21,77841,109836,77497,109318,191,303,53,71,100,71,72,0,143
36,551,3,21,113575,163190,113539,163137,0,0,36,53,0,0,0,0,0
36,552,3,21,163417,233865,162939,233121,435,676,0,0,43,29,38,0,67
36,553,3,21,209985,309988,209663,309552,0,0,322,436,0,0,0,0,0
36,554,3,21,128363,181152,127808,180374,435,603,46,73,74,53,48,1,102
37,532,2,21,34794,49802,34597,49493,184,290,6,11,7,5,3,0,9
37,533,2,21,10578,14239,10578,14239,0,0,0,0,0,0,0,0,0
37,534,2,21,4278,5858,4278,5858,0,0,0,0,0,0,0,0,0
37,535,2,21,9878,13656,9878,13656,0,0,0,0,0,0,0,0,0
36,537,2,21,8025,11053,8025,11053,0,0,0,0,0,0,0,0,0
37,538,2,21,23940,33489,23940,33489,0,0,0,0,0,0,0,0,0
37,539,2,21,21197,29224,21190,29216,7,8,0,0,0,0,0,0,0
37,540,2,21,24633,33921,24592,33873,23,29,0,0,18,0,20,0,20
37,541,2,21,37471,52243,37199,51874,162,209,0,0,110,86,64,9,160
36,542,2,21,6389,8584,6382,8576,0,0,7,8,0,0,0,0,0
36,543,2,21,8020,11019,7947,10915,19,29,0,0,54,47,28,0,75
36,544,2,21,26679,37972,26562,37800,0,0,0,0,117,126,40,6,171
36,545,2,21,11213,16283,11213,16283,0,0,0,0,0,0,0,0,0
36,546,2,21,4306,6112,4306,6112,0,0,0,0,0,0,0,0,0
36,547,2,21,1874,2640,1794,2526,43,55,0,0,37,35,18,6,59
36,548,2,21,4635,6306,4635,6306,0,0,0,0,0,0,0,0,0
36,549,2,21,3211,4500,3211,4500,0,0,0,0,0,0,0,0,0
36,550,2,21,2678,3559,2653,3526,0,0,8,15,17,12,7,0,19
36,551,2,21,1974,2727,1974,2727,0,0,0,0,0,0,0,0,0
36,552,2,21,3671,5116,3669,5113,2,3,0,0,0,0,0,0,0
36,553,2,21,11031,16178,11031,16178,0,0,0,0,0,0,0,0,0
36,554,2,21,3044,4243,3042,4241,2,2,0,0,0,0,0,0,0
37,532,99,21,143934,205874,143351,204986,479,724,20,37,84,78,49,0,126
37,533,99,21,112836,156787,112758,156673,74,111,0,0,4,3,1,0,4
37,534,99,21,145008,203103,144576,202470,177,251,4,6,251,198,179,0,376
37,535,99,21,148880,207685,148876,207680,0,0,4,5,0,0,0,0,0
36,537,99,21,87956,123362,87930,123325,15,17,11,19,0,0,0,0,0
37,538,99,21,249386,355356,249373,355332,3,4,0,0,10,17,2,0,19
37,539,99,21,191508,270762,191393,270589,45,70,0,0,70,66,37,0,103
37,540,99,21,141881,198412,141566,197974,245,346,12,18,58,18,56,0,74
37,541,99,21,105973,148011,104715,146211,949,1338,0,0,309,253,188,21,462
36,542,99,21,70894,97255,70715,97003,0,0,7,8,172,177,67,0,244
36,543,99,21,67198,92882,65470,90490,394,503,0,0,1334,1153,734,2,1889
36,544,99,21,68929,95438,67280,93185,0,0,80,105,1569,1571,368,208,2148
36,545,99,21,86674,119731,86188,119062,111,142,15,23,360,285,218,1,504
36,546,99,21,87299,121288,87094,120999,201,284,4,5,0,0,0,0,0
36,547,99,21,97699,136477,90510,126204,4089,5778,6,7,3094,2791,1691,6,4488
36,548,99,21,150845,209008,150828,208980,17,28,0,0,0,0,0,0,0
36,549,99,21,170081,242517,170076,242509,0,0,5,8,0,0,0,0,0
36,550,99,21,92262,129146,91850,128526,217,347,67,95,128,90,79,8,178
36,551,99,21,123474,176991,123418,176911,13,17,43,63,0,0,0,0,0
36,552,99,21,187698,267721,187176,266907,453,702,0,0,69,47,65,0,112
36,553,99,21,243528,358835,243187,358371,0,0,341,464,0,0,0,0,0
36,554,99,21,144431,203304,143838,202479,454,628,46,73,93,64,58,1,124
37,532,4,12,12,9,12,9,0,0,0,0,0,0,0,0,0
37,533,4,12,5,3,5,3,0,0,0,0,0,0,0,0,0
37,534,4,12,2,1,2,1,0,0,0,0,0,0,0,0,0
37,535,4,12,25,18,25,18,0,0,0,0,0,0,0,0,0
36,537,4,12,4,3,4,3,0,0,0,0,0,0,0,0,0
37,538,4,12,1,1,1,1,0,0,0,0,0,0,0,0,0
37,539,4,12,7,6,7,6,0,0,0,0,0,0,0,0,0
37,540,4,12,1,1,1,1,0,0,0,0,0,0,0,0,0
37,541,4,12,7,5,7,5,0,0,0,0,0,0,0,0,0
36,542,4,12,44,32,44,32,0,0,0,0,0,0,0,0,0
36,543,4,12,3,2,3,2,0,0,0,0,0,0,0,0,0
36,544,4,12,21,15,21,15,0,0,0,0,0,0,0,0,0
36,545,4,12,145,106,145,106,0,0,0,0,0,0,0,0,0
36,546,4,12,96,69,96,69,0,0,0,0,0,0,0,0,0
36,547,4,12,4,3,4,3,0,0,0,0,0,0,0,0,0
36,548,4,12,11,8,11,8,0,0,0,0,0,0,0,0,0
36,549,4,12,13,10,13,10,0,0,0,0,0,0,0,0,0
36,550,4,12,104,77,104,77,0,0,0,0,0,0,0,0,0
36,551,4,12,1,1,1,1,0,0,0,0,0,0,0,0,0
36,552,4,12,3,2,3,2,0,0,0,0,0,0,0,0,0
36,553,4,12,80,57,80,57,0,0,0,0,0,0,0,0,0
36,554,4,12,2,2,2,2,0,0,0,0,0,0,0,0,0
37,532,1,12,20153,14918,20035,14828,106,80,8,7,4,1,2,0,3
37,533,1,12,17068,12321,17061,12315,5,4,0,0,2,2,0,0,2
37,534,1,12,24933,17882,24872,17836,56,43,0,0,5,1,2,0,3
37,535,1,12,29765,21406,29765,21406,0,0,0,0,0,0,0,0,0
36,537,1,12,15700,11485,15694,11480,6,6,0,0,0,0,0,0,0
37,538,1,12,36601,26911,36601,26911,0,0,0,0,0,0,0,0,0
37,539,1,12,22607,16367,22607,16367,0,0,0,0,0,0,0,0,0
37,540,1,12,19501,14029,19383,13946,89,63,0,0,29,4,16,0,20
37,541,1,12,10427,7394,10337,7329,86,62,0,0,4,3,1,0,3
36,542,1,12,4918,3485,4918,3485,0,0,0,0,0,0,0,0,0
36,543,1,12,4555,3232,4488,3187,20,12,0,0,47,20,14,0,33
36,544,1,12,2486,1767,2418,1715,0,0,0,0,68,37,11,3,51
36,545,1,12,7709,5298,7638,5245,69,52,0,0,2,1,0,0,1
36,546,1,12,9241,6521,9168,6476,10,8,0,0,63,26,12,0,38
36,547,1,12,10098,7219,9451,6723,516,401,0,0,131,61,34,0,95
36,548,1,12,11833,8364,11833,8364,0,0,0,0,0,0,0,0,0
36,549,1,12,17155,12552,17155,12552,0,0,0,0,0,0,0,0,0
36,550,1,12,21085,15125,21065,15111,8,5,8,5,4,2,0,2,4
36,551,1,12,13934,9722,13934,9722,0,0,0,0,0,0,0,0,0
36,552,1,12,24489,17972,24453,17948,36,24,0,0,0,0,0,0,0
36,553,1,12,20868,15585,20868,15585,0,0,0,0,0,0,0,0,0
36,554,1,12,24132,17015,24104,16991,10,10,5,3,13,6,5,0,11
37,532,3,12,72023,53527,71995,53506,6,4,0,0,22,8,9,0,18
37,533,3,12,100012,73369,99991,73355,4,3,0,0,17,8,3,0,12
37,534,3,12,141990,103955,141814,103823,141,105,5,5,30,11,12,0,22
37,535,3,12,135166,98632,135166,98632,0,0,0,0,0,0,0,0,0
36,537,3,12,67843,49989,67843,49989,0,0,0,0,0,0,0,0,0
37,538,3,12,182361,135716,182353,135709,3,2,0,0,5,4,1,0,5
37,539,3,12,141523,104638,141463,104591,4,3,6,4,50,25,15,0,40
37,540,3,12,114852,84366,114189,83887,576,415,0,0,87,26,38,0,64
37,541,3,12,68872,50509,68205,50006,637,481,0,0,30,6,15,1,22
36,542,3,12,103322,73699,103145,73574,28,18,0,0,149,57,49,0,106
36,543,3,12,85621,61482,83406,59862,914,620,0,0,1301,535,462,4,1001
36,544,3,12,78967,55448,76458,53670,164,105,195,136,2150,1020,363,153,1537
36,545,3,12,124563,89313,124001,88905,265,181,0,0,297,134,92,0,227
36,546,3,12,115321,83353,114850,83014,66,53,0,0,405,157,129,0,286
36,547,3,12,125883,92052,120202,87769,4140,3080,32,20,1509,683,501,0,1184
36,548,3,12,192300,139401,192296,139397,4,4,0,0,0,0,0,0,0
36,549,3,12,143493,105187,143493,105187,0,0,0,0,0,0,0,0,0
36,550,3,12,83045,60790,82751,60565,166,124,42,31,86,26,41,2,69
36,551,3,12,101477,73988,101451,73968,0,0,26,20,0,0,0,0,0
36,552,3,12,131200,98126,130887,97903,292,209,0,0,21,4,10,0,14
36,553,3,12,122632,92710,122366,92474,0,0,266,236,0,0,0,0,0
36,554,3,12,147706,106925,147479,106752,193,146,0,0,34,14,13,0,27
37,532,2,12,22965,17300,22894,17246,71,54,0,0,0,0,0,0,0
37,533,2,12,13195,9767,13195,9767,0,0,0,0,0,0,0,0,0
37,534,2,12,5744,4193,5744,4193,0,0,0,0,0,0,0,0,0
37,535,2,12,10803,7950,10803,7950,0,0,0,0,0,0,0,0,0
36,537,2,12,9061,6712,9061,6712,0,0,0,0,0,0,0,0,0
37,538,2,12,25444,18841,25444,18841,0,0,0,0,0,0,0,0,0
37,539,2,12,24934,18315,24921,18305,0,0,4,3,9,3,3,0,6
37,540,2,12,29754,21999,29644,21922,83,62,0,0,27,10,5,0,15
37,541,2,12,41686,30697,41500,30546,172,140,0,0,14,5,6,0,10
36,542,2,12,10287,7526,10267,7513,0,0,20,13,0,0,0,0,0
36,543,2,12,10397,7579,10345,7536,30,24,0,0,22,10,10,0,19
36,544,2,12,24516,18132,24376,18030,8,4,5,4,127,66,21,7,94
36,545,2,12,8431,6303,8431,6303,0,0,0,0,0,0,0,0,0
36,546,2,12,4933,3626,4926,3621,0,0,0,0,7,3,2,0,5
36,547,2,12,3163,2316,3131,2295,32,21,0,0,0,0,0,0,0
36,548,2,12,6342,4639,6342,4639,0,0,0,0,0,0,0,0,0
36,549,2,12,3597,2622,3597,2622,0,0,0,0,0,0,0,0,0
36,550,2,12,5970,4296,5967,4295,0,0,0,0,3,1,0,1,2
36,551,2,12,3000,2097,3000,2097,0,0,0,0,0,0,0,0,0
36,552,2,12,3460,2576,3460,2576,0,0,0,0,0,0,0,0,0
36,553,2,12,6801,5173,6801,5173,0,0,0,0,0,0,0,0,0
36,554,2,12,4960,3521,4953,3517,7,4,0,0,0,0,0,0,0
37,532,99,12,115153,85754,114936,85589,183,138,8,7,26,10,11,0,21
37,533,99,12,130280,95460,130252,95440,9,7,0,0,19,10,4,0,14
37,534,99,12,172669,126030,172432,125853,197,147,5,5,35,12,14,0,26
37,535,99,12,175759,128007,175759,128007,0,0,0,0,0,0,0,0,0
36,537,99,12,92608,68189,92602,68183,6,6,0,0,0,0,0,0,0
37,538,99,12,244407,181468,244399,181461,3,2,0,0,5,4,1,0,5
37,539,99,12,189071,139326,188998,139269,4,3,10,7,59,28,18,0,47
37,540,99,12,164108,120394,163217,119755,748,540,0,0,143,40,59,0,99
37,541,99,12,120992,88605,120049,87886,895,683,0,0,48,13,22,1,36
36,542,99,12,118571,84742,118374,84604,28,18,20,13,149,57,49,0,106
36,543,99,12,100576,72296,98242,70587,964,655,0,0,1370,564,485,4,1053
36,544,99,12,105990,75362,103273,73430,172,110,200,140,2345,1123,396,163,1682
36,545,99,12,140848,101019,140215,100558,334,233,0,0,299,135,93,0,228
36,546,99,12,129591,93569,129040,93179,76,61,0,0,475,186,143,0,329
36,547,99,12,139148,101590,132788,96789,4688,3502,32,20,1640,744,535,0,1279
36,548,99,12,210486,152412,210482,152408,4,4,0,0,0,0,0,0,0
36,549,99,12,164258,120371,164258,120371,0,0,0,0,0,0,0,0,0
36,550,99,12,110204,80288,109887,80048,174,129,50,37,93,28,41,6,75
36,551,99,12,118412,85808,118386,85788,0,0,26,20,0,0,0,0,0
36,552,99,12,159152,118677,158803,118429,328,233,0,0,21,4,10,0,14
36,553,99,12,150381,113525,150115,113289,0,0,266,236,0,0,0,0,0
36,554,99,12,176800,127463,176538,127262,210,160,5,3,47,20,18,0,39
37,532,4,32,3,10,3,10,0,0,0,0,0,0,0,0,0
37,533,4,32,3,10,3,10,0,0,0,0,0,0,0,0,0
37,534,4,32,0,0,0,0,0,0,0,0,0,0,0,0,0
37,535,4,32,11,37,11,37,0,0,0,0,0,0,0,0,0
36,537,4,32,15,51,15,51,0,0,0,0,0,0,0,0,0
37,538,4,32,0,0,0,0,0,0,0,0,0,0,0,0,0
37,539,4,32,10,34,10,34,0,0,0,0,0,0,0,0,0
37,540,4,32,1,3,1,3,0,0,0,0,0,0,0,0,0
37,541,4,32,17,60,17,60,0,0,0,0,0,0,0,0,0
36,542,4,32,36,125,36,125,0,0,0,0,0,0,0,0,0
36,543,4,32,8,26,8,26,0,0,0,0,0,0,0,0,0
36,544,4,32,11,38,11,38,0,0,0,0,0,0,0,0,0
36,545,4,32,48,166,48,166,0,0,0,0,0,0,0,0,0
36,546,4,32,53,185,53,185,0,0,0,0,0,0,0,0,0
36,547,4,32,1,4,1,4,0,0,0,0,0,0,0,0,0
36,548,4,32,70,244,70,244,0,0,0,0,0,0,0,0,0
36,549,4,32,12,40,12,40,0,0,0,0,0,0,0,0,0
36,550,4,32,51,175,51,175,0,0,0,0,0,0,0,0,0
36,551,4,32,1,3,1,3,0,0,0,0,0,0,0,0,0
36,552,4,32,1,3,1,3,0,0,0,0,0,0,0,0,0
36,553,4,32,67,230,67,230,0,0,0,0,0,0,0,0,0
36,554,4,32,2,7,2,7,0,0,0,0,0,0,0,0,0
37,532,1,32,2165,7452,2122,7308,25,86,9,29,9,17,12,0,29
37,533,1,32,364,1231,364,1231,0,0,0,0,0,0,0,0,0
37,534,1,32,640,2183,640,2183,0,0,0,0,0,0,0,0,0
37,535,1,32,772,2623,772,2623,0,0,0,0,0,0,0,0,0
36,537,1,32,903,3069,903,3069,0,0,0,0,0,0,0,0,0
37,538,1,32,1995,6818,1995,6818,0,0,0,0,0,0,0,0,0
37,539,1,32,847,2895,847,2895,0,0,0,0,0,0,0,0,0
37,540,1,32,762,2631,762,2631,0,0,0,0,0,0,0,0,0
37,541,1,32,374,1281,368,1259,1,5,0,0,5,7,7,3,18
36,542,1,32,31,104,31,104,0,0,0,0,0,0,0,0,0
36,543,1,32,130,456,130,456,0,0,0,0,0,0,0,0,0
36,544,1,32,51,172,51,172,0,0,0,0,0,0,0,0,0
36,545,1,32,188,644,188,644,0,0,0,0,0,0,0,0,0
36,546,1,32,258,884,258,884,0,0,0,0,0,0,0,0,0
36,547,1,32,277,955,233,808,27,90,0,0,17,46,11,0,57
36,548,1,32,369,1254,369,1254,0,0,0,0,0,0,0,0,0
36,549,1,32,949,3262,949,3262,0,0,0,0,0,0,0,0,0
36,550,1,32,468,1608,466,1601,0,0,0,0,2,4,3,0,7
36,551,1,32,227,760,227,760,0,0,0,0,0,0,0,0,0
36,552,1,32,1843,6295,1839,6278,4,17,0,0,0,0,0,0,0
36,553,1,32,1417,4809,1417,4809,0,0,0,0,0,0,0,0,0
36,554,1,32,405,1371,405,1371,0,0,0,0,0,0,0,0,0
37,532,3,32,12509,43031,12468,42891,0,0,0,0,41,96,44,0,140
37,533,3,32,7170,24558,7170,24558,0,0,0,0,0,0,0,0,0
37,534,3,32,12715,43588,12684,43482,0,0,0,0,31,77,29,0,106
37,535,3,32,12057,41421,12057,41421,0,0,0,0,0,0,0,0,0
36,537,3,32,9231,31738,9217,31687,14,51,0,0,0,0,0,0,0
37,538,3,32,26664,91602,26664,91602,0,0,0,0,0,0,0,0,0
37,539,3,32,22037,75742,22037,75742,0,0,0,0,0,0,0,0,0
37,540,3,32,11805,40557,11790,40501,15,56,0,0,0,0,0,0,0
37,541,3,32,8518,29324,8191,28183,115,403,0,0,212,417,300,20,737
36,542,3,32,4915,16889,4877,16760,0,0,0,0,38,95,34,0,129
36,543,3,32,6486,22505,6035,20849,15,51,0,0,436,1116,489,0,1605
36,544,3,32,3103,10550,2961,10073,0,0,3,12,139,385,61,19,465
36,545,3,32,7225,24781,7168,24596,20,62,0,0,37,79,45,0,123
36,546,3,32,9541,32896,9527,32849,4,13,0,0,10,19,0,16,35
36,547,3,32,12420,42669,11043,37891,391,1367,0,0,986,2114,1297,0,3410
36,548,3,32,14884,51040,14879,51021,0,0,0,0,5,14,5,0,19
36,549,3,32,24242,83503,24242,83503,0,0,0,0,0,0,0,0,0
36,550,3,32,10359,35599,10288,35364,36,120,0,0,35,63,40,13,115
36,551,3,32,14352,49117,14352,49117,0,0,0,0,0,0,0,0,0
36,552,3,32,30626,105521,30595,105415,18,59,0,0,13,25,22,0,46
36,553,3,32,35876,123279,35876,123279,0,0,0,0,0,0,0,0,0
36,554,3,32,11844,40634,11798,40481,19,57,6,18,21,45,33,0,78
37,532,2,32,6496,22278,6360,21800,136,478,0,0,0,0,0,0,0
37,533,2,32,250,842,250,842,0,0,0,0,0,0,0,0,0
37,534,2,32,230,800,230,800,0,0,0,0,0,0,0,0,0
37,535,2,32,667,2285,667,2285,0,0,0,0,0,0,0,0,0
36,537,2,32,659,2256,644,2203,0,0,15,53,0,0,0,0,0
37,538,2,32,2007,6866,2007,6866,0,0,0,0,0,0,0,0,0
37,539,2,32,1638,5605,1638,5605,0,0,0,0,0,0,0,0,0
37,540,2,32,1790,6140,1790,6140,0,0,0,0,0,0,0,0,0
37,541,2,32,4913,16844,4767,16343,2,6,0,0,144,293,164,38,495
36,542,2,32,344,1169,344,1169,0,0,0,0,0,0,0,0,0
36,543,2,32,907,3106,899,3079,0,0,0,0,8,23,5,0,27
36,544,2,32,6314,21787,6268,21635,0,0,0,0,46,113,39,0,152
36,545,2,32,2999,10349,2999,10349,0,0,0,0,0,0,0,0,0
36,546,2,32,654,2250,654,2250,0,0,0,0,0,0,0,0,0
36,547,2,32,150,514,149,510,1,3,0,0,0,0,0,0,0
36,548,2,32,313,1071,313,1071,0,0,0,0,0,0,0,0,0
36,549,2,32,209,716,209,716,0,0,0,0,0,0,0,0,0
36,550,2,32,118,404,118,404,0,0,0,0,0,0,0,0,0
36,551,2,32,87,296,87,296,0,0,0,0,0,0,0,0,0
36,552,2,32,456,1558,456,1558,0,0,0,0,0,0,0,0,0
36,553,2,32,885,3034,885,3034,0,0,0,0,0,0,0,0,0
36,554,2,32,125,425,125,425,0,0,0,0,0,0,0,0,0
37,532,99,32,21173,72771,20953,72010,161,564,9,29,50,113,55,0,169
37,533,99,32,7787,26641,7787,26641,0,0,0,0,0,0,0,0,0
37,534,99,32,13585,46571,13554,46465,0,0,0,0,31,77,29,0,106
37,535,99,32,13507,46366,13507,46366,0,0,0,0,0,0,0,0,0
36,537,99,32,10808,37114,10779,37010,14,51,15,53,0,0,0,0,0
37,538,99,32,30666,105287,30666,105287,0,0,0,0,0,0,0,0,0
37,539,99,32,24532,84276,24532,84276,0,0,0,0,0,0,0,0,0
37,540,99,32,14358,49332,14343,49276,15,56,0,0,0,0,0,0,0
37,541,99,32,13822,47509,13343,45845,118,414,0,0,361,717,472,61,1250
36,542,99,32,5326,18288,5288,18158,0,0,0,0,38,95,34,0,129
36,543,99,32,7531,26094,7072,24409,15,51,0,0,444,1139,494,0,1633
36,544,99,32,9479,32548,9291,31918,0,0,3,12,185,498,100,19,618
36,545,99,32,10460,35939,10403,35754,20,62,0,0,37,79,45,0,123
36,546,99,32,10506,36215,10492,36167,4,13,0,0,10,19,0,16,35
36,547,99,32,12848,44141,11426,39214,419,1460,0,0,1003,2160,1308,0,3467
36,548,99,32,15636,53609,15631,53590,0,0,0,0,5,14,5,0,19
36,549,99,32,25412,87521,25412,87521,0,0,0,0,0,0,0,0,0
36,550,99,32,10996,37786,10923,37544,36,120,0,0,37,66,43,13,122
36,551,99,32,14667,50176,14667,50176,0,0,0,0,0,0,0,0,0
36,552,99,32,32926,113377,32891,113254,22,76,0,0,13,25,22,0,46
36,553,99,32,38245,131352,38245,131352,0,0,0,0,0,0,0,0,0
36,554,99,32,12376,42437,12330,42283,19,57,6,18,21,45,33,0,78
37,532,4,31,6,15,6,15,0,0,0,0,0,0,0,0,0
37,533,4,31,10,24,10,24,0,0,0,0,0,0,0,0,0
37,534,4,31,4,10,4,10,0,0,0,0,0,0,0,0,0
37,535,4,31,21,47,21,47,0,0,0,0,0,0,0,0,0
36,537,4,31,37,94,37,94,0,0,0,0,0,0,0,0,0
37,538,4,31,2,5,2,5,0,0,0,0,0,0,0,0,0
37,539,4,31,11,27,11,27,0,0,0,0,0,0,0,0,0
37,540,4,31,0,0,0,0,0,0,0,0,0,0,0,0,0
37,541,4,31,36,91,36,91,0,0,0,0,0,0,0,0,0
36,542,4,31,84,204,84,204,0,0,0,0,0,0,0,0,0
36,543,4,31,12,28,12,28,0,0,0,0,0,0,0,0,0
36,544,4,31,20,48,20,48,0,0,0,0,0,0,0,0,0
36,545,4,31,71,173,71,173,0,0,0,0,0,0,0,0,0
36,546,4,31,88,219,88,219,0,0,0,0,0,0,0,0,0
36,547,4,31,1,2,1,2,0,0,0,0,0,0,0,0,0
36,548,4,31,92,225,92,225,0,0,0,0,0,0,0,0,0
36,549,4,31,21,51,21,51,0,0,0,0,0,0,0,0,0
36,550,4,31,72,183,72,183,0,0,0,0,0,0,0,0,0
36,551,4,31,2,5,2,5,0,0,0,0,0,0,0,0,0
36,552,4,31,4,10,4,10,0,0,0,0,0,0,0,0,0
36,553,4,31,66,167,66,167,0,0,0,0,0,0,0,0,0
36,554,4,31,3,7,3,7,0,0,0,0,0,0,0,0,0
37,532,1,31,8827,19880,8655,19496,167,372,0,0,5,9,3,0,12
37,533,1,31,1728,3990,1728,3990,0,0,0,0,0,0,0,0,0
37,534,1,31,2567,5999,2567,5999,0,0,0,0,0,0,0,0,0
37,535,1,31,3507,8189,3507,8189,0,0,0,0,0,0,0,0,0
36,537,1,31,3198,7475,3198,7475,0,0,0,0,0,0,0,0,0
37,538,1,31,7998,18846,7998,18846,0,0,0,0,0,0,0,0,0
37,539,1,31,3313,7819,3306,7800,0,0,7,19,0,0,0,0,0
37,540,1,31,2713,6466,2713,6466,0,0,0,0,0,0,0,0,0
37,541,1,31,1607,3701,1572,3623,12,26,0,0,23,30,21,1,52
36,542,1,31,148,350,148,350,0,0,0,0,0,0,0,0,0
36,543,1,31,426,988,419,972,0,0,0,0,7,12,4,0,16
36,544,1,31,216,486,215,484,0,0,0,0,1,2,0,0,2
36,545,1,31,568,1359,561,1341,0,0,0,0,7,13,6,0,18
36,546,1,31,975,2267,975,2267,0,0,0,0,0,0,0,0,0
36,547,1,31,956,2269,895,2132,39,87,0,0,22,26,23,0,50
36,548,1,31,1120,2658,1120,2658,0,0,0,0,0,0,0,0,0
36,549,1,31,5007,11233,5007,11233,0,0,0,0,0,0,0,0,0
36,550,1,31,2190,4996,2180,4975,0,0,6,13,4,5,3,0,8
36,551,1,31,2036,4499,2031,4486,0,0,5,12,0,0,0,0,0
36,552,1,31,6147,14372,6143,14362,4,10,0,0,0,0,0,0,0
36,553,1,31,10414,23206,10414,23206,0,0,0,0,0,0,0,0,0
36,554,1,31,2485,5646,2465,5602,5,11,15,33,0,0,0,0,0
37,532,3,31,39249,90886,39170,90703,13,26,3,6,63,99,52,0,151
37,533,3,31,23255,54826,23255,54826,0,0,0,0,0,0,0,0,0
37,534,3,31,38276,91220,38083,90740,18,48,0,0,175,226,207,0,433
37,535,3,31,33905,80468,33902,80461,0,0,3,7,0,0,0,0,0
36,537,3,31,24844,58940,24829,58897,15,43,0,0,0,0,0,0,0
37,538,3,31,77598,185319,77598,185319,0,0,0,0,0,0,0,0,0
37,539,3,31,57527,137211,57479,137098,6,16,12,24,30,51,23,0,73
37,540,3,31,34115,81362,34054,81225,53,120,0,0,8,9,8,0,17
37,541,3,31,23470,55827,22833,54256,289,691,10,21,338,476,375,9,859
36,542,3,31,14935,35750,14869,35594,0,0,0,0,66,115,41,0,156
36,543,3,31,15783,37896,15131,36310,65,153,0,0,587,952,469,12,1433
36,544,3,31,9680,22607,9296,21707,0,0,0,0,384,729,111,61,900
36,545,3,31,19685,46786,19549,46471,24,55,0,0,112,171,88,0,259
36,546,3,31,24435,58214,24388,58110,11,25,30,64,6,10,0,5,15
36,547,3,31,29567,71025,26205,62983,1201,2873,8,18,2153,3167,1985,0,5152
36,548,3,31,40157,96105,40155,96099,2,6,0,0,0,0,0,0,0
36,549,3,31,62026,146621,62026,146621,0,0,0,0,0,0,0,0,0
36,550,3,31,26589,62871,26417,62477,102,238,24,50,46,56,50,0,106
36,551,3,31,45056,106058,45047,106041,0,0,9,17,0,0,0,0,0
36,552,3,31,72022,172226,71805,171674,183,466,0,0,34,44,42,0,87
36,553,3,31,120864,280184,120848,280148,0,0,16,36,0,0,0,0,0
36,554,3,31,39371,92660,39277,92436,56,132,8,17,30,28,45,2,74
37,532,2,31,21510,49174,21216,48465,282,678,4,11,8,14,8,0,21
37,533,2,31,1741,3935,1741,3935,0,0,0,0,0,0,0,0,0
37,534,2,31,958,2225,958,2225,0,0,0,0,0,0,0,0,0
37,535,2,31,2399,5555,2399,5555,0,0,0,0,0,0,0,0,0
36,537,2,31,2635,6075,2631,6065,0,0,4,10,0,0,0,0,0
37,538,2,31,7937,18626,7937,18626,0,0,0,0,0,0,0,0,0
37,539,2,31,5981,14088,5976,14078,0,0,5,10,0,0,0,0,0
37,540,2,31,6202,14709,6202,14709,0,0,0,0,0,0,0,0,0
37,541,2,31,15500,36143,15351,35805,24,50,0,0,125,163,112,13,288
36,542,2,31,1358,3164,1355,3157,0,0,3,7,0,0,0,0,0
36,543,2,31,2401,5686,2395,5672,3,7,0,0,3,3,4,0,7
36,544,2,31,12921,31203,12865,31063,0,0,0,0,56,110,24,7,140
36,545,2,31,6323,15032,6323,15032,0,0,0,0,0,0,0,0,0
36,546,2,31,1852,4399,1852,4399,0,0,0,0,0,0,0,0,0
36,547,2,31,498,1213,491,1193,0,0,0,0,7,12,8,0,20
36,548,2,31,1314,3037,1314,3037,0,0,0,0,0,0,0,0,0
36,549,2,31,926,2088,926,2088,0,0,0,0,0,0,0,0,0
36,550,2,31,603,1362,603,1362,0,0,0,0,0,0,0,0,0
36,551,2,31,529,1186,529,1186,0,0,0,0,0,0,0,0,0
36,552,2,31,1320,3071,1315,3059,3,8,0,0,2,2,1,0,3
36,553,2,31,5605,12508,5605,12508,0,0,0,0,0,0,0,0,0
36,554,2,31,746,1724,745,1721,0,0,0,0,1,2,1,0,3
37,532,99,31,69592,159956,69047,158679,462,1076,7,17,76,122,62,0,184
37,533,99,31,26734,62775,26734,62775,0,0,0,0,0,0,0,0,0
37,534,99,31,41805,99454,41612,98974,18,48,0,0,175,226,207,0,433
37,535,99,31,39832,94259,39829,94253,0,0,3,7,0,0,0,0,0
36,537,99,31,30714,72584,30695,72531,15,43,4,10,0,0,0,0,0
37,538,99,31,93535,222795,93535,222795,0,0,0,0,0,0,0,0,0
37,539,99,31,66832,159146,66772,159004,6,16,24,53,30,51,23,0,73
37,540,99,31,43030,102538,42969,102400,53,120,0,0,8,9,8,0,17
37,541,99,31,40613,95762,39792,93775,325,767,10,21,486,669,507,23,1199
36,542,99,31,16525,39469,16456,39306,0,0,3,7,66,115,41,0,156
36,543,99,31,18622,44598,17957,42982,68,160,0,0,597,967,476,12,1456
36,544,99,31,22837,54345,22396,53302,0,0,0,0,441,841,134,68,1043
36,545,99,31,26647,63350,26504,63017,24,55,0,0,119,183,94,0,277
36,546,99,31,27350,65100,27303,64996,11,25,30,64,6,10,0,5,15
36,547,99,31,31022,74510,27592,66311,1240,2960,8,18,2182,3205,2017,0,5222
36,548,99,31,42683,102024,42681,102018,2,6,0,0,0,0,0,0,0
36,549,99,31,67980,159993,67980,159993,0,0,0,0,0,0,0,0,0
36,550,99,31,29454,69413,29272,68998,102,238,30,63,50,61,53,0,114
36,551,99,31,47623,111748,47609,111719,0,0,14,30,0,0,0,0,0
36,552,99,31,79493,189678,79267,189105,190,483,0,0,36,46,44,0,90
36,553,99,31,136949,316065,136933,316029,0,0,16,36,0,0,0,0,0
36,554,99,31,42605,100037,42490,99766,61,143,23,51,31,30,46,2,78
37,532,4,42,3,19,3,19,0,0,0,0,0,0,0,0,0
37,533,4,42,11,73,11,73,0,0,0,0,0,0,0,0,0
37,534,4,42,3,19,3,19,0,0,0,0,0,0,0,0,0
37,535,4,42,12,70,12,70,0,0,0,0,0,0,0,0,0
36,537,4,42,13,77,13,77,0,0,0,0,0,0,0,0,0
37,538,4,42,3,19,3,19,0,0,0,0,0,0,0,0,0
37,539,4,42,10,64,10,64,0,0,0,0,0,0,0,0,0
37,540,4,42,1,5,1,5,0,0,0,0,0,0,0,0,0
37,541,4,42,20,128,20,128,0,0,0,0,0,0,0,0,0
36,542,4,42,35,210,35,210,0,0,0,0,0,0,0,0,0
36,543,4,42,15,91,15,91,0,0,0,0,0,0,0,0,0
36,544,4,42,15,93,15,93,0,0,0,0,0,0,0,0,0
36,545,4,42,36,229,36,229,0,0,0,0,0,0,0,0,0
36,546,4,42,77,469,77,469,0,0,0,0,0,0,0,0,0
36,547,4,42,3,19,3,19,0,0,0,0,0,0,0,0,0
36,548,4,42,98,603,98,603,0,0,0,0,0,0,0,0,0
36,549,4,42,25,150,25,150,0,0,0,0,0,0,0,0,0
36,550,4,42,46,275,46,275,0,0,0,0,0,0,0,0,0
36,551,4,42,0,0,0,0,0,0,0,0,0,0,0,0,0
36,552,4,42,8,50,8,50,0,0,0,0,0,0,0,0,0
36,553,4,42,99,608,99,608,0,0,0,0,0,0,0,0,0
36,554,4,42,2,14,2,14,0,0,0,0,0,0,0,0,0
37,532,1,42,882,5291,882,5291,0,0,0,0,0,0,0,0,0
37,533,1,42,70,417,70,417,0,0,0,0,0,0,0,0,0
37,534,1,42,201,1184,201,1184,0,0,0,0,0,0,0,0,0
37,535,1,42,239,1420,239,1420,0,0,0,0,0,0,0,0,0
36,537,1,42,252,1507,252,1507,0,0,0,0,0,0,0,0,0
37,538,1,42,648,3834,648,3834,0,0,0,0,0,0,0,0,0
37,539,1,42,256,1532,256,1532,0,0,0,0,0,0,0,0,0
37,540,1,42,339,2032,339,2032,0,0,0,0,0,0,0,0,0
37,541,1,42,142,829,139,811,0,0,0,0,3,6,7,5,18
36,542,1,42,8,49,8,49,0,0,0,0,0,0,0,0,0
36,543,1,42,38,229,30,184,0,0,0,0,8,33,11,0,45
36,544,1,42,35,195,34,190,0,0,0,0,1,4,1,0,5
36,545,1,42,50,293,49,287,1,6,0,0,0,0,0,0,0
36,546,1,42,111,637,111,637,0,0,0,0,0,0,0,0,0
36,547,1,42,105,634,85,509,10,64,0,0,10,22,40,0,62
36,548,1,42,99,583,99,583,0,0,0,0,0,0,0,0,0
36,549,1,42,192,1117,192,1117,0,0,0,0,0,0,0,0,0
36,550,1,42,124,741,124,741,0,0,0,0,0,0,0,0,0
36,551,1,42,63,365,63,365,0,0,0,0,0,0,0,0,0
36,552,1,42,903,5278,903,5278,0,0,0,0,0,0,0,0,0
36,553,1,42,456,2681,449,2641,0,0,7,40,0,0,0,0,0
36,554,1,42,102,615,102,615,0,0,0,0,0,0,0,0,0
37,532,3,42,6273,37611,6273,37611,0,0,0,0,0,0,0,0,0
37,533,3,42,2390,14233,2390,14233,0,0,0,0,0,0,0,0,0
37,534,3,42,5119,30571,5113,30530,0,0,0,0,6,30,11,0,41
37,535,3,42,5856,35164,5856,35164,0,0,0,0,0,0,0,0,0
36,537,3,42,4452,26811,4452,26811,0,0,0,0,0,0,0,0,0
37,538,3,42,12803,76975,12795,76933,8,42,0,0,0,0,0,0,0
37,539,3,42,10088,60275,10085,60260,0,0,0,0,3,12,3,0,15
37,540,3,42,5223,31330,5207,31240,4,19,0,0,12,62,9,0,71
37,541,3,42,4043,24180,3803,22704,22,152,0,0,218,822,427,76,1325
36,542,3,42,1756,10395,1697,10044,0,0,0,0,59,257,95,0,352
36,543,3,42,2491,14850,2337,13944,2,17,0,0,152,649,240,0,889
36,544,3,42,1318,7800,1256,7403,0,0,0,0,62,373,5,19,397
36,545,3,42,2629,15589,2608,15454,9,60,0,0,12,57,19,0,75
36,546,3,42,4142,24754,4136,24724,0,0,0,0,6,14,17,0,30
36,547,3,42,4955,29678,4273,25671,172,979,0,0,510,1796,1232,0,3028
36,548,3,42,5057,29709,4874,28578,0,0,0,0,183,891,240,0,1131
36,549,3,42,10562,63224,10562,63224,0,0,0,0,0,0,0,0,0
36,550,3,42,5364,32207,5323,31959,5,34,0,0,36,132,56,26,214
36,551,3,42,5102,30181,5102,30181,0,0,0,0,0,0,0,0,0
36,552,3,42,18686,112269,18586,111620,4,23,0,0,96,299,326,0,626
36,553,3,42,18870,112921,18870,112921,0,0,0,0,0,0,0,0,0
36,554,3,42,4514,26965,4496,26861,10,56,0,0,8,22,26,0,48
37,532,2,42,2372,14197,2340,13993,32,204,0,0,0,0,0,0,0
37,533,2,42,44,261,44,261,0,0,0,0,0,0,0,0,0
37,534,2,42,74,432,74,432,0,0,0,0,0,0,0,0,0
37,535,2,42,258,1531,258,1531,0,0,0,0,0,0,0,0,0
36,537,2,42,196,1162,196,1162,0,0,0,0,0,0,0,0,0
37,538,2,42,647,3879,647,3879,0,0,0,0,0,0,0,0,0
37,539,2,42,561,3326,556,3297,0,0,0,0,5,28,1,0,29
37,540,2,42,689,4153,689,4153,0,0,0,0,0,0,0,0,0
37,541,2,42,1676,9964,1642,9764,0,0,0,0,34,116,68,17,200
36,542,2,42,119,699,119,699,0,0,0,0,0,0,0,0,0
36,543,2,42,314,1877,312,1866,0,0,0,0,2,5,5,0,11
36,544,2,42,3638,21890,3612,21753,0,0,0,0,26,104,34,0,138
36,545,2,42,1885,11338,1885,11338,0,0,0,0,0,0,0,0,0
36,546,2,42,334,1992,334,1992,0,0,0,0,0,0,0,0,0
36,547,2,42,39,238,39,238,0,0,0,0,0,0,0,0,0
36,548,2,42,73,426,72,420,0,0,0,0,1,5,1,0,7
36,549,2,42,48,276,48,276,0,0,0,0,0,0,0,0,0
36,550,2,42,28,166,28,166,0,0,0,0,0,0,0,0,0
36,551,2,42,22,128,22,128,0,0,0,0,0,0,0,0,0
36,552,2,42,192,1135,192,1135,0,0,0,0,0,0,0,0,0
36,553,2,42,302,1780,302,1780,0,0,0,0,0,0,0,0,0
36,554,2,42,29,166,29,166,0,0,0,0,0,0,0,0,0
37,532,99,42,9530,57118,9498,56914,32,204,0,0,0,0,0,0,0
37,533,99,42,2515,14984,2515,14984,0,0,0,0,0,0,0,0,0
37,534,99,42,5397,32207,5391,32166,0,0,0,0,6,30,11,0,41
37,535,99,42,6365,38185,6365,38185,0,0,0,0,0,0,0,0,0
36,537,99,42,4913,29558,4913,29558,0,0,0,0,0,0,0,0,0
37,538,99,42,14101,84707,14093,84666,8,42,0,0,0,0,0,0,0
37,539,99,42,10915,65198,10907,65153,0,0,0,0,8,40,4,0,45
37,540,99,42,6252,37520,6236,37430,4,19,0,0,12,62,9,0,71
37,541,99,42,5881,35101,5604,33406,22,152,0,0,255,944,502,97,1543
36,542,99,42,1918,11354,1859,11002,0,0,0,0,59,257,95,0,352
36,543,99,42,2858,17046,2694,16085,2,17,0,0,162,687,257,0,944
36,544,99,42,5006,29978,4917,29439,0,0,0,0,89,480,40,19,540
36,545,99,42,4600,27449,4578,27308,10,66,0,0,12,57,19,0,75
36,546,99,42,4664,27852,4658,27822,0,0,0,0,6,14,17,0,30
36,547,99,42,5102,30569,4400,26436,182,1043,0,0,520,1817,1273,0,3090
36,548,99,42,5327,31322,5143,30184,0,0,0,0,184,897,241,0,1138
36,549,99,42,10827,64768,10827,64768,0,0,0,0,0,0,0,0,0
36,550,99,42,5562,33390,5521,33142,5,34,0,0,36,132,56,26,214
36,551,99,42,5187,30674,5187,30674,0,0,0,0,0,0,0,0,0
36,552,99,42,19789,118732,19689,118083,4,23,0,0,96,299,326,0,626
36,553,99,42,19727,117990,19720,117951,0,0,7,40,0,0,0,0,0
36,554,99,42,4647,27759,4629,27655,10,56,0,0,8,22,26,0,48
37,532,4,41,2,9,2,9,0,0,0,0,0,0,0,0,0
37,533,4,41,2,8,2,8,0,0,0,0,0,0,0,0,0
37,534,4,41,3,14,3,14,0,0,0,0,0,0,0,0,0
37,535,4,41,10,44,10,44,0,0,0,0,0,0,0,0,0
36,537,4,41,15,67,15,67,0,0,0,0,0,0,0,0,0
37,538,4,41,0,0,0,0,0,0,0,0,0,0,0,0,0
37,539,4,41,4,17,4,17,0,0,0,0,0,0,0,0,0
37,540,4,41,0,0,0,0,0,0,0,0,0,0,0,0,0
37,541,4,41,7,32,7,32,0,0,0,0,0,0,0,0,0
36,542,4,41,37,165,37,165,0,0,0,0,0,0,0,0,0
36,543,4,41,7,32,7,32,0,0,0,0,0,0,0,0,0
36,544,4,41,17,75,17,75,0,0,0,0,0,0,0,0,0
36,545,4,41,37,163,37,163,0,0,0,0,0,0,0,0,0
36,546,4,41,53,237,53,237,0,0,0,0,0,0,0,0,0
36,547,4,41,0,0,0,0,0,0,0,0,0,0,0,0,0
36,548,4,41,81,364,81,364,0,0,0,0,0,0,0,0,0
36,549,4,41,12,54,12,54,0,0,0,0,0,0,0,0,0
36,550,4,41,26,113,26,113,0,0,0,0,0,0,0,0,0
36,551,4,41,1,4,1,4,0,0,0,0,0,0,0,0,0
36,552,4,41,6,26,6,26,0,0,0,0,0,0,0,0,0
36,553,4,41,59,269,59,269,0,0,0,0,0,0,0,0,0
36,554,4,41,1,5,1,5,0,0,0,0,0,0,0,0,0
37,532,1,41,1093,4811,1093,4811,0,0,0,0,0,0,0,0,0
37,533,1,41,130,573,130,573,0,0,0,0,0,0,0,0,0
37,534,1,41,306,1344,306,1344,0,0,0,0,0,0,0,0,0
37,535,1,41,318,1403,318,1403,0,0,0,0,0,0,0,0,0
36,537,1,41,345,1527,345,1527,0,0,0,0,0,0,0,0,0
37,538,1,41,1162,5158,1162,5158,0,0,0,0,0,0,0,0,0
37,539,1,41,393,1739,393,1739,0,0,0,0,0,0,0,0,0
37,540,1,41,575,2554,575,2554,0,0,0,0,0,0,0,0,0
37,541,1,41,259,1133,259,1133,0,0,0,0,0,0,0,0,0
36,542,1,41,17,75,15,67,0,0,0,0,2,5,3,0,8
36,543,1,41,73,320,73,320,0,0,0,0,0,0,0,0,0
36,544,1,41,36,159,36,159,0,0,0,0,0,0,0,0,0
36,545,1,41,101,450,101,450,0,0,0,0,0,0,0,0,0
36,546,1,41,100,443,100,443,0,0,0,0,0,0,0,0,0
36,547,1,41,180,796,171,759,1,4,0,0,8,16,16,0,32
36,548,1,41,220,967,220,967,0,0,0,0,0,0,0,0,0
36,549,1,41,338,1481,338,1481,0,0,0,0,0,0,0,0,0
36,550,1,41,229,999,229,999,0,0,0,0,0,0,0,0,0
36,551,1,41,74,328,74,328,0,0,0,0,0,0,0,0,0
36,552,1,41,1135,5063,1135,5063,0,0,0,0,0,0,0,0,0
36,553,1,41,585,2598,585,2598,0,0,0,0,0,0,0,0,0
36,554,1,41,131,578,131,578,0,0,0,0,0,0,0,0,0
37,532,3,41,6692,29659,6692,29659,0,0,0,0,0,0,0,0,0
37,533,3,41,2968,13100,2968,13100,0,0,0,0,0,0,0,0,0
37,534,3,41,6545,29009,6539,28985,0,0,0,0,6,18,7,0,24
37,535,3,41,6313,27952,6313,27952,0,0,0,0,0,0,0,0,0
36,537,3,41,4732,20941,4732,20941,0,0,0,0,0,0,0,0,0
37,538,3,41,14749,65567,14744,65548,0,0,0,0,5,14,0,5,19
37,539,3,41,11525,51062,11521,51045,0,0,0,0,4,12,4,0,16
37,540,3,41,6739,29915,6739,29915,0,0,0,0,0,0,0,0,0
37,541,3,41,5118,22606,4948,21854,26,113,0,0,144,405,216,18,639
36,542,3,41,2590,11459,2566,11352,0,0,0,0,24,79,28,0,107
36,543,3,41,3260,14454,2970,13180,0,0,0,0,290,918,356,0,1274
36,544,3,41,1502,6615,1473,6488,0,0,0,0,29,102,23,2,128
36,545,3,41,3504,15456,3476,15332,9,41,0,0,19,47,37,0,84
36,546,3,41,4710,20810,4684,20690,10,43,0,0,16,0,44,33,77
36,547,3,41,6321,27986,5378,23844,235,1036,0,0,708,1917,1189,0,3106
36,548,3,41,7419,32906,7375,32696,0,0,0,0,44,163,48,0,211
36,549,3,41,11581,51353,11581,51353,0,0,0,0,0,0,0,0,0
36,550,3,41,5665,25101,5605,24826,18,86,0,0,42,65,124,0,189
36,551,3,41,6462,28666,6462,28666,0,0,0,0,0,0,0,0,0
36,552,3,41,18829,83777,18778,83541,25,113,0,0,26,46,77,0,123
36,553,3,41,19378,85789,19378,85789,0,0,0,0,0,0,0,0,0
36,554,3,41,5318,23533,5318,23533,0,0,0,0,0,0,0,0,0
37,532,2,41,3925,16969,3869,16722,56,247,0,0,0,0,0,0,0
37,533,2,41,70,309,70,309,0,0,0,0,0,0,0,0,0
37,534,2,41,140,618,140,618,0,0,0,0,0,0,0,0,0
37,535,2,41,258,1152,258,1152,0,0,0,0,0,0,0,0,0
36,537,2,41,286,1265,286,1265,0,0,0,0,0,0,0,0,0
37,538,2,41,1055,4664,1055,4664,0,0,0,0,0,0,0,0,0
37,539,2,41,726,3214,726,3214,0,0,0,0,0,0,0,0,0
37,540,2,41,1152,5130,1152,5130,0,0,0,0,0,0,0,0,0
37,541,2,41,2565,11207,2519,11003,0,0,0,0,46,122,65,17,204
36,542,2,41,170,752,170,752,0,0,0,0,0,0,0,0,0
36,543,2,41,412,1806,409,1795,0,0,0,0,3,6,5,0,11
36,544,2,41,3508,15596,3489,15514,1,4,0,0,18,58,20,0,78
36,545,2,41,1851,8225,1851,8225,0,0,0,0,0,0,0,0,0
36,546,2,41,369,1641,367,1633,2,8,0,0,0,0,0,0,0
36,547,2,41,64,284,64,284,0,0,0,0,0,0,0,0,0
36,548,2,41,159,704,159,704,0,0,0,0,0,0,0,0,0
36,549,2,41,68,301,68,301,0,0,0,0,0,0,0,0,0
36,550,2,41,56,247,54,240,0,0,0,0,2,3,0,4,6
36,551,2,41,41,184,41,184,0,0,0,0,0,0,0,0,0
36,552,2,41,289,1278,289,1278,0,0,0,0,0,0,0,0,0
36,553,2,41,317,1389,317,1389,0,0,0,0,0,0,0,0,0
36,554,2,41,37,164,37,164,0,0,0,0,0,0,0,0,0
37,532,99,41,11712,51449,11656,51202,56,247,0,0,0,0,0,0,0
37,533,99,41,3170,13990,3170,13990,0,0,0,0,0,0,0,0,0
37,534,99,41,6994,30985,6988,30960,0,0,0,0,6,18,7,0,24
37,535,99,41,6899,30551,6899,30551,0,0,0,0,0,0,0,0,0
36,537,99,41,5378,23800,5378,23800,0,0,0,0,0,0,0,0,0
37,538,99,41,16966,75389,16961,75370,0,0,0,0,5,14,0,5,19
37,539,99,41,12648,56031,12644,56015,0,0,0,0,4,12,4,0,16
37,540,99,41,8466,37599,8466,37599,0,0,0,0,0,0,0,0,0
37,541,99,41,7949,34978,7733,34023,26,113,0,0,190,527,280,36,843
36,542,99,41,2814,12451,2788,12336,0,0,0,0,26,84,31,0,115
36,543,99,41,3752,16613,3459,15327,0,0,0,0,293,924,361,0,1285
36,544,99,41,5063,22446,5015,22236,1,4,0,0,47,161,43,2,206
36,545,99,41,5493,24295,5465,24170,9,41,0,0,19,47,37,0,84
36,546,99,41,5232,23131,5204,23003,12,51,0,0,16,0,44,33,77
36,547,99,41,6565,29066,5613,24887,236,1041,0,0,716,1933,1205,0,3138
36,548,99,41,7879,34941,7835,34730,0,0,0,0,44,163,48,0,211
36,549,99,41,11999,53189,11999,53189,0,0,0,0,0,0,0,0,0
36,550,99,41,5976,26460,5914,26178,18,86,0,0,44,68,124,4,195
36,551,99,41,6578,29182,6578,29182,0,0,0,0,0,0,0,0,0
36,552,99,41,20259,90144,20208,89908,25,113,0,0,26,46,77,0,123
36,553,99,41,20339,90044,20339,90044,0,0,0,0,0,0,0,0,0
36,554,99,41,5487,24280,5487,24280,0,0,0,0,0,0,0,0,0
37,532,4,51,4,52,4,52,0,0,0,0,0,0,0,0,0
37,533,4,51,6,78,6,78,0,0,0,0,0,0,0,0,0
37,534,4,51,2,24,2,24,0,0,0,0,0,0,0,0,0
37,535,4,51,24,365,24,365,0,0,0,0,0,0,0,0,0
36,537,4,51,29,390,29,390,0,0,0,0,0,0,0,0,0
37,538,4,51,3,51,3,51,0,0,0,0,0,0,0,0,0
37,539,4,51,13,200,13,200,0,0,0,0,0,0,0,0,0
37,540,4,51,0,0,0,0,0,0,0,0,0,0,0,0,0
37,541,4,51,16,211,16,211,0,0,0,0,0,0,0,0,0
36,542,4,51,47,657,47,657,0,0,0,0,0,0,0,0,0
36,543,4,51,20,283,20,283,0,0,0,0,0,0,0,0,0
36,544,4,51,12,184,12,184,0,0,0,0,0,0,0,0,0
36,545,4,51,43,603,43,603,0,0,0,0,0,0,0,0,0
36,546,4,51,59,784,59,784,0,0,0,0,0,0,0,0,0
36,547,4,51,3,39,3,39,0,0,0,0,0,0,0,0,0
36,548,4,51,98,1332,98,1332,0,0,0,0,0,0,0,0,0
36,549,4,51,18,248,18,248,0,0,0,0,0,0,0,0,0
36,550,4,51,70,1037,70,1037,0,0,0,0,0,0,0,0,0
36,551,4,51,1,18,1,18,0,0,0,0,0,0,0,0,0
36,552,4,51,8,117,8,117,0,0,0,0,0,0,0,0,0
36,553,4,51,75,1013,75,1013,0,0,0,0,0,0,0,0,0
36,554,4,51,11,150,11,150,0,0,0,0,0,0,0,0,0
37,532,1,51,149,1871,149,1871,0,0,0,0,0,0,0,0,0
37,533,1,51,11,153,11,153,0,0,0,0,0,0,0,0,0
37,534,1,51,21,269,21,269,0,0,0,0,0,0,0,0,0
37,535,1,51,35,466,35,466,0,0,0,0,0,0,0,0,0
36,537,1,51,28,347,28,347,0,0,0,0,0,0,0,0,0
37,538,1,51,96,1204,96,1204,0,0,0,0,0,0,0,0,0
37,539,1,51,31,368,31,368,0,0,0,0,0,0,0,0,0
37,540,1,51,61,770,61,770,0,0,0,0,0,0,0,0,0
37,541,1,51,22,269,22,269,0,0,0,0,0,0,0,0,0
36,542,1,51,0,0,0,0,0,0,0,0,0,0,0,0,0
36,543,1,51,5,54,5,54,0,0,0,0,0,0,0,0,0
36,544,1,51,7,81,7,81,0,0,0,0,0,0,0,0,0
36,545,1,51,14,173,14,173,0,0,0,0,0,0,0,0,0
36,546,1,51,17,214,17,214,0,0,0,0,0,0,0,0,0
36,547,1,51,22,315,15,210,7,106,0,0,0,0,0,0,0
36,548,1,51,32,438,32,438,0,0,0,0,0,0,0,0,0
36,549,1,51,37,441,37,441,0,0,0,0,0,0,0,0,0
36,550,1,51,32,440,32,440,0,0,0,0,0,0,0,0,0
36,551,1,51,21,253,21,253,0,0,0,0,0,0,0,0,0
36,552,1,51,51,636,51,636,0,0,0,0,0,0,0,0,0
36,553,1,51,55,763,55,763,0,0,0,0,0,0,0,0,0
36,554,1,51,17,244,17,244,0,0,0,0,0,0,0,0,0
37,532,3,51,1284,16562,1284,16562,0,0,0,0,0,0,0,0,0
37,533,3,51,364,4694,364,4694,0,0,0,0,0,0,0,0,0
37,534,3,51,900,11498,900,11498,0,0,0,0,0,0,0,0,0
37,535,3,51,1467,18877,1467,18877,0,0,0,0,0,0,0,0,0
36,537,3,51,1138,14870,1138,14870,0,0,0,0,0,0,0,0,0
37,538,3,51,3016,39558,3016,39558,0,0,0,0,0,0,0,0,0
37,539,3,51,1924,24188,1924,24188,0,0,0,0,0,0,0,0,0
37,540,3,51,1277,16713,1277,16713,0,0,0,0,0,0,0,0,0
37,541,3,51,757,9672,708,9055,13,171,0,0,36,286,112,47,446
36,542,3,51,279,3516,272,3435,0,0,0,0,7,63,18,0,81
36,543,3,51,432,5615,410,5329,0,0,0,0,22,233,53,0,286
36,544,3,51,238,3069,221,2889,0,0,0,0,17,162,7,12,181
36,545,3,51,404,5275,404,5275,0,0,0,0,0,0,0,0,0
36,546,3,51,636,7891,636,7891,0,0,0,0,0,0,0,0,0
36,547,3,51,580,7290,535,6699,10,138,0,0,35,236,217,0,453
36,548,3,51,364,4635,339,4323,0,0,0,0,25,204,108,0,312
36,549,3,51,1846,23281,1846,23281,0,0,0,0,0,0,0,0,0
36,550,3,51,1659,21300,1641,21081,0,0,0,0,18,84,135,0,219
36,551,3,51,796,9816,796,9816,0,0,0,0,0,0,0,0,0
36,552,3,51,3776,47700,3741,47143,9,150,0,0,26,175,232,0,407
36,553,3,51,3835,50212,3835,50212,0,0,0,0,0,0,0,0,0
36,554,3,51,890,11490,883,11387,0,0,0,0,7,69,34,0,103
37,532,2,51,343,4396,343,4396,0,0,0,0,0,0,0,0,0
37,533,2,51,6,79,6,79,0,0,0,0,0,0,0,0,0
37,534,2,51,12,139,12,139,0,0,0,0,0,0,0,0,0
37,535,2,51,43,556,43,556,0,0,0,0,0,0,0,0,0
36,537,2,51,45,602,45,602,0,0,0,0,0,0,0,0,0
37,538,2,51,86,1155,86,1155,0,0,0,0,0,0,0,0,0
37,539,2,51,39,478,39,478,0,0,0,0,0,0,0,0,0
37,540,2,51,169,2241,169,2241,0,0,0,0,0,0,0,0,0
37,541,2,51,263,3407,259,3361,0,0,0,0,4,31,12,3,46
36,542,2,51,19,230,19,230,0,0,0,0,0,0,0,0,0
36,543,2,51,47,590,47,590,0,0,0,0,0,0,0,0,0
36,544,2,51,740,9468,739,9450,1,18,0,0,0,0,0,0,0
36,545,2,51,425,5364,425,5364,0,0,0,0,0,0,0,0,0
36,546,2,51,58,724,58,724,0,0,0,0,0,0,0,0,0
36,547,2,51,6,74,6,74,0,0,0,0,0,0,0,0,0
36,548,2,51,7,88,7,88,0,0,0,0,0,0,0,0,0
36,549,2,51,3,40,3,40,0,0,0,0,0,0,0,0,0
36,550,2,51,6,79,6,79,0,0,0,0,0,0,0,0,0
36,551,2,51,5,57,5,57,0,0,0,0,0,0,0,0,0
36,552,2,51,18,209,18,209,0,0,0,0,0,0,0,0,0
36,553,2,51,37,462,37,462,0,0,0,0,0,0,0,0,0
36,554,2,51,3,33,3,33,0,0,0,0,0,0,0,0,0
37,532,99,51,1780,22881,1780,22881,0,0,0,0,0,0,0,0,0
37,533,99,51,387,5004,387,5004,0,0,0,0,0,0,0,0,0
37,534,99,51,935,11931,935,11931,0,0,0,0,0,0,0,0,0
37,535,99,51,1569,20264,1569,20264,0,0,0,0,0,0,0,0,0
36,537,99,51,1240,16209,1240,16209,0,0,0,0,0,0,0,0,0
37,538,99,51,3201,41967,3201,41967,0,0,0,0,0,0,0,0,0
37,539,99,51,2007,25235,2007,25235,0,0,0,0,0,0,0,0,0
37,540,99,51,1507,19725,1507,19725,0,0,0,0,0,0,0,0,0
37,541,99,51,1058,13559,1005,12896,13,171,0,0,40,317,124,50,492
36,542,99,51,345,4403,338,4322,0,0,0,0,7,63,18,0,81
36,543,99,51,504,6542,482,6256,0,0,0,0,22,233,53,0,286
36,544,99,51,997,12802,979,12603,1,18,0,0,17,162,7,12,181
36,545,99,51,886,11415,886,11415,0,0,0,0,0,0,0,0,0
36,546,99,51,770,9612,770,9612,0,0,0,0,0,0,0,0,0
36,547,99,51,611,7718,559,7022,17,244,0,0,35,236,217,0,453
36,548,99,51,501,6493,476,6181,0,0,0,0,25,204,108,0,312
36,549,99,51,1904,24010,1904,24010,0,0,0,0,0,0,0,0,0
36,550,99,51,1767,22856,1749,22637,0,0,0,0,18,84,135,0,219
36,551,99,51,823,10144,823,10144,0,0,0,0,0,0,0,0,0
36,552,99,51,3853,48661,3818,48104,9,150,0,0,26,175,232,0,407
36,553,99,51,4002,52450,4002,52450,0,0,0,0,0,0,0,0,0
36,554,99,51,921,11917,914,11813,0,0,0,0,7,69,34,0,103
37,532,4,43,2,19,2,19,0,0,0,0,0,0,0,0,0
37,533,4,43,2,18,2,18,0,0,0,0,0,0,0,0,0
37,534,4,43,1,9,1,9,0,0,0,0,0,0,0,0,0
37,535,4,43,10,84,10,84,0,0,0,0,0,0,0,0,0
36,537,4,43,9,74,9,74,0,0,0,0,0,0,0,0,0
37,538,4,43,0,0,0,0,0,0,0,0,0,0,0,0,0
37,539,4,43,9,80,9,80,0,0,0,0,0,0,0,0,0
37,540,4,43,0,0,0,0,0,0,0,0,0,0,0,0,0
37,541,4,43,12,108,12,108,0,0,0,0,0,0,0,0,0
36,542,4,43,37,313,37,313,0,0,0,0,0,0,0,0,0
36,543,4,43,15,131,15,131,0,0,0,0,0,0,0,0,0
36,544,4,43,10,87,10,87,0,0,0,0,0,0,0,0,0
36,545,4,43,31,256,31,256,0,0,0,0,0,0,0,0,0
36,546,4,43,37,324,37,324,0,0,0,0,0,0,0,0,0
36,547,4,43,2,17,2,17,0,0,0,0,0,0,0,0,0
36,548,4,43,79,690,79,690,0,0,0,0,0,0,0,0,0
36,549,4,43,13,116,13,116,0,0,0,0,0,0,0,0,0
36,550,4,43,30,263,30,263,0,0,0,0,0,0,0,0,0
36,551,4,43,0,0,0,0,0,0,0,0,0,0,0,0,0
36,552,4,43,6,53,6,53,0,0,0,0,0,0,0,0,0
36,553,4,43,72,627,72,627,0,0,0,0,0,0,0,0,0
36,554,4,43,3,29,3,29,0,0,0,0,0,0,0,0,0
37,532,1,43,231,1967,231,1967,0,0,0,0,0,0,0,0,0
37,533,1,43,18,153,18,153,0,0,0,0,0,0,0,0,0
37,534,1,43,37,311,37,311,0,0,0,0,0,0,0,0,0
37,535,1,43,65,554,65,554,0,0,0,0,0,0,0,0,0
36,537,1,43,53,454,53,454,0,0,0,0,0,0,0,0,0
37,538,1,43,202,1717,202,1717,0,0,0,0,0,0,0,0,0
37,539,1,43,64,542,64,542,0,0,0,0,0,0,0,0,0
37,540,1,43,132,1128,132,1128,0,0,0,0,0,0,0,0,0
37,541,1,43,43,366,42,358,0,0,0,0,1,6,2,0,8
36,542,1,43,2,18,2,18,0,0,0,0,0,0,0,0,0
36,543,1,43,15,129,15,129,0,0,0,0,0,0,0,0,0
36,544,1,43,6,54,6,54,0,0,0,0,0,0,0,0,0
36,545,1,43,18,155,18,155,0,0,0,0,0,0,0,0,0
36,546,1,43,26,217,26,217,0,0,0,0,0,0,0,0,0
36,547,1,43,28,240,21,180,7,60,0,0,0,0,0,0,0
36,548,1,43,48,409,46,397,0,0,0,0,2,10,2,0,12
36,549,1,43,52,434,52,434,0,0,0,0,0,0,0,0,0
36,550,1,43,43,364,43,364,0,0,0,0,0,0,0,0,0
36,551,1,43,11,95,11,95,0,0,0,0,0,0,0,0,0
36,552,1,43,157,1329,157,1329,0,0,0,0,0,0,0,0,0
36,553,1,43,88,755,88,755,0,0,0,0,0,0,0,0,0
36,554,1,43,19,164,19,164,0,0,0,0,0,0,0,0,0
37,532,3,43,1893,16157,1893,16157,0,0,0,0,0,0,0,0,0
37,533,3,43,591,5048,591,5048,0,0,0,0,0,0,0,0,0
37,534,3,43,1386,11798,1386,11798,0,0,0,0,0,0,0,0,0
37,535,3,43,2020,17260,2020,17260,0,0,0,0,0,0,0,0,0
36,537,3,43,1436,12257,1436,12257,0,0,0,0,0,0,0,0,0
37,538,3,43,4569,39154,4569,39154,0,0,0,0,0,0,0,0,0
37,539,3,43,3081,26268,3081,26268,0,0,0,0,0,0,0,0,0
37,540,3,43,1903,16164,1903,16164,0,0,0,0,0,0,0,0,0
37,541,3,43,1269,10914,1216,10470,6,57,0,0,47,211,141,35,387
36,542,3,43,446,3750,426,3580,0,0,0,0,20,134,36,0,171
36,543,3,43,733,6262,693,5918,0,0,0,0,40,214,131,0,345
36,544,3,43,375,3155,365,3065,0,0,0,0,10,77,12,1,90
36,545,3,43,656,5580,650,5529,6,51,0,0,0,0,0,0,0
36,546,3,43,1093,9306,1093,9306,0,0,0,0,0,0,0,0,0
36,547,3,43,1194,10108,1055,8912,36,320,0,0,103,582,294,0,876
36,548,3,43,1054,8916,962,8135,0,0,0,0,92,571,209,0,781
36,549,3,43,3144,26879,3144,26879,0,0,0,0,0,0,0,0,0
36,550,3,43,2063,17566,2045,17411,0,0,0,0,18,92,64,0,156
36,551,3,43,1169,9938,1169,9938,0,0,0,0,0,0,0,0,0
36,552,3,43,5997,51264,5982,51143,4,37,0,0,11,39,25,20,85
36,553,3,43,5571,47707,5571,47707,0,0,0,0,0,0,0,0,0
36,554,3,43,1352,11506,1352,11506,0,0,0,0,0,0,0,0,0
37,532,2,43,621,5271,604,5125,17,146,0,0,0,0,0,0,0
37,533,2,43,10,88,10,88,0,0,0,0,0,0,0,0,0
37,534,2,43,14,116,14,116,0,0,0,0,0,0,0,0,0
37,535,2,43,56,476,56,476,0,0,0,0,0,0,0,0,0
36,537,2,43,42,356,42,356,0,0,0,0,0,0,0,0,0
37,538,2,43,176,1488,176,1488,0,0,0,0,0,0,0,0,0
37,539,2,43,128,1079,128,1079,0,0,0,0,0,0,0,0,0
37,540,2,43,298,2536,298,2536,0,0,0,0,0,0,0,0,0
37,541,2,43,399,3397,395,3361,0,0,0,0,4,19,8,8,36
36,542,2,43,26,222,26,222,0,0,0,0,0,0,0,0,0
36,543,2,43,90,749,90,749,0,0,0,0,0,0,0,0,0
36,544,2,43,1109,9464,1109,9464,0,0,0,0,0,0,0,0,0
36,545,2,43,600,5120,600,5120,0,0,0,0,0,0,0,0,0
36,546,2,43,75,641,75,641,0,0,0,0,0,0,0,0,0
36,547,2,43,8,64,8,64,0,0,0,0,0,0,0,0,0
36,548,2,43,21,172,21,172,0,0,0,0,0,0,0,0,0
36,549,2,43,13,116,13,116,0,0,0,0,0,0,0,0,0
36,550,2,43,12,101,12,101,0,0,0,0,0,0,0,0,0
36,551,2,43,3,24,3,24,0,0,0,0,0,0,0,0,0
36,552,2,43,58,501,58,501,0,0,0,0,0,0,0,0,0
36,553,2,43,56,475,56,475,0,0,0,0,0,0,0,0,0
36,554,2,43,3,25,3,25,0,0,0,0,0,0,0,0,0
37,532,99,43,2747,23413,2730,23267,17,146,0,0,0,0,0,0,0
37,533,99,43,621,5307,621,5307,0,0,0,0,0,0,0,0,0
37,534,99,43,1438,12233,1438,12233,0,0,0,0,0,0,0,0,0
37,535,99,43,2151,18374,2151,18374,0,0,0,0,0,0,0,0,0
36,537,99,43,1540,13141,1540,13141,0,0,0,0,0,0,0,0,0
37,538,99,43,4947,42358,4947,42358,0,0,0,0,0,0,0,0,0
37,539,99,43,3282,27970,3282,27970,0,0,0,0,0,0,0,0,0
37,540,99,43,2333,19828,2333,19828,0,0,0,0,0,0,0,0,0
37,541,99,43,1723,14784,1665,14297,6,57,0,0,52,236,151,44,430
36,542,99,43,511,4304,491,4133,0,0,0,0,20,134,36,0,171
36,543,99,43,853,7271,813,6926,0,0,0,0,40,214,131,0,345
36,544,99,43,1500,12761,1490,12671,0,0,0,0,10,77,12,1,90
36,545,99,43,1305,11112,1299,11060,6,51,0,0,0,0,0,0,0
36,546,99,43,1231,10488,1231,10488,0,0,0,0,0,0,0,0,0
36,547,99,43,1232,10429,1086,9174,43,380,0,0,103,582,294,0,876
36,548,99,43,1202,10188,1108,9395,0,0,0,0,94,581,211,0,793
36,549,99,43,3222,27546,3222,27546,0,0,0,0,0,0,0,0,0
36,550,99,43,2148,18295,2130,18139,0,0,0,0,18,92,64,0,156
36,551,99,43,1183,10057,1183,10057,0,0,0,0,0,0,0,0,0
36,552,99,43,6218,53147,6203,53026,4,37,0,0,11,39,25,20,85
36,553,99,43,5787,49565,5787,49565,0,0,0,0,0,0,0,0,0
36,554,99,43,1377,11723,1377,11723,0,0,0,0,0,0,0,0,0
